Lower tier local authorities Code,Lower tier local authorities,Sex (2 categories) Code,Sex (2 categories),Age (23 categories) Code,Age (23 categories),Observation
E06000001,Hartlepool,1,Female,1,Aged 2 years and under,1417
E06000001,Hartlepool,1,Female,2,Aged 3 to 4 years,995
E06000001,Hartlepool,1,Female,3,Aged 5 to 7 years,1584
E06000001,Hartlepool,1,Female,4,Aged 8 to 9 years,1153
E06000001,Hartlepool,1,Female,5,Aged 10 to 14 years,2869
E06000001,Hartlepool,1,Female,6,Aged 15 years,571
E06000001,Hartlepool,1,Female,7,Aged 16 to 17 years,1096
E06000001,Hartlepool,1,Female,8,Aged 18 to 19 years,856
E06000001,Hartlepool,1,Female,9,Aged 20 to 24 years,2620
E06000001,Hartlepool,1,Female,10,Aged 25 to 29 years,2888
E06000001,Hartlepool,1,Female,11,Aged 30 to 34 years,3150
E06000001,Hartlepool,1,Female,12,Aged 35 to 39 years,2882
E06000001,Hartlepool,1,Female,13,Aged 40 to 44 years,2638
E06000001,Hartlepool,1,Female,14,Aged 45 to 49 years,2732
E06000001,Hartlepool,1,Female,15,Aged 50 to 54 years,3457
E06000001,Hartlepool,1,Female,16,Aged 55 to 59 years,3701
E06000001,Hartlepool,1,Female,17,Aged 60 to 64 years,3139
E06000001,Hartlepool,1,Female,18,Aged 65 years,572
E06000001,Hartlepool,1,Female,19,Aged 66 to 69 years,2099
E06000001,Hartlepool,1,Female,20,Aged 70 to 74 years,2636
E06000001,Hartlepool,1,Female,21,Aged 75 to 79 years,1751
E06000001,Hartlepool,1,Female,22,Aged 80 to 84 years,1440
E06000001,Hartlepool,1,Female,23,Aged 85 years and over,1407
E06000001,Hartlepool,2,Male,1,Aged 2 years and under,1501
E06000001,Hartlepool,2,Male,2,Aged 3 to 4 years,1069
E06000001,Hartlepool,2,Male,3,Aged 5 to 7 years,1654
E06000001,Hartlepool,2,Male,4,Aged 8 to 9 years,1191
E06000001,Hartlepool,2,Male,5,Aged 10 to 14 years,3051
E06000001,Hartlepool,2,Male,6,Aged 15 years,597
E06000001,Hartlepool,2,Male,7,Aged 16 to 17 years,1080
E06000001,Hartlepool,2,Male,8,Aged 18 to 19 years,980
E06000001,Hartlepool,2,Male,9,Aged 20 to 24 years,2490
E06000001,Hartlepool,2,Male,10,Aged 25 to 29 years,2607
E06000001,Hartlepool,2,Male,11,Aged 30 to 34 years,2734
E06000001,Hartlepool,2,Male,12,Aged 35 to 39 years,2581
E06000001,Hartlepool,2,Male,13,Aged 40 to 44 years,2427
E06000001,Hartlepool,2,Male,14,Aged 45 to 49 years,2685
E06000001,Hartlepool,2,Male,15,Aged 50 to 54 years,3122
E06000001,Hartlepool,2,Male,16,Aged 55 to 59 years,3431
E06000001,Hartlepool,2,Male,17,Aged 60 to 64 years,3158
E06000001,Hartlepool,2,Male,18,Aged 65 years,548
E06000001,Hartlepool,2,Male,19,Aged 66 to 69 years,2027
E06000001,Hartlepool,2,Male,20,Aged 70 to 74 years,2448
E06000001,Hartlepool,2,Male,21,Aged 75 to 79 years,1470
E06000001,Hartlepool,2,Male,22,Aged 80 to 84 years,1023
E06000001,Hartlepool,2,Male,23,Aged 85 years and over,810
E06000002,Middlesbrough,1,Female,1,Aged 2 years and under,2535
E06000002,Middlesbrough,1,Female,2,Aged 3 to 4 years,1863
E06000002,Middlesbrough,1,Female,3,Aged 5 to 7 years,2725
E06000002,Middlesbrough,1,Female,4,Aged 8 to 9 years,1999
E06000002,Middlesbrough,1,Female,5,Aged 10 to 14 years,4613
E06000002,Middlesbrough,1,Female,6,Aged 15 years,903
E06000002,Middlesbrough,1,Female,7,Aged 16 to 17 years,1722
E06000002,Middlesbrough,1,Female,8,Aged 18 to 19 years,1534
E06000002,Middlesbrough,1,Female,9,Aged 20 to 24 years,4846
E06000002,Middlesbrough,1,Female,10,Aged 25 to 29 years,5190
E06000002,Middlesbrough,1,Female,11,Aged 30 to 34 years,5239
E06000002,Middlesbrough,1,Female,12,Aged 35 to 39 years,4803
E06000002,Middlesbrough,1,Female,13,Aged 40 to 44 years,4085
E06000002,Middlesbrough,1,Female,14,Aged 45 to 49 years,4024
E06000002,Middlesbrough,1,Female,15,Aged 50 to 54 years,4524
E06000002,Middlesbrough,1,Female,16,Aged 55 to 59 years,4776
E06000002,Middlesbrough,1,Female,17,Aged 60 to 64 years,4473
E06000002,Middlesbrough,1,Female,18,Aged 65 years,814
E06000002,Middlesbrough,1,Female,19,Aged 66 to 69 years,2902
E06000002,Middlesbrough,1,Female,20,Aged 70 to 74 years,3355
E06000002,Middlesbrough,1,Female,21,Aged 75 to 79 years,2314
E06000002,Middlesbrough,1,Female,22,Aged 80 to 84 years,1887
E06000002,Middlesbrough,1,Female,23,Aged 85 years and over,1912
E06000002,Middlesbrough,2,Male,1,Aged 2 years and under,2572
E06000002,Middlesbrough,2,Male,2,Aged 3 to 4 years,1957
E06000002,Middlesbrough,2,Male,3,Aged 5 to 7 years,3006
E06000002,Middlesbrough,2,Male,4,Aged 8 to 9 years,2066
E06000002,Middlesbrough,2,Male,5,Aged 10 to 14 years,4852
E06000002,Middlesbrough,2,Male,6,Aged 15 years,895
E06000002,Middlesbrough,2,Male,7,Aged 16 to 17 years,1761
E06000002,Middlesbrough,2,Male,8,Aged 18 to 19 years,1759
E06000002,Middlesbrough,2,Male,9,Aged 20 to 24 years,5325
E06000002,Middlesbrough,2,Male,10,Aged 25 to 29 years,5132
E06000002,Middlesbrough,2,Male,11,Aged 30 to 34 years,5081
E06000002,Middlesbrough,2,Male,12,Aged 35 to 39 years,4574
E06000002,Middlesbrough,2,Male,13,Aged 40 to 44 years,3957
E06000002,Middlesbrough,2,Male,14,Aged 45 to 49 years,3906
E06000002,Middlesbrough,2,Male,15,Aged 50 to 54 years,4212
E06000002,Middlesbrough,2,Male,16,Aged 55 to 59 years,4592
E06000002,Middlesbrough,2,Male,17,Aged 60 to 64 years,4247
E06000002,Middlesbrough,2,Male,18,Aged 65 years,715
E06000002,Middlesbrough,2,Male,19,Aged 66 to 69 years,2777
E06000002,Middlesbrough,2,Male,20,Aged 70 to 74 years,3107
E06000002,Middlesbrough,2,Male,21,Aged 75 to 79 years,1986
E06000002,Middlesbrough,2,Male,22,Aged 80 to 84 years,1349
E06000002,Middlesbrough,2,Male,23,Aged 85 years and over,1060
E06000003,Redcar and Cleveland,1,Female,1,Aged 2 years and under,1931
E06000003,Redcar and Cleveland,1,Female,2,Aged 3 to 4 years,1452
E06000003,Redcar and Cleveland,1,Female,3,Aged 5 to 7 years,2193
E06000003,Redcar and Cleveland,1,Female,4,Aged 8 to 9 years,1623
E06000003,Redcar and Cleveland,1,Female,5,Aged 10 to 14 years,3894
E06000003,Redcar and Cleveland,1,Female,6,Aged 15 years,734
E06000003,Redcar and Cleveland,1,Female,7,Aged 16 to 17 years,1450
E06000003,Redcar and Cleveland,1,Female,8,Aged 18 to 19 years,1193
E06000003,Redcar and Cleveland,1,Female,9,Aged 20 to 24 years,3305
E06000003,Redcar and Cleveland,1,Female,10,Aged 25 to 29 years,3852
E06000003,Redcar and Cleveland,1,Female,11,Aged 30 to 34 years,4222
E06000003,Redcar and Cleveland,1,Female,12,Aged 35 to 39 years,4051
E06000003,Redcar and Cleveland,1,Female,13,Aged 40 to 44 years,3797
E06000003,Redcar and Cleveland,1,Female,14,Aged 45 to 49 years,4073
E06000003,Redcar and Cleveland,1,Female,15,Aged 50 to 54 years,5191
E06000003,Redcar and Cleveland,1,Female,16,Aged 55 to 59 years,5496
E06000003,Redcar and Cleveland,1,Female,17,Aged 60 to 64 years,4853
E06000003,Redcar and Cleveland,1,Female,18,Aged 65 years,901
E06000003,Redcar and Cleveland,1,Female,19,Aged 66 to 69 years,3491
E06000003,Redcar and Cleveland,1,Female,20,Aged 70 to 74 years,4589
E06000003,Redcar and Cleveland,1,Female,21,Aged 75 to 79 years,3351
E06000003,Redcar and Cleveland,1,Female,22,Aged 80 to 84 years,2494
E06000003,Redcar and Cleveland,1,Female,23,Aged 85 years and over,2310
E06000003,Redcar and Cleveland,2,Male,1,Aged 2 years and under,1946
E06000003,Redcar and Cleveland,2,Male,2,Aged 3 to 4 years,1486
E06000003,Redcar and Cleveland,2,Male,3,Aged 5 to 7 years,2284
E06000003,Redcar and Cleveland,2,Male,4,Aged 8 to 9 years,1774
E06000003,Redcar and Cleveland,2,Male,5,Aged 10 to 14 years,4099
E06000003,Redcar and Cleveland,2,Male,6,Aged 15 years,774
E06000003,Redcar and Cleveland,2,Male,7,Aged 16 to 17 years,1616
E06000003,Redcar and Cleveland,2,Male,8,Aged 18 to 19 years,1357
E06000003,Redcar and Cleveland,2,Male,9,Aged 20 to 24 years,3270
E06000003,Redcar and Cleveland,2,Male,10,Aged 25 to 29 years,3609
E06000003,Redcar and Cleveland,2,Male,11,Aged 30 to 34 years,3687
E06000003,Redcar and Cleveland,2,Male,12,Aged 35 to 39 years,3553
E06000003,Redcar and Cleveland,2,Male,13,Aged 40 to 44 years,3454
E06000003,Redcar and Cleveland,2,Male,14,Aged 45 to 49 years,3876
E06000003,Redcar and Cleveland,2,Male,15,Aged 50 to 54 years,4821
E06000003,Redcar and Cleveland,2,Male,16,Aged 55 to 59 years,5158
E06000003,Redcar and Cleveland,2,Male,17,Aged 60 to 64 years,4711
E06000003,Redcar and Cleveland,2,Male,18,Aged 65 years,861
E06000003,Redcar and Cleveland,2,Male,19,Aged 66 to 69 years,3244
E06000003,Redcar and Cleveland,2,Male,20,Aged 70 to 74 years,4086
E06000003,Redcar and Cleveland,2,Male,21,Aged 75 to 79 years,2990
E06000003,Redcar and Cleveland,2,Male,22,Aged 80 to 84 years,1984
E06000003,Redcar and Cleveland,2,Male,23,Aged 85 years and over,1445
E06000004,Stockton-on-Tees,1,Female,1,Aged 2 years and under,3048
E06000004,Stockton-on-Tees,1,Female,2,Aged 3 to 4 years,2256
E06000004,Stockton-on-Tees,1,Female,3,Aged 5 to 7 years,3430
E06000004,Stockton-on-Tees,1,Female,4,Aged 8 to 9 years,2578
E06000004,Stockton-on-Tees,1,Female,5,Aged 10 to 14 years,6414
E06000004,Stockton-on-Tees,1,Female,6,Aged 15 years,1180
E06000004,Stockton-on-Tees,1,Female,7,Aged 16 to 17 years,2302
E06000004,Stockton-on-Tees,1,Female,8,Aged 18 to 19 years,1649
E06000004,Stockton-on-Tees,1,Female,9,Aged 20 to 24 years,4753
E06000004,Stockton-on-Tees,1,Female,10,Aged 25 to 29 years,6068
E06000004,Stockton-on-Tees,1,Female,11,Aged 30 to 34 years,6777
E06000004,Stockton-on-Tees,1,Female,12,Aged 35 to 39 years,6649
E06000004,Stockton-on-Tees,1,Female,13,Aged 40 to 44 years,6036
E06000004,Stockton-on-Tees,1,Female,14,Aged 45 to 49 years,6144
E06000004,Stockton-on-Tees,1,Female,15,Aged 50 to 54 years,7006
E06000004,Stockton-on-Tees,1,Female,16,Aged 55 to 59 years,7257
E06000004,Stockton-on-Tees,1,Female,17,Aged 60 to 64 years,6521
E06000004,Stockton-on-Tees,1,Female,18,Aged 65 years,1159
E06000004,Stockton-on-Tees,1,Female,19,Aged 66 to 69 years,4359
E06000004,Stockton-on-Tees,1,Female,20,Aged 70 to 74 years,5324
E06000004,Stockton-on-Tees,1,Female,21,Aged 75 to 79 years,3651
E06000004,Stockton-on-Tees,1,Female,22,Aged 80 to 84 years,2786
E06000004,Stockton-on-Tees,1,Female,23,Aged 85 years and over,2725
E06000004,Stockton-on-Tees,2,Male,1,Aged 2 years and under,3096
E06000004,Stockton-on-Tees,2,Male,2,Aged 3 to 4 years,2333
E06000004,Stockton-on-Tees,2,Male,3,Aged 5 to 7 years,3689
E06000004,Stockton-on-Tees,2,Male,4,Aged 8 to 9 years,2731
E06000004,Stockton-on-Tees,2,Male,5,Aged 10 to 14 years,6607
E06000004,Stockton-on-Tees,2,Male,6,Aged 15 years,1222
E06000004,Stockton-on-Tees,2,Male,7,Aged 16 to 17 years,2378
E06000004,Stockton-on-Tees,2,Male,8,Aged 18 to 19 years,1886
E06000004,Stockton-on-Tees,2,Male,9,Aged 20 to 24 years,4936
E06000004,Stockton-on-Tees,2,Male,10,Aged 25 to 29 years,5850
E06000004,Stockton-on-Tees,2,Male,11,Aged 30 to 34 years,6358
E06000004,Stockton-on-Tees,2,Male,12,Aged 35 to 39 years,6403
E06000004,Stockton-on-Tees,2,Male,13,Aged 40 to 44 years,5930
E06000004,Stockton-on-Tees,2,Male,14,Aged 45 to 49 years,6031
E06000004,Stockton-on-Tees,2,Male,15,Aged 50 to 54 years,6926
E06000004,Stockton-on-Tees,2,Male,16,Aged 55 to 59 years,6753
E06000004,Stockton-on-Tees,2,Male,17,Aged 60 to 64 years,6213
E06000004,Stockton-on-Tees,2,Male,18,Aged 65 years,1160
E06000004,Stockton-on-Tees,2,Male,19,Aged 66 to 69 years,4115
E06000004,Stockton-on-Tees,2,Male,20,Aged 70 to 74 years,4929
E06000004,Stockton-on-Tees,2,Male,21,Aged 75 to 79 years,3219
E06000004,Stockton-on-Tees,2,Male,22,Aged 80 to 84 years,2168
E06000004,Stockton-on-Tees,2,Male,23,Aged 85 years and over,1587
E06000005,Darlington,1,Female,1,Aged 2 years and under,1591
E06000005,Darlington,1,Female,2,Aged 3 to 4 years,1139
E06000005,Darlington,1,Female,3,Aged 5 to 7 years,1758
E06000005,Darlington,1,Female,4,Aged 8 to 9 years,1289
E06000005,Darlington,1,Female,5,Aged 10 to 14 years,3258
E06000005,Darlington,1,Female,6,Aged 15 years,619
E06000005,Darlington,1,Female,7,Aged 16 to 17 years,1200
E06000005,Darlington,1,Female,8,Aged 18 to 19 years,935
E06000005,Darlington,1,Female,9,Aged 20 to 24 years,2771
E06000005,Darlington,1,Female,10,Aged 25 to 29 years,3269
E06000005,Darlington,1,Female,11,Aged 30 to 34 years,3623
E06000005,Darlington,1,Female,12,Aged 35 to 39 years,3395
E06000005,Darlington,1,Female,13,Aged 40 to 44 years,3319
E06000005,Darlington,1,Female,14,Aged 45 to 49 years,3579
E06000005,Darlington,1,Female,15,Aged 50 to 54 years,3937
E06000005,Darlington,1,Female,16,Aged 55 to 59 years,3970
E06000005,Darlington,1,Female,17,Aged 60 to 64 years,3615
E06000005,Darlington,1,Female,18,Aged 65 years,627
E06000005,Darlington,1,Female,19,Aged 66 to 69 years,2366
E06000005,Darlington,1,Female,20,Aged 70 to 74 years,3149
E06000005,Darlington,1,Female,21,Aged 75 to 79 years,2194
E06000005,Darlington,1,Female,22,Aged 80 to 84 years,1762
E06000005,Darlington,1,Female,23,Aged 85 years and over,1762
E06000005,Darlington,2,Male,1,Aged 2 years and under,1605
E06000005,Darlington,2,Male,2,Aged 3 to 4 years,1158
E06000005,Darlington,2,Male,3,Aged 5 to 7 years,1947
E06000005,Darlington,2,Male,4,Aged 8 to 9 years,1335
E06000005,Darlington,2,Male,5,Aged 10 to 14 years,3368
E06000005,Darlington,2,Male,6,Aged 15 years,624
E06000005,Darlington,2,Male,7,Aged 16 to 17 years,1341
E06000005,Darlington,2,Male,8,Aged 18 to 19 years,1066
E06000005,Darlington,2,Male,9,Aged 20 to 24 years,2655
E06000005,Darlington,2,Male,10,Aged 25 to 29 years,3110
E06000005,Darlington,2,Male,11,Aged 30 to 34 years,3345
E06000005,Darlington,2,Male,12,Aged 35 to 39 years,3167
E06000005,Darlington,2,Male,13,Aged 40 to 44 years,3323
E06000005,Darlington,2,Male,14,Aged 45 to 49 years,3340
E06000005,Darlington,2,Male,15,Aged 50 to 54 years,3833
E06000005,Darlington,2,Male,16,Aged 55 to 59 years,3885
E06000005,Darlington,2,Male,17,Aged 60 to 64 years,3392
E06000005,Darlington,2,Male,18,Aged 65 years,658
E06000005,Darlington,2,Male,19,Aged 66 to 69 years,2307
E06000005,Darlington,2,Male,20,Aged 70 to 74 years,2831
E06000005,Darlington,2,Male,21,Aged 75 to 79 years,1955
E06000005,Darlington,2,Male,22,Aged 80 to 84 years,1359
E06000005,Darlington,2,Male,23,Aged 85 years and over,1070
E06000006,Halton,1,Female,1,Aged 2 years and under,1930
E06000006,Halton,1,Female,2,Aged 3 to 4 years,1409
E06000006,Halton,1,Female,3,Aged 5 to 7 years,2257
E06000006,Halton,1,Female,4,Aged 8 to 9 years,1593
E06000006,Halton,1,Female,5,Aged 10 to 14 years,3977
E06000006,Halton,1,Female,6,Aged 15 years,783
E06000006,Halton,1,Female,7,Aged 16 to 17 years,1413
E06000006,Halton,1,Female,8,Aged 18 to 19 years,1240
E06000006,Halton,1,Female,9,Aged 20 to 24 years,3291
E06000006,Halton,1,Female,10,Aged 25 to 29 years,4109
E06000006,Halton,1,Female,11,Aged 30 to 34 years,4558
E06000006,Halton,1,Female,12,Aged 35 to 39 years,4341
E06000006,Halton,1,Female,13,Aged 40 to 44 years,4084
E06000006,Halton,1,Female,14,Aged 45 to 49 years,4237
E06000006,Halton,1,Female,15,Aged 50 to 54 years,4602
E06000006,Halton,1,Female,16,Aged 55 to 59 years,4636
E06000006,Halton,1,Female,17,Aged 60 to 64 years,4265
E06000006,Halton,1,Female,18,Aged 65 years,772
E06000006,Halton,1,Female,19,Aged 66 to 69 years,3013
E06000006,Halton,1,Female,20,Aged 70 to 74 years,3692
E06000006,Halton,1,Female,21,Aged 75 to 79 years,2223
E06000006,Halton,1,Female,22,Aged 80 to 84 years,1593
E06000006,Halton,1,Female,23,Aged 85 years and over,1527
E06000006,Halton,2,Male,1,Aged 2 years and under,2114
E06000006,Halton,2,Male,2,Aged 3 to 4 years,1501
E06000006,Halton,2,Male,3,Aged 5 to 7 years,2327
E06000006,Halton,2,Male,4,Aged 8 to 9 years,1716
E06000006,Halton,2,Male,5,Aged 10 to 14 years,4084
E06000006,Halton,2,Male,6,Aged 15 years,836
E06000006,Halton,2,Male,7,Aged 16 to 17 years,1576
E06000006,Halton,2,Male,8,Aged 18 to 19 years,1302
E06000006,Halton,2,Male,9,Aged 20 to 24 years,3413
E06000006,Halton,2,Male,10,Aged 25 to 29 years,3854
E06000006,Halton,2,Male,11,Aged 30 to 34 years,3957
E06000006,Halton,2,Male,12,Aged 35 to 39 years,4201
E06000006,Halton,2,Male,13,Aged 40 to 44 years,3907
E06000006,Halton,2,Male,14,Aged 45 to 49 years,4091
E06000006,Halton,2,Male,15,Aged 50 to 54 years,4484
E06000006,Halton,2,Male,16,Aged 55 to 59 years,4509
E06000006,Halton,2,Male,17,Aged 60 to 64 years,3919
E06000006,Halton,2,Male,18,Aged 65 years,704
E06000006,Halton,2,Male,19,Aged 66 to 69 years,2765
E06000006,Halton,2,Male,20,Aged 70 to 74 years,3412
E06000006,Halton,2,Male,21,Aged 75 to 79 years,2070
E06000006,Halton,2,Male,22,Aged 80 to 84 years,1274
E06000006,Halton,2,Male,23,Aged 85 years and over,914
E06000007,Warrington,1,Female,1,Aged 2 years and under,3060
E06000007,Warrington,1,Female,2,Aged 3 to 4 years,2122
E06000007,Warrington,1,Female,3,Aged 5 to 7 years,3532
E06000007,Warrington,1,Female,4,Aged 8 to 9 years,2443
E06000007,Warrington,1,Female,5,Aged 10 to 14 years,6256
E06000007,Warrington,1,Female,6,Aged 15 years,1182
E06000007,Warrington,1,Female,7,Aged 16 to 17 years,2394
E06000007,Warrington,1,Female,8,Aged 18 to 19 years,1799
E06000007,Warrington,1,Female,9,Aged 20 to 24 years,5083
E06000007,Warrington,1,Female,10,Aged 25 to 29 years,6213
E06000007,Warrington,1,Female,11,Aged 30 to 34 years,7062
E06000007,Warrington,1,Female,12,Aged 35 to 39 years,7198
E06000007,Warrington,1,Female,13,Aged 40 to 44 years,6858
E06000007,Warrington,1,Female,14,Aged 45 to 49 years,7103
E06000007,Warrington,1,Female,15,Aged 50 to 54 years,8051
E06000007,Warrington,1,Female,16,Aged 55 to 59 years,7983
E06000007,Warrington,1,Female,17,Aged 60 to 64 years,6437
E06000007,Warrington,1,Female,18,Aged 65 years,1119
E06000007,Warrington,1,Female,19,Aged 66 to 69 years,4349
E06000007,Warrington,1,Female,20,Aged 70 to 74 years,5612
E06000007,Warrington,1,Female,21,Aged 75 to 79 years,4435
E06000007,Warrington,1,Female,22,Aged 80 to 84 years,3280
E06000007,Warrington,1,Female,23,Aged 85 years and over,2954
E06000007,Warrington,2,Male,1,Aged 2 years and under,3212
E06000007,Warrington,2,Male,2,Aged 3 to 4 years,2237
E06000007,Warrington,2,Male,3,Aged 5 to 7 years,3742
E06000007,Warrington,2,Male,4,Aged 8 to 9 years,2645
E06000007,Warrington,2,Male,5,Aged 10 to 14 years,6563
E06000007,Warrington,2,Male,6,Aged 15 years,1261
E06000007,Warrington,2,Male,7,Aged 16 to 17 years,2475
E06000007,Warrington,2,Male,8,Aged 18 to 19 years,2015
E06000007,Warrington,2,Male,9,Aged 20 to 24 years,5421
E06000007,Warrington,2,Male,10,Aged 25 to 29 years,6297
E06000007,Warrington,2,Male,11,Aged 30 to 34 years,6867
E06000007,Warrington,2,Male,12,Aged 35 to 39 years,7000
E06000007,Warrington,2,Male,13,Aged 40 to 44 years,6797
E06000007,Warrington,2,Male,14,Aged 45 to 49 years,7216
E06000007,Warrington,2,Male,15,Aged 50 to 54 years,8023
E06000007,Warrington,2,Male,16,Aged 55 to 59 years,7898
E06000007,Warrington,2,Male,17,Aged 60 to 64 years,6367
E06000007,Warrington,2,Male,18,Aged 65 years,1140
E06000007,Warrington,2,Male,19,Aged 66 to 69 years,4111
E06000007,Warrington,2,Male,20,Aged 70 to 74 years,5111
E06000007,Warrington,2,Male,21,Aged 75 to 79 years,3771
E06000007,Warrington,2,Male,22,Aged 80 to 84 years,2530
E06000007,Warrington,2,Male,23,Aged 85 years and over,1749
E06000008,Blackburn with Darwen,1,Female,1,Aged 2 years and under,3032
E06000008,Blackburn with Darwen,1,Female,2,Aged 3 to 4 years,2012
E06000008,Blackburn with Darwen,1,Female,3,Aged 5 to 7 years,3213
E06000008,Blackburn with Darwen,1,Female,4,Aged 8 to 9 years,2252
E06000008,Blackburn with Darwen,1,Female,5,Aged 10 to 14 years,5828
E06000008,Blackburn with Darwen,1,Female,6,Aged 15 years,1111
E06000008,Blackburn with Darwen,1,Female,7,Aged 16 to 17 years,2190
E06000008,Blackburn with Darwen,1,Female,8,Aged 18 to 19 years,1932
E06000008,Blackburn with Darwen,1,Female,9,Aged 20 to 24 years,4663
E06000008,Blackburn with Darwen,1,Female,10,Aged 25 to 29 years,5063
E06000008,Blackburn with Darwen,1,Female,11,Aged 30 to 34 years,5538
E06000008,Blackburn with Darwen,1,Female,12,Aged 35 to 39 years,5626
E06000008,Blackburn with Darwen,1,Female,13,Aged 40 to 44 years,4992
E06000008,Blackburn with Darwen,1,Female,14,Aged 45 to 49 years,4959
E06000008,Blackburn with Darwen,1,Female,15,Aged 50 to 54 years,5119
E06000008,Blackburn with Darwen,1,Female,16,Aged 55 to 59 years,4659
E06000008,Blackburn with Darwen,1,Female,17,Aged 60 to 64 years,3965
E06000008,Blackburn with Darwen,1,Female,18,Aged 65 years,698
E06000008,Blackburn with Darwen,1,Female,19,Aged 66 to 69 years,2648
E06000008,Blackburn with Darwen,1,Female,20,Aged 70 to 74 years,3160
E06000008,Blackburn with Darwen,1,Female,21,Aged 75 to 79 years,2169
E06000008,Blackburn with Darwen,1,Female,22,Aged 80 to 84 years,1578
E06000008,Blackburn with Darwen,1,Female,23,Aged 85 years and over,1635
E06000008,Blackburn with Darwen,2,Male,1,Aged 2 years and under,2991
E06000008,Blackburn with Darwen,2,Male,2,Aged 3 to 4 years,2021
E06000008,Blackburn with Darwen,2,Male,3,Aged 5 to 7 years,3324
E06000008,Blackburn with Darwen,2,Male,4,Aged 8 to 9 years,2373
E06000008,Blackburn with Darwen,2,Male,5,Aged 10 to 14 years,5905
E06000008,Blackburn with Darwen,2,Male,6,Aged 15 years,1169
E06000008,Blackburn with Darwen,2,Male,7,Aged 16 to 17 years,2372
E06000008,Blackburn with Darwen,2,Male,8,Aged 18 to 19 years,2084
E06000008,Blackburn with Darwen,2,Male,9,Aged 20 to 24 years,4788
E06000008,Blackburn with Darwen,2,Male,10,Aged 25 to 29 years,5000
E06000008,Blackburn with Darwen,2,Male,11,Aged 30 to 34 years,5105
E06000008,Blackburn with Darwen,2,Male,12,Aged 35 to 39 years,5164
E06000008,Blackburn with Darwen,2,Male,13,Aged 40 to 44 years,5030
E06000008,Blackburn with Darwen,2,Male,14,Aged 45 to 49 years,4930
E06000008,Blackburn with Darwen,2,Male,15,Aged 50 to 54 years,5184
E06000008,Blackburn with Darwen,2,Male,16,Aged 55 to 59 years,4701
E06000008,Blackburn with Darwen,2,Male,17,Aged 60 to 64 years,4041
E06000008,Blackburn with Darwen,2,Male,18,Aged 65 years,744
E06000008,Blackburn with Darwen,2,Male,19,Aged 66 to 69 years,2588
E06000008,Blackburn with Darwen,2,Male,20,Aged 70 to 74 years,3043
E06000008,Blackburn with Darwen,2,Male,21,Aged 75 to 79 years,1917
E06000008,Blackburn with Darwen,2,Male,22,Aged 80 to 84 years,1270
E06000008,Blackburn with Darwen,2,Male,23,Aged 85 years and over,951
E06000009,Blackpool,1,Female,1,Aged 2 years and under,2138
E06000009,Blackpool,1,Female,2,Aged 3 to 4 years,1507
E06000009,Blackpool,1,Female,3,Aged 5 to 7 years,2275
E06000009,Blackpool,1,Female,4,Aged 8 to 9 years,1583
E06000009,Blackpool,1,Female,5,Aged 10 to 14 years,3790
E06000009,Blackpool,1,Female,6,Aged 15 years,750
E06000009,Blackpool,1,Female,7,Aged 16 to 17 years,1556
E06000009,Blackpool,1,Female,8,Aged 18 to 19 years,1239
E06000009,Blackpool,1,Female,9,Aged 20 to 24 years,3751
E06000009,Blackpool,1,Female,10,Aged 25 to 29 years,4513
E06000009,Blackpool,1,Female,11,Aged 30 to 34 years,4927
E06000009,Blackpool,1,Female,12,Aged 35 to 39 years,4359
E06000009,Blackpool,1,Female,13,Aged 40 to 44 years,3866
E06000009,Blackpool,1,Female,14,Aged 45 to 49 years,4327
E06000009,Blackpool,1,Female,15,Aged 50 to 54 years,5204
E06000009,Blackpool,1,Female,16,Aged 55 to 59 years,5423
E06000009,Blackpool,1,Female,17,Aged 60 to 64 years,4587
E06000009,Blackpool,1,Female,18,Aged 65 years,834
E06000009,Blackpool,1,Female,19,Aged 66 to 69 years,2979
E06000009,Blackpool,1,Female,20,Aged 70 to 74 years,4008
E06000009,Blackpool,1,Female,21,Aged 75 to 79 years,3109
E06000009,Blackpool,1,Female,22,Aged 80 to 84 years,2334
E06000009,Blackpool,1,Female,23,Aged 85 years and over,2353
E06000009,Blackpool,2,Male,1,Aged 2 years and under,2196
E06000009,Blackpool,2,Male,2,Aged 3 to 4 years,1520
E06000009,Blackpool,2,Male,3,Aged 5 to 7 years,2415
E06000009,Blackpool,2,Male,4,Aged 8 to 9 years,1632
E06000009,Blackpool,2,Male,5,Aged 10 to 14 years,4074
E06000009,Blackpool,2,Male,6,Aged 15 years,818
E06000009,Blackpool,2,Male,7,Aged 16 to 17 years,1639
E06000009,Blackpool,2,Male,8,Aged 18 to 19 years,1388
E06000009,Blackpool,2,Male,9,Aged 20 to 24 years,3695
E06000009,Blackpool,2,Male,10,Aged 25 to 29 years,4059
E06000009,Blackpool,2,Male,11,Aged 30 to 34 years,4572
E06000009,Blackpool,2,Male,12,Aged 35 to 39 years,4164
E06000009,Blackpool,2,Male,13,Aged 40 to 44 years,3852
E06000009,Blackpool,2,Male,14,Aged 45 to 49 years,4291
E06000009,Blackpool,2,Male,15,Aged 50 to 54 years,5335
E06000009,Blackpool,2,Male,16,Aged 55 to 59 years,5570
E06000009,Blackpool,2,Male,17,Aged 60 to 64 years,4831
E06000009,Blackpool,2,Male,18,Aged 65 years,896
E06000009,Blackpool,2,Male,19,Aged 66 to 69 years,2965
E06000009,Blackpool,2,Male,20,Aged 70 to 74 years,3859
E06000009,Blackpool,2,Male,21,Aged 75 to 79 years,2712
E06000009,Blackpool,2,Male,22,Aged 80 to 84 years,1806
E06000009,Blackpool,2,Male,23,Aged 85 years and over,1338
E06000010,Kingston upon Hull,1,Female,1,Aged 2 years and under,4658
E06000010,Kingston upon Hull,1,Female,2,Aged 3 to 4 years,3130
E06000010,Kingston upon Hull,1,Female,3,Aged 5 to 7 years,4941
E06000010,Kingston upon Hull,1,Female,4,Aged 8 to 9 years,3553
E06000010,Kingston upon Hull,1,Female,5,Aged 10 to 14 years,8159
E06000010,Kingston upon Hull,1,Female,6,Aged 15 years,1566
E06000010,Kingston upon Hull,1,Female,7,Aged 16 to 17 years,2827
E06000010,Kingston upon Hull,1,Female,8,Aged 18 to 19 years,3068
E06000010,Kingston upon Hull,1,Female,9,Aged 20 to 24 years,9646
E06000010,Kingston upon Hull,1,Female,10,Aged 25 to 29 years,10311
E06000010,Kingston upon Hull,1,Female,11,Aged 30 to 34 years,10619
E06000010,Kingston upon Hull,1,Female,12,Aged 35 to 39 years,9298
E06000010,Kingston upon Hull,1,Female,13,Aged 40 to 44 years,7707
E06000010,Kingston upon Hull,1,Female,14,Aged 45 to 49 years,7967
E06000010,Kingston upon Hull,1,Female,15,Aged 50 to 54 years,8418
E06000010,Kingston upon Hull,1,Female,16,Aged 55 to 59 years,8552
E06000010,Kingston upon Hull,1,Female,17,Aged 60 to 64 years,7479
E06000010,Kingston upon Hull,1,Female,18,Aged 65 years,1283
E06000010,Kingston upon Hull,1,Female,19,Aged 66 to 69 years,4841
E06000010,Kingston upon Hull,1,Female,20,Aged 70 to 74 years,5809
E06000010,Kingston upon Hull,1,Female,21,Aged 75 to 79 years,3813
E06000010,Kingston upon Hull,1,Female,22,Aged 80 to 84 years,2965
E06000010,Kingston upon Hull,1,Female,23,Aged 85 years and over,3172
E06000010,Kingston upon Hull,2,Male,1,Aged 2 years and under,4780
E06000010,Kingston upon Hull,2,Male,2,Aged 3 to 4 years,3386
E06000010,Kingston upon Hull,2,Male,3,Aged 5 to 7 years,5141
E06000010,Kingston upon Hull,2,Male,4,Aged 8 to 9 years,3708
E06000010,Kingston upon Hull,2,Male,5,Aged 10 to 14 years,8577
E06000010,Kingston upon Hull,2,Male,6,Aged 15 years,1538
E06000010,Kingston upon Hull,2,Male,7,Aged 16 to 17 years,3201
E06000010,Kingston upon Hull,2,Male,8,Aged 18 to 19 years,3284
E06000010,Kingston upon Hull,2,Male,9,Aged 20 to 24 years,9780
E06000010,Kingston upon Hull,2,Male,10,Aged 25 to 29 years,9909
E06000010,Kingston upon Hull,2,Male,11,Aged 30 to 34 years,10199
E06000010,Kingston upon Hull,2,Male,12,Aged 35 to 39 years,9409
E06000010,Kingston upon Hull,2,Male,13,Aged 40 to 44 years,8095
E06000010,Kingston upon Hull,2,Male,14,Aged 45 to 49 years,8337
E06000010,Kingston upon Hull,2,Male,15,Aged 50 to 54 years,8835
E06000010,Kingston upon Hull,2,Male,16,Aged 55 to 59 years,8665
E06000010,Kingston upon Hull,2,Male,17,Aged 60 to 64 years,7447
E06000010,Kingston upon Hull,2,Male,18,Aged 65 years,1265
E06000010,Kingston upon Hull,2,Male,19,Aged 66 to 69 years,4831
E06000010,Kingston upon Hull,2,Male,20,Aged 70 to 74 years,5573
E06000010,Kingston upon Hull,2,Male,21,Aged 75 to 79 years,3283
E06000010,Kingston upon Hull,2,Male,22,Aged 80 to 84 years,2268
E06000010,Kingston upon Hull,2,Male,23,Aged 85 years and over,1722
E06000011,East Riding of Yorkshire,1,Female,1,Aged 2 years and under,3989
E06000011,East Riding of Yorkshire,1,Female,2,Aged 3 to 4 years,2932
E06000011,East Riding of Yorkshire,1,Female,3,Aged 5 to 7 years,4847
E06000011,East Riding of Yorkshire,1,Female,4,Aged 8 to 9 years,3508
E06000011,East Riding of Yorkshire,1,Female,5,Aged 10 to 14 years,8933
E06000011,East Riding of Yorkshire,1,Female,6,Aged 15 years,1810
E06000011,East Riding of Yorkshire,1,Female,7,Aged 16 to 17 years,3607
E06000011,East Riding of Yorkshire,1,Female,8,Aged 18 to 19 years,2658
E06000011,East Riding of Yorkshire,1,Female,9,Aged 20 to 24 years,6941
E06000011,East Riding of Yorkshire,1,Female,10,Aged 25 to 29 years,8407
E06000011,East Riding of Yorkshire,1,Female,11,Aged 30 to 34 years,9162
E06000011,East Riding of Yorkshire,1,Female,12,Aged 35 to 39 years,9193
E06000011,East Riding of Yorkshire,1,Female,13,Aged 40 to 44 years,9253
E06000011,East Riding of Yorkshire,1,Female,14,Aged 45 to 49 years,11139
E06000011,East Riding of Yorkshire,1,Female,15,Aged 50 to 54 years,13171
E06000011,East Riding of Yorkshire,1,Female,16,Aged 55 to 59 years,13803
E06000011,East Riding of Yorkshire,1,Female,17,Aged 60 to 64 years,12594
E06000011,East Riding of Yorkshire,1,Female,18,Aged 65 years,2406
E06000011,East Riding of Yorkshire,1,Female,19,Aged 66 to 69 years,9392
E06000011,East Riding of Yorkshire,1,Female,20,Aged 70 to 74 years,13152
E06000011,East Riding of Yorkshire,1,Female,21,Aged 75 to 79 years,9496
E06000011,East Riding of Yorkshire,1,Female,22,Aged 80 to 84 years,6964
E06000011,East Riding of Yorkshire,1,Female,23,Aged 85 years and over,7011
E06000011,East Riding of Yorkshire,2,Male,1,Aged 2 years and under,4410
E06000011,East Riding of Yorkshire,2,Male,2,Aged 3 to 4 years,3356
E06000011,East Riding of Yorkshire,2,Male,3,Aged 5 to 7 years,5234
E06000011,East Riding of Yorkshire,2,Male,4,Aged 8 to 9 years,3780
E06000011,East Riding of Yorkshire,2,Male,5,Aged 10 to 14 years,9465
E06000011,East Riding of Yorkshire,2,Male,6,Aged 15 years,1811
E06000011,East Riding of Yorkshire,2,Male,7,Aged 16 to 17 years,3840
E06000011,East Riding of Yorkshire,2,Male,8,Aged 18 to 19 years,3056
E06000011,East Riding of Yorkshire,2,Male,9,Aged 20 to 24 years,7496
E06000011,East Riding of Yorkshire,2,Male,10,Aged 25 to 29 years,8423
E06000011,East Riding of Yorkshire,2,Male,11,Aged 30 to 34 years,8848
E06000011,East Riding of Yorkshire,2,Male,12,Aged 35 to 39 years,8834
E06000011,East Riding of Yorkshire,2,Male,13,Aged 40 to 44 years,8750
E06000011,East Riding of Yorkshire,2,Male,14,Aged 45 to 49 years,10391
E06000011,East Riding of Yorkshire,2,Male,15,Aged 50 to 54 years,12418
E06000011,East Riding of Yorkshire,2,Male,16,Aged 55 to 59 years,13335
E06000011,East Riding of Yorkshire,2,Male,17,Aged 60 to 64 years,12326
E06000011,East Riding of Yorkshire,2,Male,18,Aged 65 years,2339
E06000011,East Riding of Yorkshire,2,Male,19,Aged 66 to 69 years,8946
E06000011,East Riding of Yorkshire,2,Male,20,Aged 70 to 74 years,12197
E06000011,East Riding of Yorkshire,2,Male,21,Aged 75 to 79 years,8446
E06000011,East Riding of Yorkshire,2,Male,22,Aged 80 to 84 years,5694
E06000011,East Riding of Yorkshire,2,Male,23,Aged 85 years and over,4452
E06000012,North East Lincolnshire,1,Female,1,Aged 2 years and under,2415
E06000012,North East Lincolnshire,1,Female,2,Aged 3 to 4 years,1729
E06000012,North East Lincolnshire,1,Female,3,Aged 5 to 7 years,2770
E06000012,North East Lincolnshire,1,Female,4,Aged 8 to 9 years,1933
E06000012,North East Lincolnshire,1,Female,5,Aged 10 to 14 years,4603
E06000012,North East Lincolnshire,1,Female,6,Aged 15 years,891
E06000012,North East Lincolnshire,1,Female,7,Aged 16 to 17 years,1783
E06000012,North East Lincolnshire,1,Female,8,Aged 18 to 19 years,1395
E06000012,North East Lincolnshire,1,Female,9,Aged 20 to 24 years,3926
E06000012,North East Lincolnshire,1,Female,10,Aged 25 to 29 years,4792
E06000012,North East Lincolnshire,1,Female,11,Aged 30 to 34 years,5332
E06000012,North East Lincolnshire,1,Female,12,Aged 35 to 39 years,4943
E06000012,North East Lincolnshire,1,Female,13,Aged 40 to 44 years,4325
E06000012,North East Lincolnshire,1,Female,14,Aged 45 to 49 years,4754
E06000012,North East Lincolnshire,1,Female,15,Aged 50 to 54 years,5658
E06000012,North East Lincolnshire,1,Female,16,Aged 55 to 59 years,6049
E06000012,North East Lincolnshire,1,Female,17,Aged 60 to 64 years,5200
E06000012,North East Lincolnshire,1,Female,18,Aged 65 years,949
E06000012,North East Lincolnshire,1,Female,19,Aged 66 to 69 years,3485
E06000012,North East Lincolnshire,1,Female,20,Aged 70 to 74 years,4557
E06000012,North East Lincolnshire,1,Female,21,Aged 75 to 79 years,3320
E06000012,North East Lincolnshire,1,Female,22,Aged 80 to 84 years,2678
E06000012,North East Lincolnshire,1,Female,23,Aged 85 years and over,2667
E06000012,North East Lincolnshire,2,Male,1,Aged 2 years and under,2494
E06000012,North East Lincolnshire,2,Male,2,Aged 3 to 4 years,1816
E06000012,North East Lincolnshire,2,Male,3,Aged 5 to 7 years,2828
E06000012,North East Lincolnshire,2,Male,4,Aged 8 to 9 years,1985
E06000012,North East Lincolnshire,2,Male,5,Aged 10 to 14 years,4969
E06000012,North East Lincolnshire,2,Male,6,Aged 15 years,1010
E06000012,North East Lincolnshire,2,Male,7,Aged 16 to 17 years,1810
E06000012,North East Lincolnshire,2,Male,8,Aged 18 to 19 years,1515
E06000012,North East Lincolnshire,2,Male,9,Aged 20 to 24 years,4042
E06000012,North East Lincolnshire,2,Male,10,Aged 25 to 29 years,4524
E06000012,North East Lincolnshire,2,Male,11,Aged 30 to 34 years,5079
E06000012,North East Lincolnshire,2,Male,12,Aged 35 to 39 years,4573
E06000012,North East Lincolnshire,2,Male,13,Aged 40 to 44 years,4091
E06000012,North East Lincolnshire,2,Male,14,Aged 45 to 49 years,4704
E06000012,North East Lincolnshire,2,Male,15,Aged 50 to 54 years,5419
E06000012,North East Lincolnshire,2,Male,16,Aged 55 to 59 years,5754
E06000012,North East Lincolnshire,2,Male,17,Aged 60 to 64 years,5018
E06000012,North East Lincolnshire,2,Male,18,Aged 65 years,907
E06000012,North East Lincolnshire,2,Male,19,Aged 66 to 69 years,3408
E06000012,North East Lincolnshire,2,Male,20,Aged 70 to 74 years,4299
E06000012,North East Lincolnshire,2,Male,21,Aged 75 to 79 years,2902
E06000012,North East Lincolnshire,2,Male,22,Aged 80 to 84 years,1982
E06000012,North East Lincolnshire,2,Male,23,Aged 85 years and over,1682
E06000013,North Lincolnshire,1,Female,1,Aged 2 years and under,2474
E06000013,North Lincolnshire,1,Female,2,Aged 3 to 4 years,1738
E06000013,North Lincolnshire,1,Female,3,Aged 5 to 7 years,2771
E06000013,North Lincolnshire,1,Female,4,Aged 8 to 9 years,2018
E06000013,North Lincolnshire,1,Female,5,Aged 10 to 14 years,4937
E06000013,North Lincolnshire,1,Female,6,Aged 15 years,971
E06000013,North Lincolnshire,1,Female,7,Aged 16 to 17 years,1883
E06000013,North Lincolnshire,1,Female,8,Aged 18 to 19 years,1418
E06000013,North Lincolnshire,1,Female,9,Aged 20 to 24 years,3893
E06000013,North Lincolnshire,1,Female,10,Aged 25 to 29 years,4824
E06000013,North Lincolnshire,1,Female,11,Aged 30 to 34 years,5430
E06000013,North Lincolnshire,1,Female,12,Aged 35 to 39 years,5194
E06000013,North Lincolnshire,1,Female,13,Aged 40 to 44 years,4701
E06000013,North Lincolnshire,1,Female,14,Aged 45 to 49 years,5307
E06000013,North Lincolnshire,1,Female,15,Aged 50 to 54 years,6316
E06000013,North Lincolnshire,1,Female,16,Aged 55 to 59 years,6470
E06000013,North Lincolnshire,1,Female,17,Aged 60 to 64 years,5708
E06000013,North Lincolnshire,1,Female,18,Aged 65 years,1081
E06000013,North Lincolnshire,1,Female,19,Aged 66 to 69 years,4056
E06000013,North Lincolnshire,1,Female,20,Aged 70 to 74 years,5228
E06000013,North Lincolnshire,1,Female,21,Aged 75 to 79 years,3862
E06000013,North Lincolnshire,1,Female,22,Aged 80 to 84 years,2762
E06000013,North Lincolnshire,1,Female,23,Aged 85 years and over,2930
E06000013,North Lincolnshire,2,Male,1,Aged 2 years and under,2418
E06000013,North Lincolnshire,2,Male,2,Aged 3 to 4 years,1815
E06000013,North Lincolnshire,2,Male,3,Aged 5 to 7 years,2811
E06000013,North Lincolnshire,2,Male,4,Aged 8 to 9 years,2049
E06000013,North Lincolnshire,2,Male,5,Aged 10 to 14 years,5179
E06000013,North Lincolnshire,2,Male,6,Aged 15 years,1032
E06000013,North Lincolnshire,2,Male,7,Aged 16 to 17 years,1980
E06000013,North Lincolnshire,2,Male,8,Aged 18 to 19 years,1615
E06000013,North Lincolnshire,2,Male,9,Aged 20 to 24 years,4230
E06000013,North Lincolnshire,2,Male,10,Aged 25 to 29 years,4858
E06000013,North Lincolnshire,2,Male,11,Aged 30 to 34 years,5197
E06000013,North Lincolnshire,2,Male,12,Aged 35 to 39 years,5093
E06000013,North Lincolnshire,2,Male,13,Aged 40 to 44 years,4581
E06000013,North Lincolnshire,2,Male,14,Aged 45 to 49 years,5071
E06000013,North Lincolnshire,2,Male,15,Aged 50 to 54 years,6199
E06000013,North Lincolnshire,2,Male,16,Aged 55 to 59 years,6519
E06000013,North Lincolnshire,2,Male,17,Aged 60 to 64 years,5699
E06000013,North Lincolnshire,2,Male,18,Aged 65 years,1025
E06000013,North Lincolnshire,2,Male,19,Aged 66 to 69 years,3863
E06000013,North Lincolnshire,2,Male,20,Aged 70 to 74 years,4998
E06000013,North Lincolnshire,2,Male,21,Aged 75 to 79 years,3435
E06000013,North Lincolnshire,2,Male,22,Aged 80 to 84 years,2244
E06000013,North Lincolnshire,2,Male,23,Aged 85 years and over,1794
E06000014,York,1,Female,1,Aged 2 years and under,2465
E06000014,York,1,Female,2,Aged 3 to 4 years,1737
E06000014,York,1,Female,3,Aged 5 to 7 years,2831
E06000014,York,1,Female,4,Aged 8 to 9 years,1996
E06000014,York,1,Female,5,Aged 10 to 14 years,5041
E06000014,York,1,Female,6,Aged 15 years,981
E06000014,York,1,Female,7,Aged 16 to 17 years,1900
E06000014,York,1,Female,8,Aged 18 to 19 years,5217
E06000014,York,1,Female,9,Aged 20 to 24 years,10913
E06000014,York,1,Female,10,Aged 25 to 29 years,6640
E06000014,York,1,Female,11,Aged 30 to 34 years,6593
E06000014,York,1,Female,12,Aged 35 to 39 years,6367
E06000014,York,1,Female,13,Aged 40 to 44 years,6037
E06000014,York,1,Female,14,Aged 45 to 49 years,6058
E06000014,York,1,Female,15,Aged 50 to 54 years,6802
E06000014,York,1,Female,16,Aged 55 to 59 years,6589
E06000014,York,1,Female,17,Aged 60 to 64 years,5741
E06000014,York,1,Female,18,Aged 65 years,1032
E06000014,York,1,Female,19,Aged 66 to 69 years,4068
E06000014,York,1,Female,20,Aged 70 to 74 years,5583
E06000014,York,1,Female,21,Aged 75 to 79 years,4086
E06000014,York,1,Female,22,Aged 80 to 84 years,3113
E06000014,York,1,Female,23,Aged 85 years and over,3508
E06000014,York,2,Male,1,Aged 2 years and under,2623
E06000014,York,2,Male,2,Aged 3 to 4 years,1790
E06000014,York,2,Male,3,Aged 5 to 7 years,2998
E06000014,York,2,Male,4,Aged 8 to 9 years,2077
E06000014,York,2,Male,5,Aged 10 to 14 years,5280
E06000014,York,2,Male,6,Aged 15 years,919
E06000014,York,2,Male,7,Aged 16 to 17 years,2096
E06000014,York,2,Male,8,Aged 18 to 19 years,4103
E06000014,York,2,Male,9,Aged 20 to 24 years,9442
E06000014,York,2,Male,10,Aged 25 to 29 years,6331
E06000014,York,2,Male,11,Aged 30 to 34 years,6281
E06000014,York,2,Male,12,Aged 35 to 39 years,6185
E06000014,York,2,Male,13,Aged 40 to 44 years,5835
E06000014,York,2,Male,14,Aged 45 to 49 years,5874
E06000014,York,2,Male,15,Aged 50 to 54 years,6458
E06000014,York,2,Male,16,Aged 55 to 59 years,6373
E06000014,York,2,Male,17,Aged 60 to 64 years,5515
E06000014,York,2,Male,18,Aged 65 years,978
E06000014,York,2,Male,19,Aged 66 to 69 years,3705
E06000014,York,2,Male,20,Aged 70 to 74 years,4899
E06000014,York,2,Male,21,Aged 75 to 79 years,3379
E06000014,York,2,Male,22,Aged 80 to 84 years,2409
E06000014,York,2,Male,23,Aged 85 years and over,1973
E06000015,Derby,1,Female,1,Aged 2 years and under,4476
E06000015,Derby,1,Female,2,Aged 3 to 4 years,3001
E06000015,Derby,1,Female,3,Aged 5 to 7 years,4895
E06000015,Derby,1,Female,4,Aged 8 to 9 years,3468
E06000015,Derby,1,Female,5,Aged 10 to 14 years,8196
E06000015,Derby,1,Female,6,Aged 15 years,1508
E06000015,Derby,1,Female,7,Aged 16 to 17 years,3047
E06000015,Derby,1,Female,8,Aged 18 to 19 years,3209
E06000015,Derby,1,Female,9,Aged 20 to 24 years,9060
E06000015,Derby,1,Female,10,Aged 25 to 29 years,9063
E06000015,Derby,1,Female,11,Aged 30 to 34 years,9310
E06000015,Derby,1,Female,12,Aged 35 to 39 years,9337
E06000015,Derby,1,Female,13,Aged 40 to 44 years,8382
E06000015,Derby,1,Female,14,Aged 45 to 49 years,8136
E06000015,Derby,1,Female,15,Aged 50 to 54 years,8565
E06000015,Derby,1,Female,16,Aged 55 to 59 years,8183
E06000015,Derby,1,Female,17,Aged 60 to 64 years,6730
E06000015,Derby,1,Female,18,Aged 65 years,1178
E06000015,Derby,1,Female,19,Aged 66 to 69 years,4546
E06000015,Derby,1,Female,20,Aged 70 to 74 years,5816
E06000015,Derby,1,Female,21,Aged 75 to 79 years,4378
E06000015,Derby,1,Female,22,Aged 80 to 84 years,3522
E06000015,Derby,1,Female,23,Aged 85 years and over,3848
E06000015,Derby,2,Male,1,Aged 2 years and under,4600
E06000015,Derby,2,Male,2,Aged 3 to 4 years,3143
E06000015,Derby,2,Male,3,Aged 5 to 7 years,5043
E06000015,Derby,2,Male,4,Aged 8 to 9 years,3493
E06000015,Derby,2,Male,5,Aged 10 to 14 years,8782
E06000015,Derby,2,Male,6,Aged 15 years,1571
E06000015,Derby,2,Male,7,Aged 16 to 17 years,3409
E06000015,Derby,2,Male,8,Aged 18 to 19 years,3609
E06000015,Derby,2,Male,9,Aged 20 to 24 years,9468
E06000015,Derby,2,Male,10,Aged 25 to 29 years,9367
E06000015,Derby,2,Male,11,Aged 30 to 34 years,8994
E06000015,Derby,2,Male,12,Aged 35 to 39 years,8895
E06000015,Derby,2,Male,13,Aged 40 to 44 years,8112
E06000015,Derby,2,Male,14,Aged 45 to 49 years,8281
E06000015,Derby,2,Male,15,Aged 50 to 54 years,8675
E06000015,Derby,2,Male,16,Aged 55 to 59 years,7967
E06000015,Derby,2,Male,17,Aged 60 to 64 years,6606
E06000015,Derby,2,Male,18,Aged 65 years,1179
E06000015,Derby,2,Male,19,Aged 66 to 69 years,4410
E06000015,Derby,2,Male,20,Aged 70 to 74 years,5306
E06000015,Derby,2,Male,21,Aged 75 to 79 years,3745
E06000015,Derby,2,Male,22,Aged 80 to 84 years,2616
E06000015,Derby,2,Male,23,Aged 85 years and over,2241
E06000016,Leicester,1,Female,1,Aged 2 years and under,6145
E06000016,Leicester,1,Female,2,Aged 3 to 4 years,4567
E06000016,Leicester,1,Female,3,Aged 5 to 7 years,7090
E06000016,Leicester,1,Female,4,Aged 8 to 9 years,4994
E06000016,Leicester,1,Female,5,Aged 10 to 14 years,12451
E06000016,Leicester,1,Female,6,Aged 15 years,2275
E06000016,Leicester,1,Female,7,Aged 16 to 17 years,4660
E06000016,Leicester,1,Female,8,Aged 18 to 19 years,7348
E06000016,Leicester,1,Female,9,Aged 20 to 24 years,18264
E06000016,Leicester,1,Female,10,Aged 25 to 29 years,13789
E06000016,Leicester,1,Female,11,Aged 30 to 34 years,14245
E06000016,Leicester,1,Female,12,Aged 35 to 39 years,14037
E06000016,Leicester,1,Female,13,Aged 40 to 44 years,12318
E06000016,Leicester,1,Female,14,Aged 45 to 49 years,11359
E06000016,Leicester,1,Female,15,Aged 50 to 54 years,10972
E06000016,Leicester,1,Female,16,Aged 55 to 59 years,9812
E06000016,Leicester,1,Female,17,Aged 60 to 64 years,8616
E06000016,Leicester,1,Female,18,Aged 65 years,1505
E06000016,Leicester,1,Female,19,Aged 66 to 69 years,5568
E06000016,Leicester,1,Female,20,Aged 70 to 74 years,5809
E06000016,Leicester,1,Female,21,Aged 75 to 79 years,3989
E06000016,Leicester,1,Female,22,Aged 80 to 84 years,3229
E06000016,Leicester,1,Female,23,Aged 85 years and over,3417
E06000016,Leicester,2,Male,1,Aged 2 years and under,6854
E06000016,Leicester,2,Male,2,Aged 3 to 4 years,4736
E06000016,Leicester,2,Male,3,Aged 5 to 7 years,7500
E06000016,Leicester,2,Male,4,Aged 8 to 9 years,5223
E06000016,Leicester,2,Male,5,Aged 10 to 14 years,13171
E06000016,Leicester,2,Male,6,Aged 15 years,2550
E06000016,Leicester,2,Male,7,Aged 16 to 17 years,4910
E06000016,Leicester,2,Male,8,Aged 18 to 19 years,6589
E06000016,Leicester,2,Male,9,Aged 20 to 24 years,17848
E06000016,Leicester,2,Male,10,Aged 25 to 29 years,13497
E06000016,Leicester,2,Male,11,Aged 30 to 34 years,13253
E06000016,Leicester,2,Male,12,Aged 35 to 39 years,13208
E06000016,Leicester,2,Male,13,Aged 40 to 44 years,12372
E06000016,Leicester,2,Male,14,Aged 45 to 49 years,11179
E06000016,Leicester,2,Male,15,Aged 50 to 54 years,10921
E06000016,Leicester,2,Male,16,Aged 55 to 59 years,9661
E06000016,Leicester,2,Male,17,Aged 60 to 64 years,8655
E06000016,Leicester,2,Male,18,Aged 65 years,1485
E06000016,Leicester,2,Male,19,Aged 66 to 69 years,5417
E06000016,Leicester,2,Male,20,Aged 70 to 74 years,5479
E06000016,Leicester,2,Male,21,Aged 75 to 79 years,3335
E06000016,Leicester,2,Male,22,Aged 80 to 84 years,2291
E06000016,Leicester,2,Male,23,Aged 85 years and over,1977
E06000017,Rutland,1,Female,1,Aged 2 years and under,437
E06000017,Rutland,1,Female,2,Aged 3 to 4 years,384
E06000017,Rutland,1,Female,3,Aged 5 to 7 years,550
E06000017,Rutland,1,Female,4,Aged 8 to 9 years,360
E06000017,Rutland,1,Female,5,Aged 10 to 14 years,1168
E06000017,Rutland,1,Female,6,Aged 15 years,279
E06000017,Rutland,1,Female,7,Aged 16 to 17 years,605
E06000017,Rutland,1,Female,8,Aged 18 to 19 years,352
E06000017,Rutland,1,Female,9,Aged 20 to 24 years,713
E06000017,Rutland,1,Female,10,Aged 25 to 29 years,859
E06000017,Rutland,1,Female,11,Aged 30 to 34 years,983
E06000017,Rutland,1,Female,12,Aged 35 to 39 years,1041
E06000017,Rutland,1,Female,13,Aged 40 to 44 years,1111
E06000017,Rutland,1,Female,14,Aged 45 to 49 years,1231
E06000017,Rutland,1,Female,15,Aged 50 to 54 years,1541
E06000017,Rutland,1,Female,16,Aged 55 to 59 years,1469
E06000017,Rutland,1,Female,17,Aged 60 to 64 years,1371
E06000017,Rutland,1,Female,18,Aged 65 years,277
E06000017,Rutland,1,Female,19,Aged 66 to 69 years,1016
E06000017,Rutland,1,Female,20,Aged 70 to 74 years,1460
E06000017,Rutland,1,Female,21,Aged 75 to 79 years,1114
E06000017,Rutland,1,Female,22,Aged 80 to 84 years,802
E06000017,Rutland,1,Female,23,Aged 85 years and over,855
E06000017,Rutland,2,Male,1,Aged 2 years and under,455
E06000017,Rutland,2,Male,2,Aged 3 to 4 years,367
E06000017,Rutland,2,Male,3,Aged 5 to 7 years,624
E06000017,Rutland,2,Male,4,Aged 8 to 9 years,440
E06000017,Rutland,2,Male,5,Aged 10 to 14 years,1372
E06000017,Rutland,2,Male,6,Aged 15 years,317
E06000017,Rutland,2,Male,7,Aged 16 to 17 years,735
E06000017,Rutland,2,Male,8,Aged 18 to 19 years,474
E06000017,Rutland,2,Male,9,Aged 20 to 24 years,1138
E06000017,Rutland,2,Male,10,Aged 25 to 29 years,1277
E06000017,Rutland,2,Male,11,Aged 30 to 34 years,1201
E06000017,Rutland,2,Male,12,Aged 35 to 39 years,1172
E06000017,Rutland,2,Male,13,Aged 40 to 44 years,1233
E06000017,Rutland,2,Male,14,Aged 45 to 49 years,1221
E06000017,Rutland,2,Male,15,Aged 50 to 54 years,1426
E06000017,Rutland,2,Male,16,Aged 55 to 59 years,1435
E06000017,Rutland,2,Male,17,Aged 60 to 64 years,1328
E06000017,Rutland,2,Male,18,Aged 65 years,239
E06000017,Rutland,2,Male,19,Aged 66 to 69 years,965
E06000017,Rutland,2,Male,20,Aged 70 to 74 years,1375
E06000017,Rutland,2,Male,21,Aged 75 to 79 years,1015
E06000017,Rutland,2,Male,22,Aged 80 to 84 years,667
E06000017,Rutland,2,Male,23,Aged 85 years and over,599
E06000018,Nottingham,1,Female,1,Aged 2 years and under,4991
E06000018,Nottingham,1,Female,2,Aged 3 to 4 years,3651
E06000018,Nottingham,1,Female,3,Aged 5 to 7 years,5511
E06000018,Nottingham,1,Female,4,Aged 8 to 9 years,3938
E06000018,Nottingham,1,Female,5,Aged 10 to 14 years,9100
E06000018,Nottingham,1,Female,6,Aged 15 years,1664
E06000018,Nottingham,1,Female,7,Aged 16 to 17 years,3230
E06000018,Nottingham,1,Female,8,Aged 18 to 19 years,10894
E06000018,Nottingham,1,Female,9,Aged 20 to 24 years,22461
E06000018,Nottingham,1,Female,10,Aged 25 to 29 years,12589
E06000018,Nottingham,1,Female,11,Aged 30 to 34 years,12633
E06000018,Nottingham,1,Female,12,Aged 35 to 39 years,10775
E06000018,Nottingham,1,Female,13,Aged 40 to 44 years,9238
E06000018,Nottingham,1,Female,14,Aged 45 to 49 years,8663
E06000018,Nottingham,1,Female,15,Aged 50 to 54 years,9070
E06000018,Nottingham,1,Female,16,Aged 55 to 59 years,8550
E06000018,Nottingham,1,Female,17,Aged 60 to 64 years,7043
E06000018,Nottingham,1,Female,18,Aged 65 years,1178
E06000018,Nottingham,1,Female,19,Aged 66 to 69 years,4403
E06000018,Nottingham,1,Female,20,Aged 70 to 74 years,4984
E06000018,Nottingham,1,Female,21,Aged 75 to 79 years,3708
E06000018,Nottingham,1,Female,22,Aged 80 to 84 years,2950
E06000018,Nottingham,1,Female,23,Aged 85 years and over,3405
E06000018,Nottingham,2,Male,1,Aged 2 years and under,5371
E06000018,Nottingham,2,Male,2,Aged 3 to 4 years,3808
E06000018,Nottingham,2,Male,3,Aged 5 to 7 years,5835
E06000018,Nottingham,2,Male,4,Aged 8 to 9 years,3966
E06000018,Nottingham,2,Male,5,Aged 10 to 14 years,9708
E06000018,Nottingham,2,Male,6,Aged 15 years,1768
E06000018,Nottingham,2,Male,7,Aged 16 to 17 years,3434
E06000018,Nottingham,2,Male,8,Aged 18 to 19 years,10702
E06000018,Nottingham,2,Male,9,Aged 20 to 24 years,21175
E06000018,Nottingham,2,Male,10,Aged 25 to 29 years,11686
E06000018,Nottingham,2,Male,11,Aged 30 to 34 years,11580
E06000018,Nottingham,2,Male,12,Aged 35 to 39 years,10412
E06000018,Nottingham,2,Male,13,Aged 40 to 44 years,9132
E06000018,Nottingham,2,Male,14,Aged 45 to 49 years,8937
E06000018,Nottingham,2,Male,15,Aged 50 to 54 years,8790
E06000018,Nottingham,2,Male,16,Aged 55 to 59 years,8481
E06000018,Nottingham,2,Male,17,Aged 60 to 64 years,6884
E06000018,Nottingham,2,Male,18,Aged 65 years,1159
E06000018,Nottingham,2,Male,19,Aged 66 to 69 years,4144
E06000018,Nottingham,2,Male,20,Aged 70 to 74 years,4818
E06000018,Nottingham,2,Male,21,Aged 75 to 79 years,3156
E06000018,Nottingham,2,Male,22,Aged 80 to 84 years,2164
E06000018,Nottingham,2,Male,23,Aged 85 years and over,1896
E06000019,Herefordshire,1,Female,1,Aged 2 years and under,2367
E06000019,Herefordshire,1,Female,2,Aged 3 to 4 years,1723
E06000019,Herefordshire,1,Female,3,Aged 5 to 7 years,2567
E06000019,Herefordshire,1,Female,4,Aged 8 to 9 years,1948
E06000019,Herefordshire,1,Female,5,Aged 10 to 14 years,4857
E06000019,Herefordshire,1,Female,6,Aged 15 years,860
E06000019,Herefordshire,1,Female,7,Aged 16 to 17 years,1921
E06000019,Herefordshire,1,Female,8,Aged 18 to 19 years,1555
E06000019,Herefordshire,1,Female,9,Aged 20 to 24 years,3900
E06000019,Herefordshire,1,Female,10,Aged 25 to 29 years,4826
E06000019,Herefordshire,1,Female,11,Aged 30 to 34 years,5376
E06000019,Herefordshire,1,Female,12,Aged 35 to 39 years,5218
E06000019,Herefordshire,1,Female,13,Aged 40 to 44 years,4997
E06000019,Herefordshire,1,Female,14,Aged 45 to 49 years,5740
E06000019,Herefordshire,1,Female,15,Aged 50 to 54 years,7033
E06000019,Herefordshire,1,Female,16,Aged 55 to 59 years,7537
E06000019,Herefordshire,1,Female,17,Aged 60 to 64 years,6966
E06000019,Herefordshire,1,Female,18,Aged 65 years,1306
E06000019,Herefordshire,1,Female,19,Aged 66 to 69 years,5130
E06000019,Herefordshire,1,Female,20,Aged 70 to 74 years,6658
E06000019,Herefordshire,1,Female,21,Aged 75 to 79 years,5062
E06000019,Herefordshire,1,Female,22,Aged 80 to 84 years,3635
E06000019,Herefordshire,1,Female,23,Aged 85 years and over,3992
E06000019,Herefordshire,2,Male,1,Aged 2 years and under,2504
E06000019,Herefordshire,2,Male,2,Aged 3 to 4 years,1835
E06000019,Herefordshire,2,Male,3,Aged 5 to 7 years,2937
E06000019,Herefordshire,2,Male,4,Aged 8 to 9 years,2056
E06000019,Herefordshire,2,Male,5,Aged 10 to 14 years,5234
E06000019,Herefordshire,2,Male,6,Aged 15 years,1013
E06000019,Herefordshire,2,Male,7,Aged 16 to 17 years,2024
E06000019,Herefordshire,2,Male,8,Aged 18 to 19 years,1691
E06000019,Herefordshire,2,Male,9,Aged 20 to 24 years,4275
E06000019,Herefordshire,2,Male,10,Aged 25 to 29 years,4826
E06000019,Herefordshire,2,Male,11,Aged 30 to 34 years,5158
E06000019,Herefordshire,2,Male,12,Aged 35 to 39 years,5036
E06000019,Herefordshire,2,Male,13,Aged 40 to 44 years,4807
E06000019,Herefordshire,2,Male,14,Aged 45 to 49 years,5486
E06000019,Herefordshire,2,Male,15,Aged 50 to 54 years,6586
E06000019,Herefordshire,2,Male,16,Aged 55 to 59 years,7040
E06000019,Herefordshire,2,Male,17,Aged 60 to 64 years,6654
E06000019,Herefordshire,2,Male,18,Aged 65 years,1267
E06000019,Herefordshire,2,Male,19,Aged 66 to 69 years,4778
E06000019,Herefordshire,2,Male,20,Aged 70 to 74 years,6356
E06000019,Herefordshire,2,Male,21,Aged 75 to 79 years,4673
E06000019,Herefordshire,2,Male,22,Aged 80 to 84 years,3061
E06000019,Herefordshire,2,Male,23,Aged 85 years and over,2554
E06000020,Telford and Wrekin,1,Female,1,Aged 2 years and under,3014
E06000020,Telford and Wrekin,1,Female,2,Aged 3 to 4 years,2112
E06000020,Telford and Wrekin,1,Female,3,Aged 5 to 7 years,3361
E06000020,Telford and Wrekin,1,Female,4,Aged 8 to 9 years,2409
E06000020,Telford and Wrekin,1,Female,5,Aged 10 to 14 years,5916
E06000020,Telford and Wrekin,1,Female,6,Aged 15 years,1115
E06000020,Telford and Wrekin,1,Female,7,Aged 16 to 17 years,2210
E06000020,Telford and Wrekin,1,Female,8,Aged 18 to 19 years,2030
E06000020,Telford and Wrekin,1,Female,9,Aged 20 to 24 years,5417
E06000020,Telford and Wrekin,1,Female,10,Aged 25 to 29 years,6035
E06000020,Telford and Wrekin,1,Female,11,Aged 30 to 34 years,6633
E06000020,Telford and Wrekin,1,Female,12,Aged 35 to 39 years,6090
E06000020,Telford and Wrekin,1,Female,13,Aged 40 to 44 years,5782
E06000020,Telford and Wrekin,1,Female,14,Aged 45 to 49 years,6047
E06000020,Telford and Wrekin,1,Female,15,Aged 50 to 54 years,6801
E06000020,Telford and Wrekin,1,Female,16,Aged 55 to 59 years,6376
E06000020,Telford and Wrekin,1,Female,17,Aged 60 to 64 years,5335
E06000020,Telford and Wrekin,1,Female,18,Aged 65 years,939
E06000020,Telford and Wrekin,1,Female,19,Aged 66 to 69 years,3745
E06000020,Telford and Wrekin,1,Female,20,Aged 70 to 74 years,4786
E06000020,Telford and Wrekin,1,Female,21,Aged 75 to 79 years,3455
E06000020,Telford and Wrekin,1,Female,22,Aged 80 to 84 years,2373
E06000020,Telford and Wrekin,1,Female,23,Aged 85 years and over,2230
E06000020,Telford and Wrekin,2,Male,1,Aged 2 years and under,3217
E06000020,Telford and Wrekin,2,Male,2,Aged 3 to 4 years,2219
E06000020,Telford and Wrekin,2,Male,3,Aged 5 to 7 years,3548
E06000020,Telford and Wrekin,2,Male,4,Aged 8 to 9 years,2551
E06000020,Telford and Wrekin,2,Male,5,Aged 10 to 14 years,6226
E06000020,Telford and Wrekin,2,Male,6,Aged 15 years,1179
E06000020,Telford and Wrekin,2,Male,7,Aged 16 to 17 years,2317
E06000020,Telford and Wrekin,2,Male,8,Aged 18 to 19 years,2042
E06000020,Telford and Wrekin,2,Male,9,Aged 20 to 24 years,5554
E06000020,Telford and Wrekin,2,Male,10,Aged 25 to 29 years,5774
E06000020,Telford and Wrekin,2,Male,11,Aged 30 to 34 years,6088
E06000020,Telford and Wrekin,2,Male,12,Aged 35 to 39 years,6019
E06000020,Telford and Wrekin,2,Male,13,Aged 40 to 44 years,5421
E06000020,Telford and Wrekin,2,Male,14,Aged 45 to 49 years,6034
E06000020,Telford and Wrekin,2,Male,15,Aged 50 to 54 years,6675
E06000020,Telford and Wrekin,2,Male,16,Aged 55 to 59 years,6224
E06000020,Telford and Wrekin,2,Male,17,Aged 60 to 64 years,5057
E06000020,Telford and Wrekin,2,Male,18,Aged 65 years,914
E06000020,Telford and Wrekin,2,Male,19,Aged 66 to 69 years,3611
E06000020,Telford and Wrekin,2,Male,20,Aged 70 to 74 years,4318
E06000020,Telford and Wrekin,2,Male,21,Aged 75 to 79 years,3083
E06000020,Telford and Wrekin,2,Male,22,Aged 80 to 84 years,1915
E06000020,Telford and Wrekin,2,Male,23,Aged 85 years and over,1349
E06000021,Stoke-on-Trent,1,Female,1,Aged 2 years and under,4683
E06000021,Stoke-on-Trent,1,Female,2,Aged 3 to 4 years,3042
E06000021,Stoke-on-Trent,1,Female,3,Aged 5 to 7 years,4928
E06000021,Stoke-on-Trent,1,Female,4,Aged 8 to 9 years,3445
E06000021,Stoke-on-Trent,1,Female,5,Aged 10 to 14 years,8323
E06000021,Stoke-on-Trent,1,Female,6,Aged 15 years,1460
E06000021,Stoke-on-Trent,1,Female,7,Aged 16 to 17 years,2927
E06000021,Stoke-on-Trent,1,Female,8,Aged 18 to 19 years,2802
E06000021,Stoke-on-Trent,1,Female,9,Aged 20 to 24 years,8207
E06000021,Stoke-on-Trent,1,Female,10,Aged 25 to 29 years,8700
E06000021,Stoke-on-Trent,1,Female,11,Aged 30 to 34 years,9780
E06000021,Stoke-on-Trent,1,Female,12,Aged 35 to 39 years,8819
E06000021,Stoke-on-Trent,1,Female,13,Aged 40 to 44 years,7651
E06000021,Stoke-on-Trent,1,Female,14,Aged 45 to 49 years,7692
E06000021,Stoke-on-Trent,1,Female,15,Aged 50 to 54 years,8306
E06000021,Stoke-on-Trent,1,Female,16,Aged 55 to 59 years,8138
E06000021,Stoke-on-Trent,1,Female,17,Aged 60 to 64 years,7198
E06000021,Stoke-on-Trent,1,Female,18,Aged 65 years,1288
E06000021,Stoke-on-Trent,1,Female,19,Aged 66 to 69 years,4881
E06000021,Stoke-on-Trent,1,Female,20,Aged 70 to 74 years,6158
E06000021,Stoke-on-Trent,1,Female,21,Aged 75 to 79 years,4556
E06000021,Stoke-on-Trent,1,Female,22,Aged 80 to 84 years,3459
E06000021,Stoke-on-Trent,1,Female,23,Aged 85 years and over,3449
E06000021,Stoke-on-Trent,2,Male,1,Aged 2 years and under,4696
E06000021,Stoke-on-Trent,2,Male,2,Aged 3 to 4 years,3204
E06000021,Stoke-on-Trent,2,Male,3,Aged 5 to 7 years,5098
E06000021,Stoke-on-Trent,2,Male,4,Aged 8 to 9 years,3518
E06000021,Stoke-on-Trent,2,Male,5,Aged 10 to 14 years,8508
E06000021,Stoke-on-Trent,2,Male,6,Aged 15 years,1564
E06000021,Stoke-on-Trent,2,Male,7,Aged 16 to 17 years,3089
E06000021,Stoke-on-Trent,2,Male,8,Aged 18 to 19 years,3273
E06000021,Stoke-on-Trent,2,Male,9,Aged 20 to 24 years,8739
E06000021,Stoke-on-Trent,2,Male,10,Aged 25 to 29 years,8444
E06000021,Stoke-on-Trent,2,Male,11,Aged 30 to 34 years,9299
E06000021,Stoke-on-Trent,2,Male,12,Aged 35 to 39 years,8799
E06000021,Stoke-on-Trent,2,Male,13,Aged 40 to 44 years,7819
E06000021,Stoke-on-Trent,2,Male,14,Aged 45 to 49 years,7924
E06000021,Stoke-on-Trent,2,Male,15,Aged 50 to 54 years,8632
E06000021,Stoke-on-Trent,2,Male,16,Aged 55 to 59 years,8202
E06000021,Stoke-on-Trent,2,Male,17,Aged 60 to 64 years,7198
E06000021,Stoke-on-Trent,2,Male,18,Aged 65 years,1303
E06000021,Stoke-on-Trent,2,Male,19,Aged 66 to 69 years,4860
E06000021,Stoke-on-Trent,2,Male,20,Aged 70 to 74 years,5765
E06000021,Stoke-on-Trent,2,Male,21,Aged 75 to 79 years,4120
E06000021,Stoke-on-Trent,2,Male,22,Aged 80 to 84 years,2543
E06000021,Stoke-on-Trent,2,Male,23,Aged 85 years and over,1883
E06000022,Bath and North East Somerset,1,Female,1,Aged 2 years and under,2488
E06000022,Bath and North East Somerset,1,Female,2,Aged 3 to 4 years,1834
E06000022,Bath and North East Somerset,1,Female,3,Aged 5 to 7 years,2847
E06000022,Bath and North East Somerset,1,Female,4,Aged 8 to 9 years,2047
E06000022,Bath and North East Somerset,1,Female,5,Aged 10 to 14 years,5150
E06000022,Bath and North East Somerset,1,Female,6,Aged 15 years,1025
E06000022,Bath and North East Somerset,1,Female,7,Aged 16 to 17 years,1946
E06000022,Bath and North East Somerset,1,Female,8,Aged 18 to 19 years,4452
E06000022,Bath and North East Somerset,1,Female,9,Aged 20 to 24 years,9210
E06000022,Bath and North East Somerset,1,Female,10,Aged 25 to 29 years,5837
E06000022,Bath and North East Somerset,1,Female,11,Aged 30 to 34 years,6081
E06000022,Bath and North East Somerset,1,Female,12,Aged 35 to 39 years,5527
E06000022,Bath and North East Somerset,1,Female,13,Aged 40 to 44 years,5499
E06000022,Bath and North East Somerset,1,Female,14,Aged 45 to 49 years,6012
E06000022,Bath and North East Somerset,1,Female,15,Aged 50 to 54 years,6547
E06000022,Bath and North East Somerset,1,Female,16,Aged 55 to 59 years,6501
E06000022,Bath and North East Somerset,1,Female,17,Aged 60 to 64 years,5517
E06000022,Bath and North East Somerset,1,Female,18,Aged 65 years,1037
E06000022,Bath and North East Somerset,1,Female,19,Aged 66 to 69 years,3904
E06000022,Bath and North East Somerset,1,Female,20,Aged 70 to 74 years,5134
E06000022,Bath and North East Somerset,1,Female,21,Aged 75 to 79 years,3975
E06000022,Bath and North East Somerset,1,Female,22,Aged 80 to 84 years,3013
E06000022,Bath and North East Somerset,1,Female,23,Aged 85 years and over,3441
E06000022,Bath and North East Somerset,2,Male,1,Aged 2 years and under,2743
E06000022,Bath and North East Somerset,2,Male,2,Aged 3 to 4 years,1955
E06000022,Bath and North East Somerset,2,Male,3,Aged 5 to 7 years,3051
E06000022,Bath and North East Somerset,2,Male,4,Aged 8 to 9 years,2101
E06000022,Bath and North East Somerset,2,Male,5,Aged 10 to 14 years,5497
E06000022,Bath and North East Somerset,2,Male,6,Aged 15 years,1053
E06000022,Bath and North East Somerset,2,Male,7,Aged 16 to 17 years,2053
E06000022,Bath and North East Somerset,2,Male,8,Aged 18 to 19 years,4243
E06000022,Bath and North East Somerset,2,Male,9,Aged 20 to 24 years,9339
E06000022,Bath and North East Somerset,2,Male,10,Aged 25 to 29 years,5624
E06000022,Bath and North East Somerset,2,Male,11,Aged 30 to 34 years,5633
E06000022,Bath and North East Somerset,2,Male,12,Aged 35 to 39 years,5366
E06000022,Bath and North East Somerset,2,Male,13,Aged 40 to 44 years,5284
E06000022,Bath and North East Somerset,2,Male,14,Aged 45 to 49 years,5719
E06000022,Bath and North East Somerset,2,Male,15,Aged 50 to 54 years,6161
E06000022,Bath and North East Somerset,2,Male,16,Aged 55 to 59 years,6256
E06000022,Bath and North East Somerset,2,Male,17,Aged 60 to 64 years,5293
E06000022,Bath and North East Somerset,2,Male,18,Aged 65 years,944
E06000022,Bath and North East Somerset,2,Male,19,Aged 66 to 69 years,3536
E06000022,Bath and North East Somerset,2,Male,20,Aged 70 to 74 years,4712
E06000022,Bath and North East Somerset,2,Male,21,Aged 75 to 79 years,3410
E06000022,Bath and North East Somerset,2,Male,22,Aged 80 to 84 years,2325
E06000022,Bath and North East Somerset,2,Male,23,Aged 85 years and over,2091
E06000023,Bristol,1,Female,1,Aged 2 years and under,7575
E06000023,Bristol,1,Female,2,Aged 3 to 4 years,4982
E06000023,Bristol,1,Female,3,Aged 5 to 7 years,7870
E06000023,Bristol,1,Female,4,Aged 8 to 9 years,5292
E06000023,Bristol,1,Female,5,Aged 10 to 14 years,12566
E06000023,Bristol,1,Female,6,Aged 15 years,2268
E06000023,Bristol,1,Female,7,Aged 16 to 17 years,4418
E06000023,Bristol,1,Female,8,Aged 18 to 19 years,8184
E06000023,Bristol,1,Female,9,Aged 20 to 24 years,24071
E06000023,Bristol,1,Female,10,Aged 25 to 29 years,22181
E06000023,Bristol,1,Female,11,Aged 30 to 34 years,22102
E06000023,Bristol,1,Female,12,Aged 35 to 39 years,18727
E06000023,Bristol,1,Female,13,Aged 40 to 44 years,15498
E06000023,Bristol,1,Female,14,Aged 45 to 49 years,13489
E06000023,Bristol,1,Female,15,Aged 50 to 54 years,12959
E06000023,Bristol,1,Female,16,Aged 55 to 59 years,12552
E06000023,Bristol,1,Female,17,Aged 60 to 64 years,10366
E06000023,Bristol,1,Female,18,Aged 65 years,1821
E06000023,Bristol,1,Female,19,Aged 66 to 69 years,6772
E06000023,Bristol,1,Female,20,Aged 70 to 74 years,8227
E06000023,Bristol,1,Female,21,Aged 75 to 79 years,6050
E06000023,Bristol,1,Female,22,Aged 80 to 84 years,4608
E06000023,Bristol,1,Female,23,Aged 85 years and over,5367
E06000023,Bristol,2,Male,1,Aged 2 years and under,7952
E06000023,Bristol,2,Male,2,Aged 3 to 4 years,5433
E06000023,Bristol,2,Male,3,Aged 5 to 7 years,8092
E06000023,Bristol,2,Male,4,Aged 8 to 9 years,5510
E06000023,Bristol,2,Male,5,Aged 10 to 14 years,13008
E06000023,Bristol,2,Male,6,Aged 15 years,2209
E06000023,Bristol,2,Male,7,Aged 16 to 17 years,4716
E06000023,Bristol,2,Male,8,Aged 18 to 19 years,7823
E06000023,Bristol,2,Male,9,Aged 20 to 24 years,23467
E06000023,Bristol,2,Male,10,Aged 25 to 29 years,22218
E06000023,Bristol,2,Male,11,Aged 30 to 34 years,21755
E06000023,Bristol,2,Male,12,Aged 35 to 39 years,19040
E06000023,Bristol,2,Male,13,Aged 40 to 44 years,15743
E06000023,Bristol,2,Male,14,Aged 45 to 49 years,13581
E06000023,Bristol,2,Male,15,Aged 50 to 54 years,13395
E06000023,Bristol,2,Male,16,Aged 55 to 59 years,12491
E06000023,Bristol,2,Male,17,Aged 60 to 64 years,10172
E06000023,Bristol,2,Male,18,Aged 65 years,1793
E06000023,Bristol,2,Male,19,Aged 66 to 69 years,6508
E06000023,Bristol,2,Male,20,Aged 70 to 74 years,7752
E06000023,Bristol,2,Male,21,Aged 75 to 79 years,5265
E06000023,Bristol,2,Male,22,Aged 80 to 84 years,3558
E06000023,Bristol,2,Male,23,Aged 85 years and over,3042
E06000024,North Somerset,1,Female,1,Aged 2 years and under,3036
E06000024,North Somerset,1,Female,2,Aged 3 to 4 years,2178
E06000024,North Somerset,1,Female,3,Aged 5 to 7 years,3455
E06000024,North Somerset,1,Female,4,Aged 8 to 9 years,2481
E06000024,North Somerset,1,Female,5,Aged 10 to 14 years,6173
E06000024,North Somerset,1,Female,6,Aged 15 years,1181
E06000024,North Somerset,1,Female,7,Aged 16 to 17 years,2300
E06000024,North Somerset,1,Female,8,Aged 18 to 19 years,1781
E06000024,North Somerset,1,Female,9,Aged 20 to 24 years,4848
E06000024,North Somerset,1,Female,10,Aged 25 to 29 years,5527
E06000024,North Somerset,1,Female,11,Aged 30 to 34 years,6417
E06000024,North Somerset,1,Female,12,Aged 35 to 39 years,6773
E06000024,North Somerset,1,Female,13,Aged 40 to 44 years,6973
E06000024,North Somerset,1,Female,14,Aged 45 to 49 years,7131
E06000024,North Somerset,1,Female,15,Aged 50 to 54 years,7874
E06000024,North Somerset,1,Female,16,Aged 55 to 59 years,7939
E06000024,North Somerset,1,Female,17,Aged 60 to 64 years,7030
E06000024,North Somerset,1,Female,18,Aged 65 years,1320
E06000024,North Somerset,1,Female,19,Aged 66 to 69 years,5244
E06000024,North Somerset,1,Female,20,Aged 70 to 74 years,7326
E06000024,North Somerset,1,Female,21,Aged 75 to 79 years,5783
E06000024,North Somerset,1,Female,22,Aged 80 to 84 years,4023
E06000024,North Somerset,1,Female,23,Aged 85 years and over,4627
E06000024,North Somerset,2,Male,1,Aged 2 years and under,3177
E06000024,North Somerset,2,Male,2,Aged 3 to 4 years,2271
E06000024,North Somerset,2,Male,3,Aged 5 to 7 years,3613
E06000024,North Somerset,2,Male,4,Aged 8 to 9 years,2701
E06000024,North Somerset,2,Male,5,Aged 10 to 14 years,6657
E06000024,North Somerset,2,Male,6,Aged 15 years,1243
E06000024,North Somerset,2,Male,7,Aged 16 to 17 years,2384
E06000024,North Somerset,2,Male,8,Aged 18 to 19 years,1945
E06000024,North Somerset,2,Male,9,Aged 20 to 24 years,4933
E06000024,North Somerset,2,Male,10,Aged 25 to 29 years,5268
E06000024,North Somerset,2,Male,11,Aged 30 to 34 years,5914
E06000024,North Somerset,2,Male,12,Aged 35 to 39 years,6301
E06000024,North Somerset,2,Male,13,Aged 40 to 44 years,6437
E06000024,North Somerset,2,Male,14,Aged 45 to 49 years,6997
E06000024,North Somerset,2,Male,15,Aged 50 to 54 years,7614
E06000024,North Somerset,2,Male,16,Aged 55 to 59 years,7834
E06000024,North Somerset,2,Male,17,Aged 60 to 64 years,6471
E06000024,North Somerset,2,Male,18,Aged 65 years,1214
E06000024,North Somerset,2,Male,19,Aged 66 to 69 years,4750
E06000024,North Somerset,2,Male,20,Aged 70 to 74 years,6621
E06000024,North Somerset,2,Male,21,Aged 75 to 79 years,4969
E06000024,North Somerset,2,Male,22,Aged 80 to 84 years,3266
E06000024,North Somerset,2,Male,23,Aged 85 years and over,2729
E06000025,South Gloucestershire,1,Female,1,Aged 2 years and under,4630
E06000025,South Gloucestershire,1,Female,2,Aged 3 to 4 years,3162
E06000025,South Gloucestershire,1,Female,3,Aged 5 to 7 years,4943
E06000025,South Gloucestershire,1,Female,4,Aged 8 to 9 years,3421
E06000025,South Gloucestershire,1,Female,5,Aged 10 to 14 years,8160
E06000025,South Gloucestershire,1,Female,6,Aged 15 years,1510
E06000025,South Gloucestershire,1,Female,7,Aged 16 to 17 years,2994
E06000025,South Gloucestershire,1,Female,8,Aged 18 to 19 years,3276
E06000025,South Gloucestershire,1,Female,9,Aged 20 to 24 years,8601
E06000025,South Gloucestershire,1,Female,10,Aged 25 to 29 years,9786
E06000025,South Gloucestershire,1,Female,11,Aged 30 to 34 years,10476
E06000025,South Gloucestershire,1,Female,12,Aged 35 to 39 years,9977
E06000025,South Gloucestershire,1,Female,13,Aged 40 to 44 years,9116
E06000025,South Gloucestershire,1,Female,14,Aged 45 to 49 years,9066
E06000025,South Gloucestershire,1,Female,15,Aged 50 to 54 years,10298
E06000025,South Gloucestershire,1,Female,16,Aged 55 to 59 years,9981
E06000025,South Gloucestershire,1,Female,17,Aged 60 to 64 years,8038
E06000025,South Gloucestershire,1,Female,18,Aged 65 years,1411
E06000025,South Gloucestershire,1,Female,19,Aged 66 to 69 years,5515
E06000025,South Gloucestershire,1,Female,20,Aged 70 to 74 years,7390
E06000025,South Gloucestershire,1,Female,21,Aged 75 to 79 years,6024
E06000025,South Gloucestershire,1,Female,22,Aged 80 to 84 years,4300
E06000025,South Gloucestershire,1,Female,23,Aged 85 years and over,4582
E06000025,South Gloucestershire,2,Male,1,Aged 2 years and under,4889
E06000025,South Gloucestershire,2,Male,2,Aged 3 to 4 years,3438
E06000025,South Gloucestershire,2,Male,3,Aged 5 to 7 years,5183
E06000025,South Gloucestershire,2,Male,4,Aged 8 to 9 years,3581
E06000025,South Gloucestershire,2,Male,5,Aged 10 to 14 years,8567
E06000025,South Gloucestershire,2,Male,6,Aged 15 years,1574
E06000025,South Gloucestershire,2,Male,7,Aged 16 to 17 years,3155
E06000025,South Gloucestershire,2,Male,8,Aged 18 to 19 years,3691
E06000025,South Gloucestershire,2,Male,9,Aged 20 to 24 years,9498
E06000025,South Gloucestershire,2,Male,10,Aged 25 to 29 years,9635
E06000025,South Gloucestershire,2,Male,11,Aged 30 to 34 years,9989
E06000025,South Gloucestershire,2,Male,12,Aged 35 to 39 years,9705
E06000025,South Gloucestershire,2,Male,13,Aged 40 to 44 years,8954
E06000025,South Gloucestershire,2,Male,14,Aged 45 to 49 years,8994
E06000025,South Gloucestershire,2,Male,15,Aged 50 to 54 years,10013
E06000025,South Gloucestershire,2,Male,16,Aged 55 to 59 years,9881
E06000025,South Gloucestershire,2,Male,17,Aged 60 to 64 years,8050
E06000025,South Gloucestershire,2,Male,18,Aged 65 years,1355
E06000025,South Gloucestershire,2,Male,19,Aged 66 to 69 years,5228
E06000025,South Gloucestershire,2,Male,20,Aged 70 to 74 years,6669
E06000025,South Gloucestershire,2,Male,21,Aged 75 to 79 years,5309
E06000025,South Gloucestershire,2,Male,22,Aged 80 to 84 years,3456
E06000025,South Gloucestershire,2,Male,23,Aged 85 years and over,2956
E06000026,Plymouth,1,Female,1,Aged 2 years and under,3809
E06000026,Plymouth,1,Female,2,Aged 3 to 4 years,2567
E06000026,Plymouth,1,Female,3,Aged 5 to 7 years,4229
E06000026,Plymouth,1,Female,4,Aged 8 to 9 years,3127
E06000026,Plymouth,1,Female,5,Aged 10 to 14 years,7411
E06000026,Plymouth,1,Female,6,Aged 15 years,1270
E06000026,Plymouth,1,Female,7,Aged 16 to 17 years,2745
E06000026,Plymouth,1,Female,8,Aged 18 to 19 years,3958
E06000026,Plymouth,1,Female,9,Aged 20 to 24 years,10848
E06000026,Plymouth,1,Female,10,Aged 25 to 29 years,8960
E06000026,Plymouth,1,Female,11,Aged 30 to 34 years,9325
E06000026,Plymouth,1,Female,12,Aged 35 to 39 years,8717
E06000026,Plymouth,1,Female,13,Aged 40 to 44 years,7783
E06000026,Plymouth,1,Female,14,Aged 45 to 49 years,7989
E06000026,Plymouth,1,Female,15,Aged 50 to 54 years,8957
E06000026,Plymouth,1,Female,16,Aged 55 to 59 years,8692
E06000026,Plymouth,1,Female,17,Aged 60 to 64 years,7767
E06000026,Plymouth,1,Female,18,Aged 65 years,1346
E06000026,Plymouth,1,Female,19,Aged 66 to 69 years,5259
E06000026,Plymouth,1,Female,20,Aged 70 to 74 years,6871
E06000026,Plymouth,1,Female,21,Aged 75 to 79 years,5196
E06000026,Plymouth,1,Female,22,Aged 80 to 84 years,3828
E06000026,Plymouth,1,Female,23,Aged 85 years and over,4135
E06000026,Plymouth,2,Male,1,Aged 2 years and under,3952
E06000026,Plymouth,2,Male,2,Aged 3 to 4 years,2876
E06000026,Plymouth,2,Male,3,Aged 5 to 7 years,4545
E06000026,Plymouth,2,Male,4,Aged 8 to 9 years,3223
E06000026,Plymouth,2,Male,5,Aged 10 to 14 years,7624
E06000026,Plymouth,2,Male,6,Aged 15 years,1436
E06000026,Plymouth,2,Male,7,Aged 16 to 17 years,2821
E06000026,Plymouth,2,Male,8,Aged 18 to 19 years,3691
E06000026,Plymouth,2,Male,9,Aged 20 to 24 years,10326
E06000026,Plymouth,2,Male,10,Aged 25 to 29 years,8978
E06000026,Plymouth,2,Male,11,Aged 30 to 34 years,9070
E06000026,Plymouth,2,Male,12,Aged 35 to 39 years,8652
E06000026,Plymouth,2,Male,13,Aged 40 to 44 years,7794
E06000026,Plymouth,2,Male,14,Aged 45 to 49 years,7785
E06000026,Plymouth,2,Male,15,Aged 50 to 54 years,8661
E06000026,Plymouth,2,Male,16,Aged 55 to 59 years,8624
E06000026,Plymouth,2,Male,17,Aged 60 to 64 years,7516
E06000026,Plymouth,2,Male,18,Aged 65 years,1312
E06000026,Plymouth,2,Male,19,Aged 66 to 69 years,4974
E06000026,Plymouth,2,Male,20,Aged 70 to 74 years,6298
E06000026,Plymouth,2,Male,21,Aged 75 to 79 years,4538
E06000026,Plymouth,2,Male,22,Aged 80 to 84 years,2865
E06000026,Plymouth,2,Male,23,Aged 85 years and over,2349
E06000027,Torbay,1,Female,1,Aged 2 years and under,1669
E06000027,Torbay,1,Female,2,Aged 3 to 4 years,1295
E06000027,Torbay,1,Female,3,Aged 5 to 7 years,2126
E06000027,Torbay,1,Female,4,Aged 8 to 9 years,1456
E06000027,Torbay,1,Female,5,Aged 10 to 14 years,3664
E06000027,Torbay,1,Female,6,Aged 15 years,665
E06000027,Torbay,1,Female,7,Aged 16 to 17 years,1460
E06000027,Torbay,1,Female,8,Aged 18 to 19 years,1085
E06000027,Torbay,1,Female,9,Aged 20 to 24 years,3039
E06000027,Torbay,1,Female,10,Aged 25 to 29 years,3679
E06000027,Torbay,1,Female,11,Aged 30 to 34 years,3926
E06000027,Torbay,1,Female,12,Aged 35 to 39 years,3754
E06000027,Torbay,1,Female,13,Aged 40 to 44 years,3789
E06000027,Torbay,1,Female,14,Aged 45 to 49 years,4154
E06000027,Torbay,1,Female,15,Aged 50 to 54 years,5188
E06000027,Torbay,1,Female,16,Aged 55 to 59 years,5483
E06000027,Torbay,1,Female,17,Aged 60 to 64 years,5027
E06000027,Torbay,1,Female,18,Aged 65 years,960
E06000027,Torbay,1,Female,19,Aged 66 to 69 years,3747
E06000027,Torbay,1,Female,20,Aged 70 to 74 years,5178
E06000027,Torbay,1,Female,21,Aged 75 to 79 years,3957
E06000027,Torbay,1,Female,22,Aged 80 to 84 years,2857
E06000027,Torbay,1,Female,23,Aged 85 years and over,3334
E06000027,Torbay,2,Male,1,Aged 2 years and under,1835
E06000027,Torbay,2,Male,2,Aged 3 to 4 years,1258
E06000027,Torbay,2,Male,3,Aged 5 to 7 years,2161
E06000027,Torbay,2,Male,4,Aged 8 to 9 years,1569
E06000027,Torbay,2,Male,5,Aged 10 to 14 years,3837
E06000027,Torbay,2,Male,6,Aged 15 years,755
E06000027,Torbay,2,Male,7,Aged 16 to 17 years,1502
E06000027,Torbay,2,Male,8,Aged 18 to 19 years,1257
E06000027,Torbay,2,Male,9,Aged 20 to 24 years,3175
E06000027,Torbay,2,Male,10,Aged 25 to 29 years,3450
E06000027,Torbay,2,Male,11,Aged 30 to 34 years,3685
E06000027,Torbay,2,Male,12,Aged 35 to 39 years,3561
E06000027,Torbay,2,Male,13,Aged 40 to 44 years,3431
E06000027,Torbay,2,Male,14,Aged 45 to 49 years,4049
E06000027,Torbay,2,Male,15,Aged 50 to 54 years,5083
E06000027,Torbay,2,Male,16,Aged 55 to 59 years,5223
E06000027,Torbay,2,Male,17,Aged 60 to 64 years,4844
E06000027,Torbay,2,Male,18,Aged 65 years,912
E06000027,Torbay,2,Male,19,Aged 66 to 69 years,3582
E06000027,Torbay,2,Male,20,Aged 70 to 74 years,4846
E06000027,Torbay,2,Male,21,Aged 75 to 79 years,3595
E06000027,Torbay,2,Male,22,Aged 80 to 84 years,2276
E06000027,Torbay,2,Male,23,Aged 85 years and over,1940
E06000030,Swindon,1,Female,1,Aged 2 years and under,3848
E06000030,Swindon,1,Female,2,Aged 3 to 4 years,2855
E06000030,Swindon,1,Female,3,Aged 5 to 7 years,4298
E06000030,Swindon,1,Female,4,Aged 8 to 9 years,3057
E06000030,Swindon,1,Female,5,Aged 10 to 14 years,7182
E06000030,Swindon,1,Female,6,Aged 15 years,1287
E06000030,Swindon,1,Female,7,Aged 16 to 17 years,2522
E06000030,Swindon,1,Female,8,Aged 18 to 19 years,2098
E06000030,Swindon,1,Female,9,Aged 20 to 24 years,5906
E06000030,Swindon,1,Female,10,Aged 25 to 29 years,7885
E06000030,Swindon,1,Female,11,Aged 30 to 34 years,8926
E06000030,Swindon,1,Female,12,Aged 35 to 39 years,8850
E06000030,Swindon,1,Female,13,Aged 40 to 44 years,8093
E06000030,Swindon,1,Female,14,Aged 45 to 49 years,8012
E06000030,Swindon,1,Female,15,Aged 50 to 54 years,8330
E06000030,Swindon,1,Female,16,Aged 55 to 59 years,7781
E06000030,Swindon,1,Female,17,Aged 60 to 64 years,6472
E06000030,Swindon,1,Female,18,Aged 65 years,1119
E06000030,Swindon,1,Female,19,Aged 66 to 69 years,4295
E06000030,Swindon,1,Female,20,Aged 70 to 74 years,5144
E06000030,Swindon,1,Female,21,Aged 75 to 79 years,3734
E06000030,Swindon,1,Female,22,Aged 80 to 84 years,2699
E06000030,Swindon,1,Female,23,Aged 85 years and over,2954
E06000030,Swindon,2,Male,1,Aged 2 years and under,4030
E06000030,Swindon,2,Male,2,Aged 3 to 4 years,2893
E06000030,Swindon,2,Male,3,Aged 5 to 7 years,4569
E06000030,Swindon,2,Male,4,Aged 8 to 9 years,3230
E06000030,Swindon,2,Male,5,Aged 10 to 14 years,7582
E06000030,Swindon,2,Male,6,Aged 15 years,1426
E06000030,Swindon,2,Male,7,Aged 16 to 17 years,2688
E06000030,Swindon,2,Male,8,Aged 18 to 19 years,2262
E06000030,Swindon,2,Male,9,Aged 20 to 24 years,6122
E06000030,Swindon,2,Male,10,Aged 25 to 29 years,7401
E06000030,Swindon,2,Male,11,Aged 30 to 34 years,8426
E06000030,Swindon,2,Male,12,Aged 35 to 39 years,8468
E06000030,Swindon,2,Male,13,Aged 40 to 44 years,8189
E06000030,Swindon,2,Male,14,Aged 45 to 49 years,8344
E06000030,Swindon,2,Male,15,Aged 50 to 54 years,8452
E06000030,Swindon,2,Male,16,Aged 55 to 59 years,8230
E06000030,Swindon,2,Male,17,Aged 60 to 64 years,6630
E06000030,Swindon,2,Male,18,Aged 65 years,1088
E06000030,Swindon,2,Male,19,Aged 66 to 69 years,4057
E06000030,Swindon,2,Male,20,Aged 70 to 74 years,4693
E06000030,Swindon,2,Male,21,Aged 75 to 79 years,3247
E06000030,Swindon,2,Male,22,Aged 80 to 84 years,2176
E06000030,Swindon,2,Male,23,Aged 85 years and over,1863
E06000031,Peterborough,1,Female,1,Aged 2 years and under,3933
E06000031,Peterborough,1,Female,2,Aged 3 to 4 years,2941
E06000031,Peterborough,1,Female,3,Aged 5 to 7 years,4417
E06000031,Peterborough,1,Female,4,Aged 8 to 9 years,3177
E06000031,Peterborough,1,Female,5,Aged 10 to 14 years,7415
E06000031,Peterborough,1,Female,6,Aged 15 years,1347
E06000031,Peterborough,1,Female,7,Aged 16 to 17 years,2614
E06000031,Peterborough,1,Female,8,Aged 18 to 19 years,1999
E06000031,Peterborough,1,Female,9,Aged 20 to 24 years,5747
E06000031,Peterborough,1,Female,10,Aged 25 to 29 years,7856
E06000031,Peterborough,1,Female,11,Aged 30 to 34 years,8917
E06000031,Peterborough,1,Female,12,Aged 35 to 39 years,8837
E06000031,Peterborough,1,Female,13,Aged 40 to 44 years,7705
E06000031,Peterborough,1,Female,14,Aged 45 to 49 years,6877
E06000031,Peterborough,1,Female,15,Aged 50 to 54 years,6942
E06000031,Peterborough,1,Female,16,Aged 55 to 59 years,6389
E06000031,Peterborough,1,Female,17,Aged 60 to 64 years,5310
E06000031,Peterborough,1,Female,18,Aged 65 years,922
E06000031,Peterborough,1,Female,19,Aged 66 to 69 years,3647
E06000031,Peterborough,1,Female,20,Aged 70 to 74 years,4205
E06000031,Peterborough,1,Female,21,Aged 75 to 79 years,3076
E06000031,Peterborough,1,Female,22,Aged 80 to 84 years,2300
E06000031,Peterborough,1,Female,23,Aged 85 years and over,2496
E06000031,Peterborough,2,Male,1,Aged 2 years and under,4329
E06000031,Peterborough,2,Male,2,Aged 3 to 4 years,2962
E06000031,Peterborough,2,Male,3,Aged 5 to 7 years,4865
E06000031,Peterborough,2,Male,4,Aged 8 to 9 years,3271
E06000031,Peterborough,2,Male,5,Aged 10 to 14 years,8087
E06000031,Peterborough,2,Male,6,Aged 15 years,1358
E06000031,Peterborough,2,Male,7,Aged 16 to 17 years,2871
E06000031,Peterborough,2,Male,8,Aged 18 to 19 years,2354
E06000031,Peterborough,2,Male,9,Aged 20 to 24 years,5931
E06000031,Peterborough,2,Male,10,Aged 25 to 29 years,7470
E06000031,Peterborough,2,Male,11,Aged 30 to 34 years,8381
E06000031,Peterborough,2,Male,12,Aged 35 to 39 years,8412
E06000031,Peterborough,2,Male,13,Aged 40 to 44 years,7589
E06000031,Peterborough,2,Male,14,Aged 45 to 49 years,6976
E06000031,Peterborough,2,Male,15,Aged 50 to 54 years,6758
E06000031,Peterborough,2,Male,16,Aged 55 to 59 years,5962
E06000031,Peterborough,2,Male,17,Aged 60 to 64 years,5093
E06000031,Peterborough,2,Male,18,Aged 65 years,894
E06000031,Peterborough,2,Male,19,Aged 66 to 69 years,3162
E06000031,Peterborough,2,Male,20,Aged 70 to 74 years,3913
E06000031,Peterborough,2,Male,21,Aged 75 to 79 years,2610
E06000031,Peterborough,2,Male,22,Aged 80 to 84 years,1805
E06000031,Peterborough,2,Male,23,Aged 85 years and over,1557
E06000032,Luton,1,Female,1,Aged 2 years and under,4711
E06000032,Luton,1,Female,2,Aged 3 to 4 years,3155
E06000032,Luton,1,Female,3,Aged 5 to 7 years,4780
E06000032,Luton,1,Female,4,Aged 8 to 9 years,3315
E06000032,Luton,1,Female,5,Aged 10 to 14 years,8186
E06000032,Luton,1,Female,6,Aged 15 years,1513
E06000032,Luton,1,Female,7,Aged 16 to 17 years,3104
E06000032,Luton,1,Female,8,Aged 18 to 19 years,2626
E06000032,Luton,1,Female,9,Aged 20 to 24 years,7629
E06000032,Luton,1,Female,10,Aged 25 to 29 years,8440
E06000032,Luton,1,Female,11,Aged 30 to 34 years,9216
E06000032,Luton,1,Female,12,Aged 35 to 39 years,9094
E06000032,Luton,1,Female,13,Aged 40 to 44 years,8072
E06000032,Luton,1,Female,14,Aged 45 to 49 years,6715
E06000032,Luton,1,Female,15,Aged 50 to 54 years,6652
E06000032,Luton,1,Female,16,Aged 55 to 59 years,6078
E06000032,Luton,1,Female,17,Aged 60 to 64 years,4849
E06000032,Luton,1,Female,18,Aged 65 years,891
E06000032,Luton,1,Female,19,Aged 66 to 69 years,3021
E06000032,Luton,1,Female,20,Aged 70 to 74 years,3346
E06000032,Luton,1,Female,21,Aged 75 to 79 years,2636
E06000032,Luton,1,Female,22,Aged 80 to 84 years,2166
E06000032,Luton,1,Female,23,Aged 85 years and over,2242
E06000032,Luton,2,Male,1,Aged 2 years and under,4801
E06000032,Luton,2,Male,2,Aged 3 to 4 years,3293
E06000032,Luton,2,Male,3,Aged 5 to 7 years,5222
E06000032,Luton,2,Male,4,Aged 8 to 9 years,3414
E06000032,Luton,2,Male,5,Aged 10 to 14 years,8558
E06000032,Luton,2,Male,6,Aged 15 years,1616
E06000032,Luton,2,Male,7,Aged 16 to 17 years,3281
E06000032,Luton,2,Male,8,Aged 18 to 19 years,2932
E06000032,Luton,2,Male,9,Aged 20 to 24 years,7954
E06000032,Luton,2,Male,10,Aged 25 to 29 years,8075
E06000032,Luton,2,Male,11,Aged 30 to 34 years,8640
E06000032,Luton,2,Male,12,Aged 35 to 39 years,8569
E06000032,Luton,2,Male,13,Aged 40 to 44 years,8441
E06000032,Luton,2,Male,14,Aged 45 to 49 years,7376
E06000032,Luton,2,Male,15,Aged 50 to 54 years,7176
E06000032,Luton,2,Male,16,Aged 55 to 59 years,6303
E06000032,Luton,2,Male,17,Aged 60 to 64 years,5110
E06000032,Luton,2,Male,18,Aged 65 years,927
E06000032,Luton,2,Male,19,Aged 66 to 69 years,2934
E06000032,Luton,2,Male,20,Aged 70 to 74 years,3037
E06000032,Luton,2,Male,21,Aged 75 to 79 years,2132
E06000032,Luton,2,Male,22,Aged 80 to 84 years,1670
E06000032,Luton,2,Male,23,Aged 85 years and over,1363
E06000033,Southend-on-Sea,1,Female,1,Aged 2 years and under,2972
E06000033,Southend-on-Sea,1,Female,2,Aged 3 to 4 years,2125
E06000033,Southend-on-Sea,1,Female,3,Aged 5 to 7 years,3194
E06000033,Southend-on-Sea,1,Female,4,Aged 8 to 9 years,2160
E06000033,Southend-on-Sea,1,Female,5,Aged 10 to 14 years,5432
E06000033,Southend-on-Sea,1,Female,6,Aged 15 years,962
E06000033,Southend-on-Sea,1,Female,7,Aged 16 to 17 years,1837
E06000033,Southend-on-Sea,1,Female,8,Aged 18 to 19 years,1573
E06000033,Southend-on-Sea,1,Female,9,Aged 20 to 24 years,4768
E06000033,Southend-on-Sea,1,Female,10,Aged 25 to 29 years,5724
E06000033,Southend-on-Sea,1,Female,11,Aged 30 to 34 years,6269
E06000033,Southend-on-Sea,1,Female,12,Aged 35 to 39 years,6351
E06000033,Southend-on-Sea,1,Female,13,Aged 40 to 44 years,6210
E06000033,Southend-on-Sea,1,Female,14,Aged 45 to 49 years,6195
E06000033,Southend-on-Sea,1,Female,15,Aged 50 to 54 years,6345
E06000033,Southend-on-Sea,1,Female,16,Aged 55 to 59 years,6290
E06000033,Southend-on-Sea,1,Female,17,Aged 60 to 64 years,5260
E06000033,Southend-on-Sea,1,Female,18,Aged 65 years,930
E06000033,Southend-on-Sea,1,Female,19,Aged 66 to 69 years,3652
E06000033,Southend-on-Sea,1,Female,20,Aged 70 to 74 years,4884
E06000033,Southend-on-Sea,1,Female,21,Aged 75 to 79 years,3783
E06000033,Southend-on-Sea,1,Female,22,Aged 80 to 84 years,2650
E06000033,Southend-on-Sea,1,Female,23,Aged 85 years and over,3207
E06000033,Southend-on-Sea,2,Male,1,Aged 2 years and under,3015
E06000033,Southend-on-Sea,2,Male,2,Aged 3 to 4 years,2130
E06000033,Southend-on-Sea,2,Male,3,Aged 5 to 7 years,3302
E06000033,Southend-on-Sea,2,Male,4,Aged 8 to 9 years,2243
E06000033,Southend-on-Sea,2,Male,5,Aged 10 to 14 years,5722
E06000033,Southend-on-Sea,2,Male,6,Aged 15 years,1019
E06000033,Southend-on-Sea,2,Male,7,Aged 16 to 17 years,2060
E06000033,Southend-on-Sea,2,Male,8,Aged 18 to 19 years,1731
E06000033,Southend-on-Sea,2,Male,9,Aged 20 to 24 years,4588
E06000033,Southend-on-Sea,2,Male,10,Aged 25 to 29 years,5499
E06000033,Southend-on-Sea,2,Male,11,Aged 30 to 34 years,5666
E06000033,Southend-on-Sea,2,Male,12,Aged 35 to 39 years,5844
E06000033,Southend-on-Sea,2,Male,13,Aged 40 to 44 years,5953
E06000033,Southend-on-Sea,2,Male,14,Aged 45 to 49 years,6128
E06000033,Southend-on-Sea,2,Male,15,Aged 50 to 54 years,6193
E06000033,Southend-on-Sea,2,Male,16,Aged 55 to 59 years,6206
E06000033,Southend-on-Sea,2,Male,17,Aged 60 to 64 years,5159
E06000033,Southend-on-Sea,2,Male,18,Aged 65 years,897
E06000033,Southend-on-Sea,2,Male,19,Aged 66 to 69 years,3337
E06000033,Southend-on-Sea,2,Male,20,Aged 70 to 74 years,4323
E06000033,Southend-on-Sea,2,Male,21,Aged 75 to 79 years,3059
E06000033,Southend-on-Sea,2,Male,22,Aged 80 to 84 years,2068
E06000033,Southend-on-Sea,2,Male,23,Aged 85 years and over,1771
E06000034,Thurrock,1,Female,1,Aged 2 years and under,3455
E06000034,Thurrock,1,Female,2,Aged 3 to 4 years,2524
E06000034,Thurrock,1,Female,3,Aged 5 to 7 years,3733
E06000034,Thurrock,1,Female,4,Aged 8 to 9 years,2430
E06000034,Thurrock,1,Female,5,Aged 10 to 14 years,6047
E06000034,Thurrock,1,Female,6,Aged 15 years,1114
E06000034,Thurrock,1,Female,7,Aged 16 to 17 years,2195
E06000034,Thurrock,1,Female,8,Aged 18 to 19 years,1745
E06000034,Thurrock,1,Female,9,Aged 20 to 24 years,4768
E06000034,Thurrock,1,Female,10,Aged 25 to 29 years,6249
E06000034,Thurrock,1,Female,11,Aged 30 to 34 years,7451
E06000034,Thurrock,1,Female,12,Aged 35 to 39 years,7220
E06000034,Thurrock,1,Female,13,Aged 40 to 44 years,6448
E06000034,Thurrock,1,Female,14,Aged 45 to 49 years,5893
E06000034,Thurrock,1,Female,15,Aged 50 to 54 years,5885
E06000034,Thurrock,1,Female,16,Aged 55 to 59 years,5388
E06000034,Thurrock,1,Female,17,Aged 60 to 64 years,4184
E06000034,Thurrock,1,Female,18,Aged 65 years,701
E06000034,Thurrock,1,Female,19,Aged 66 to 69 years,2770
E06000034,Thurrock,1,Female,20,Aged 70 to 74 years,3561
E06000034,Thurrock,1,Female,21,Aged 75 to 79 years,2407
E06000034,Thurrock,1,Female,22,Aged 80 to 84 years,1780
E06000034,Thurrock,1,Female,23,Aged 85 years and over,1837
E06000034,Thurrock,2,Male,1,Aged 2 years and under,3725
E06000034,Thurrock,2,Male,2,Aged 3 to 4 years,2556
E06000034,Thurrock,2,Male,3,Aged 5 to 7 years,3866
E06000034,Thurrock,2,Male,4,Aged 8 to 9 years,2635
E06000034,Thurrock,2,Male,5,Aged 10 to 14 years,6354
E06000034,Thurrock,2,Male,6,Aged 15 years,1197
E06000034,Thurrock,2,Male,7,Aged 16 to 17 years,2330
E06000034,Thurrock,2,Male,8,Aged 18 to 19 years,1877
E06000034,Thurrock,2,Male,9,Aged 20 to 24 years,4761
E06000034,Thurrock,2,Male,10,Aged 25 to 29 years,5546
E06000034,Thurrock,2,Male,11,Aged 30 to 34 years,6652
E06000034,Thurrock,2,Male,12,Aged 35 to 39 years,6629
E06000034,Thurrock,2,Male,13,Aged 40 to 44 years,6027
E06000034,Thurrock,2,Male,14,Aged 45 to 49 years,5755
E06000034,Thurrock,2,Male,15,Aged 50 to 54 years,5947
E06000034,Thurrock,2,Male,16,Aged 55 to 59 years,5371
E06000034,Thurrock,2,Male,17,Aged 60 to 64 years,4188
E06000034,Thurrock,2,Male,18,Aged 65 years,711
E06000034,Thurrock,2,Male,19,Aged 66 to 69 years,2531
E06000034,Thurrock,2,Male,20,Aged 70 to 74 years,3260
E06000034,Thurrock,2,Male,21,Aged 75 to 79 years,2006
E06000034,Thurrock,2,Male,22,Aged 80 to 84 years,1292
E06000034,Thurrock,2,Male,23,Aged 85 years and over,999
E06000035,Medway,1,Female,1,Aged 2 years and under,4956
E06000035,Medway,1,Female,2,Aged 3 to 4 years,3500
E06000035,Medway,1,Female,3,Aged 5 to 7 years,5306
E06000035,Medway,1,Female,4,Aged 8 to 9 years,3663
E06000035,Medway,1,Female,5,Aged 10 to 14 years,8816
E06000035,Medway,1,Female,6,Aged 15 years,1662
E06000035,Medway,1,Female,7,Aged 16 to 17 years,3300
E06000035,Medway,1,Female,8,Aged 18 to 19 years,2967
E06000035,Medway,1,Female,9,Aged 20 to 24 years,7785
E06000035,Medway,1,Female,10,Aged 25 to 29 years,9535
E06000035,Medway,1,Female,11,Aged 30 to 34 years,10717
E06000035,Medway,1,Female,12,Aged 35 to 39 years,10008
E06000035,Medway,1,Female,13,Aged 40 to 44 years,9499
E06000035,Medway,1,Female,14,Aged 45 to 49 years,8886
E06000035,Medway,1,Female,15,Aged 50 to 54 years,9581
E06000035,Medway,1,Female,16,Aged 55 to 59 years,9507
E06000035,Medway,1,Female,17,Aged 60 to 64 years,7952
E06000035,Medway,1,Female,18,Aged 65 years,1376
E06000035,Medway,1,Female,19,Aged 66 to 69 years,5239
E06000035,Medway,1,Female,20,Aged 70 to 74 years,6852
E06000035,Medway,1,Female,21,Aged 75 to 79 years,4797
E06000035,Medway,1,Female,22,Aged 80 to 84 years,3390
E06000035,Medway,1,Female,23,Aged 85 years and over,3354
E06000035,Medway,2,Male,1,Aged 2 years and under,5166
E06000035,Medway,2,Male,2,Aged 3 to 4 years,3686
E06000035,Medway,2,Male,3,Aged 5 to 7 years,5540
E06000035,Medway,2,Male,4,Aged 8 to 9 years,3828
E06000035,Medway,2,Male,5,Aged 10 to 14 years,9204
E06000035,Medway,2,Male,6,Aged 15 years,1690
E06000035,Medway,2,Male,7,Aged 16 to 17 years,3445
E06000035,Medway,2,Male,8,Aged 18 to 19 years,3163
E06000035,Medway,2,Male,9,Aged 20 to 24 years,8152
E06000035,Medway,2,Male,10,Aged 25 to 29 years,8806
E06000035,Medway,2,Male,11,Aged 30 to 34 years,9651
E06000035,Medway,2,Male,12,Aged 35 to 39 years,9469
E06000035,Medway,2,Male,13,Aged 40 to 44 years,8967
E06000035,Medway,2,Male,14,Aged 45 to 49 years,8768
E06000035,Medway,2,Male,15,Aged 50 to 54 years,9565
E06000035,Medway,2,Male,16,Aged 55 to 59 years,9267
E06000035,Medway,2,Male,17,Aged 60 to 64 years,7713
E06000035,Medway,2,Male,18,Aged 65 years,1288
E06000035,Medway,2,Male,19,Aged 66 to 69 years,5025
E06000035,Medway,2,Male,20,Aged 70 to 74 years,6156
E06000035,Medway,2,Male,21,Aged 75 to 79 years,4134
E06000035,Medway,2,Male,22,Aged 80 to 84 years,2635
E06000035,Medway,2,Male,23,Aged 85 years and over,1809
E06000036,Bracknell Forest,1,Female,1,Aged 2 years and under,2077
E06000036,Bracknell Forest,1,Female,2,Aged 3 to 4 years,1374
E06000036,Bracknell Forest,1,Female,3,Aged 5 to 7 years,2178
E06000036,Bracknell Forest,1,Female,4,Aged 8 to 9 years,1608
E06000036,Bracknell Forest,1,Female,5,Aged 10 to 14 years,3991
E06000036,Bracknell Forest,1,Female,6,Aged 15 years,788
E06000036,Bracknell Forest,1,Female,7,Aged 16 to 17 years,1559
E06000036,Bracknell Forest,1,Female,8,Aged 18 to 19 years,1043
E06000036,Bracknell Forest,1,Female,9,Aged 20 to 24 years,3047
E06000036,Bracknell Forest,1,Female,10,Aged 25 to 29 years,4167
E06000036,Bracknell Forest,1,Female,11,Aged 30 to 34 years,4797
E06000036,Bracknell Forest,1,Female,12,Aged 35 to 39 years,4839
E06000036,Bracknell Forest,1,Female,13,Aged 40 to 44 years,4739
E06000036,Bracknell Forest,1,Female,14,Aged 45 to 49 years,4432
E06000036,Bracknell Forest,1,Female,15,Aged 50 to 54 years,4596
E06000036,Bracknell Forest,1,Female,16,Aged 55 to 59 years,4227
E06000036,Bracknell Forest,1,Female,17,Aged 60 to 64 years,3521
E06000036,Bracknell Forest,1,Female,18,Aged 65 years,592
E06000036,Bracknell Forest,1,Female,19,Aged 66 to 69 years,2195
E06000036,Bracknell Forest,1,Female,20,Aged 70 to 74 years,2639
E06000036,Bracknell Forest,1,Female,21,Aged 75 to 79 years,1959
E06000036,Bracknell Forest,1,Female,22,Aged 80 to 84 years,1346
E06000036,Bracknell Forest,1,Female,23,Aged 85 years and over,1450
E06000036,Bracknell Forest,2,Male,1,Aged 2 years and under,2132
E06000036,Bracknell Forest,2,Male,2,Aged 3 to 4 years,1536
E06000036,Bracknell Forest,2,Male,3,Aged 5 to 7 years,2397
E06000036,Bracknell Forest,2,Male,4,Aged 8 to 9 years,1676
E06000036,Bracknell Forest,2,Male,5,Aged 10 to 14 years,4090
E06000036,Bracknell Forest,2,Male,6,Aged 15 years,827
E06000036,Bracknell Forest,2,Male,7,Aged 16 to 17 years,1609
E06000036,Bracknell Forest,2,Male,8,Aged 18 to 19 years,1245
E06000036,Bracknell Forest,2,Male,9,Aged 20 to 24 years,3330
E06000036,Bracknell Forest,2,Male,10,Aged 25 to 29 years,4033
E06000036,Bracknell Forest,2,Male,11,Aged 30 to 34 years,4517
E06000036,Bracknell Forest,2,Male,12,Aged 35 to 39 years,4561
E06000036,Bracknell Forest,2,Male,13,Aged 40 to 44 years,4416
E06000036,Bracknell Forest,2,Male,14,Aged 45 to 49 years,4369
E06000036,Bracknell Forest,2,Male,15,Aged 50 to 54 years,4453
E06000036,Bracknell Forest,2,Male,16,Aged 55 to 59 years,4134
E06000036,Bracknell Forest,2,Male,17,Aged 60 to 64 years,3424
E06000036,Bracknell Forest,2,Male,18,Aged 65 years,628
E06000036,Bracknell Forest,2,Male,19,Aged 66 to 69 years,2112
E06000036,Bracknell Forest,2,Male,20,Aged 70 to 74 years,2389
E06000036,Bracknell Forest,2,Male,21,Aged 75 to 79 years,1577
E06000036,Bracknell Forest,2,Male,22,Aged 80 to 84 years,1067
E06000036,Bracknell Forest,2,Male,23,Aged 85 years and over,922
E06000037,West Berkshire,1,Female,1,Aged 2 years and under,2302
E06000037,West Berkshire,1,Female,2,Aged 3 to 4 years,1743
E06000037,West Berkshire,1,Female,3,Aged 5 to 7 years,2756
E06000037,West Berkshire,1,Female,4,Aged 8 to 9 years,1960
E06000037,West Berkshire,1,Female,5,Aged 10 to 14 years,5286
E06000037,West Berkshire,1,Female,6,Aged 15 years,979
E06000037,West Berkshire,1,Female,7,Aged 16 to 17 years,2040
E06000037,West Berkshire,1,Female,8,Aged 18 to 19 years,1392
E06000037,West Berkshire,1,Female,9,Aged 20 to 24 years,3507
E06000037,West Berkshire,1,Female,10,Aged 25 to 29 years,4327
E06000037,West Berkshire,1,Female,11,Aged 30 to 34 years,4976
E06000037,West Berkshire,1,Female,12,Aged 35 to 39 years,5189
E06000037,West Berkshire,1,Female,13,Aged 40 to 44 years,5362
E06000037,West Berkshire,1,Female,14,Aged 45 to 49 years,5945
E06000037,West Berkshire,1,Female,15,Aged 50 to 54 years,6261
E06000037,West Berkshire,1,Female,16,Aged 55 to 59 years,5888
E06000037,West Berkshire,1,Female,17,Aged 60 to 64 years,4985
E06000037,West Berkshire,1,Female,18,Aged 65 years,920
E06000037,West Berkshire,1,Female,19,Aged 66 to 69 years,3404
E06000037,West Berkshire,1,Female,20,Aged 70 to 74 years,4505
E06000037,West Berkshire,1,Female,21,Aged 75 to 79 years,3352
E06000037,West Berkshire,1,Female,22,Aged 80 to 84 years,2228
E06000037,West Berkshire,1,Female,23,Aged 85 years and over,2438
E06000037,West Berkshire,2,Male,1,Aged 2 years and under,2456
E06000037,West Berkshire,2,Male,2,Aged 3 to 4 years,1806
E06000037,West Berkshire,2,Male,3,Aged 5 to 7 years,2836
E06000037,West Berkshire,2,Male,4,Aged 8 to 9 years,2149
E06000037,West Berkshire,2,Male,5,Aged 10 to 14 years,5358
E06000037,West Berkshire,2,Male,6,Aged 15 years,1078
E06000037,West Berkshire,2,Male,7,Aged 16 to 17 years,2026
E06000037,West Berkshire,2,Male,8,Aged 18 to 19 years,1626
E06000037,West Berkshire,2,Male,9,Aged 20 to 24 years,3849
E06000037,West Berkshire,2,Male,10,Aged 25 to 29 years,4359
E06000037,West Berkshire,2,Male,11,Aged 30 to 34 years,4657
E06000037,West Berkshire,2,Male,12,Aged 35 to 39 years,4878
E06000037,West Berkshire,2,Male,13,Aged 40 to 44 years,5172
E06000037,West Berkshire,2,Male,14,Aged 45 to 49 years,5604
E06000037,West Berkshire,2,Male,15,Aged 50 to 54 years,6335
E06000037,West Berkshire,2,Male,16,Aged 55 to 59 years,5862
E06000037,West Berkshire,2,Male,17,Aged 60 to 64 years,4985
E06000037,West Berkshire,2,Male,18,Aged 65 years,869
E06000037,West Berkshire,2,Male,19,Aged 66 to 69 years,3277
E06000037,West Berkshire,2,Male,20,Aged 70 to 74 years,4079
E06000037,West Berkshire,2,Male,21,Aged 75 to 79 years,2962
E06000037,West Berkshire,2,Male,22,Aged 80 to 84 years,1943
E06000037,West Berkshire,2,Male,23,Aged 85 years and over,1536
E06000038,Reading,1,Female,1,Aged 2 years and under,2918
E06000038,Reading,1,Female,2,Aged 3 to 4 years,2073
E06000038,Reading,1,Female,3,Aged 5 to 7 years,3083
E06000038,Reading,1,Female,4,Aged 8 to 9 years,2020
E06000038,Reading,1,Female,5,Aged 10 to 14 years,5054
E06000038,Reading,1,Female,6,Aged 15 years,925
E06000038,Reading,1,Female,7,Aged 16 to 17 years,1713
E06000038,Reading,1,Female,8,Aged 18 to 19 years,2766
E06000038,Reading,1,Female,9,Aged 20 to 24 years,7477
E06000038,Reading,1,Female,10,Aged 25 to 29 years,7379
E06000038,Reading,1,Female,11,Aged 30 to 34 years,7973
E06000038,Reading,1,Female,12,Aged 35 to 39 years,7250
E06000038,Reading,1,Female,13,Aged 40 to 44 years,6238
E06000038,Reading,1,Female,14,Aged 45 to 49 years,5482
E06000038,Reading,1,Female,15,Aged 50 to 54 years,5337
E06000038,Reading,1,Female,16,Aged 55 to 59 years,4726
E06000038,Reading,1,Female,17,Aged 60 to 64 years,3561
E06000038,Reading,1,Female,18,Aged 65 years,647
E06000038,Reading,1,Female,19,Aged 66 to 69 years,2332
E06000038,Reading,1,Female,20,Aged 70 to 74 years,2844
E06000038,Reading,1,Female,21,Aged 75 to 79 years,2121
E06000038,Reading,1,Female,22,Aged 80 to 84 years,1648
E06000038,Reading,1,Female,23,Aged 85 years and over,1817
E06000038,Reading,2,Male,1,Aged 2 years and under,3137
E06000038,Reading,2,Male,2,Aged 3 to 4 years,2110
E06000038,Reading,2,Male,3,Aged 5 to 7 years,3200
E06000038,Reading,2,Male,4,Aged 8 to 9 years,2184
E06000038,Reading,2,Male,5,Aged 10 to 14 years,5193
E06000038,Reading,2,Male,6,Aged 15 years,969
E06000038,Reading,2,Male,7,Aged 16 to 17 years,1861
E06000038,Reading,2,Male,8,Aged 18 to 19 years,2753
E06000038,Reading,2,Male,9,Aged 20 to 24 years,7213
E06000038,Reading,2,Male,10,Aged 25 to 29 years,7193
E06000038,Reading,2,Male,11,Aged 30 to 34 years,7668
E06000038,Reading,2,Male,12,Aged 35 to 39 years,7342
E06000038,Reading,2,Male,13,Aged 40 to 44 years,6580
E06000038,Reading,2,Male,14,Aged 45 to 49 years,5831
E06000038,Reading,2,Male,15,Aged 50 to 54 years,5404
E06000038,Reading,2,Male,16,Aged 55 to 59 years,4767
E06000038,Reading,2,Male,17,Aged 60 to 64 years,3867
E06000038,Reading,2,Male,18,Aged 65 years,628
E06000038,Reading,2,Male,19,Aged 66 to 69 years,2237
E06000038,Reading,2,Male,20,Aged 70 to 74 years,2458
E06000038,Reading,2,Male,21,Aged 75 to 79 years,1885
E06000038,Reading,2,Male,22,Aged 80 to 84 years,1283
E06000038,Reading,2,Male,23,Aged 85 years and over,1078
E06000039,Slough,1,Female,1,Aged 2 years and under,3371
E06000039,Slough,1,Female,2,Aged 3 to 4 years,2486
E06000039,Slough,1,Female,3,Aged 5 to 7 years,3590
E06000039,Slough,1,Female,4,Aged 8 to 9 years,2563
E06000039,Slough,1,Female,5,Aged 10 to 14 years,6334
E06000039,Slough,1,Female,6,Aged 15 years,1127
E06000039,Slough,1,Female,7,Aged 16 to 17 years,2030
E06000039,Slough,1,Female,8,Aged 18 to 19 years,1636
E06000039,Slough,1,Female,9,Aged 20 to 24 years,4471
E06000039,Slough,1,Female,10,Aged 25 to 29 years,5593
E06000039,Slough,1,Female,11,Aged 30 to 34 years,6843
E06000039,Slough,1,Female,12,Aged 35 to 39 years,7714
E06000039,Slough,1,Female,13,Aged 40 to 44 years,6837
E06000039,Slough,1,Female,14,Aged 45 to 49 years,5358
E06000039,Slough,1,Female,15,Aged 50 to 54 years,4656
E06000039,Slough,1,Female,16,Aged 55 to 59 years,3934
E06000039,Slough,1,Female,17,Aged 60 to 64 years,3333
E06000039,Slough,1,Female,18,Aged 65 years,559
E06000039,Slough,1,Female,19,Aged 66 to 69 years,1950
E06000039,Slough,1,Female,20,Aged 70 to 74 years,1962
E06000039,Slough,1,Female,21,Aged 75 to 79 years,1371
E06000039,Slough,1,Female,22,Aged 80 to 84 years,1101
E06000039,Slough,1,Female,23,Aged 85 years and over,1185
E06000039,Slough,2,Male,1,Aged 2 years and under,3474
E06000039,Slough,2,Male,2,Aged 3 to 4 years,2441
E06000039,Slough,2,Male,3,Aged 5 to 7 years,3963
E06000039,Slough,2,Male,4,Aged 8 to 9 years,2574
E06000039,Slough,2,Male,5,Aged 10 to 14 years,6488
E06000039,Slough,2,Male,6,Aged 15 years,1154
E06000039,Slough,2,Male,7,Aged 16 to 17 years,2204
E06000039,Slough,2,Male,8,Aged 18 to 19 years,1767
E06000039,Slough,2,Male,9,Aged 20 to 24 years,4478
E06000039,Slough,2,Male,10,Aged 25 to 29 years,5063
E06000039,Slough,2,Male,11,Aged 30 to 34 years,6010
E06000039,Slough,2,Male,12,Aged 35 to 39 years,6778
E06000039,Slough,2,Male,13,Aged 40 to 44 years,6916
E06000039,Slough,2,Male,14,Aged 45 to 49 years,5731
E06000039,Slough,2,Male,15,Aged 50 to 54 years,4947
E06000039,Slough,2,Male,16,Aged 55 to 59 years,4010
E06000039,Slough,2,Male,17,Aged 60 to 64 years,3304
E06000039,Slough,2,Male,18,Aged 65 years,560
E06000039,Slough,2,Male,19,Aged 66 to 69 years,2049
E06000039,Slough,2,Male,20,Aged 70 to 74 years,1860
E06000039,Slough,2,Male,21,Aged 75 to 79 years,1121
E06000039,Slough,2,Male,22,Aged 80 to 84 years,878
E06000039,Slough,2,Male,23,Aged 85 years and over,724
E06000040,Windsor and Maidenhead,1,Female,1,Aged 2 years and under,2238
E06000040,Windsor and Maidenhead,1,Female,2,Aged 3 to 4 years,1694
E06000040,Windsor and Maidenhead,1,Female,3,Aged 5 to 7 years,2629
E06000040,Windsor and Maidenhead,1,Female,4,Aged 8 to 9 years,1879
E06000040,Windsor and Maidenhead,1,Female,5,Aged 10 to 14 years,4970
E06000040,Windsor and Maidenhead,1,Female,6,Aged 15 years,923
E06000040,Windsor and Maidenhead,1,Female,7,Aged 16 to 17 years,1940
E06000040,Windsor and Maidenhead,1,Female,8,Aged 18 to 19 years,1180
E06000040,Windsor and Maidenhead,1,Female,9,Aged 20 to 24 years,3274
E06000040,Windsor and Maidenhead,1,Female,10,Aged 25 to 29 years,4001
E06000040,Windsor and Maidenhead,1,Female,11,Aged 30 to 34 years,4830
E06000040,Windsor and Maidenhead,1,Female,12,Aged 35 to 39 years,5517
E06000040,Windsor and Maidenhead,1,Female,13,Aged 40 to 44 years,5779
E06000040,Windsor and Maidenhead,1,Female,14,Aged 45 to 49 years,5855
E06000040,Windsor and Maidenhead,1,Female,15,Aged 50 to 54 years,5961
E06000040,Windsor and Maidenhead,1,Female,16,Aged 55 to 59 years,5431
E06000040,Windsor and Maidenhead,1,Female,17,Aged 60 to 64 years,4473
E06000040,Windsor and Maidenhead,1,Female,18,Aged 65 years,759
E06000040,Windsor and Maidenhead,1,Female,19,Aged 66 to 69 years,3007
E06000040,Windsor and Maidenhead,1,Female,20,Aged 70 to 74 years,3858
E06000040,Windsor and Maidenhead,1,Female,21,Aged 75 to 79 years,3006
E06000040,Windsor and Maidenhead,1,Female,22,Aged 80 to 84 years,2257
E06000040,Windsor and Maidenhead,1,Female,23,Aged 85 years and over,2620
E06000040,Windsor and Maidenhead,2,Male,1,Aged 2 years and under,2387
E06000040,Windsor and Maidenhead,2,Male,2,Aged 3 to 4 years,1701
E06000040,Windsor and Maidenhead,2,Male,3,Aged 5 to 7 years,2708
E06000040,Windsor and Maidenhead,2,Male,4,Aged 8 to 9 years,2010
E06000040,Windsor and Maidenhead,2,Male,5,Aged 10 to 14 years,5515
E06000040,Windsor and Maidenhead,2,Male,6,Aged 15 years,1167
E06000040,Windsor and Maidenhead,2,Male,7,Aged 16 to 17 years,2320
E06000040,Windsor and Maidenhead,2,Male,8,Aged 18 to 19 years,1451
E06000040,Windsor and Maidenhead,2,Male,9,Aged 20 to 24 years,3493
E06000040,Windsor and Maidenhead,2,Male,10,Aged 25 to 29 years,3980
E06000040,Windsor and Maidenhead,2,Male,11,Aged 30 to 34 years,4475
E06000040,Windsor and Maidenhead,2,Male,12,Aged 35 to 39 years,4873
E06000040,Windsor and Maidenhead,2,Male,13,Aged 40 to 44 years,5451
E06000040,Windsor and Maidenhead,2,Male,14,Aged 45 to 49 years,5601
E06000040,Windsor and Maidenhead,2,Male,15,Aged 50 to 54 years,5748
E06000040,Windsor and Maidenhead,2,Male,16,Aged 55 to 59 years,5365
E06000040,Windsor and Maidenhead,2,Male,17,Aged 60 to 64 years,4355
E06000040,Windsor and Maidenhead,2,Male,18,Aged 65 years,710
E06000040,Windsor and Maidenhead,2,Male,19,Aged 66 to 69 years,2723
E06000040,Windsor and Maidenhead,2,Male,20,Aged 70 to 74 years,3461
E06000040,Windsor and Maidenhead,2,Male,21,Aged 75 to 79 years,2541
E06000040,Windsor and Maidenhead,2,Male,22,Aged 80 to 84 years,1768
E06000040,Windsor and Maidenhead,2,Male,23,Aged 85 years and over,1612
E06000041,Wokingham,1,Female,1,Aged 2 years and under,2633
E06000041,Wokingham,1,Female,2,Aged 3 to 4 years,2087
E06000041,Wokingham,1,Female,3,Aged 5 to 7 years,3394
E06000041,Wokingham,1,Female,4,Aged 8 to 9 years,2567
E06000041,Wokingham,1,Female,5,Aged 10 to 14 years,6003
E06000041,Wokingham,1,Female,6,Aged 15 years,1061
E06000041,Wokingham,1,Female,7,Aged 16 to 17 years,2127
E06000041,Wokingham,1,Female,8,Aged 18 to 19 years,1784
E06000041,Wokingham,1,Female,9,Aged 20 to 24 years,4074
E06000041,Wokingham,1,Female,10,Aged 25 to 29 years,4784
E06000041,Wokingham,1,Female,11,Aged 30 to 34 years,5678
E06000041,Wokingham,1,Female,12,Aged 35 to 39 years,6633
E06000041,Wokingham,1,Female,13,Aged 40 to 44 years,7090
E06000041,Wokingham,1,Female,14,Aged 45 to 49 years,6600
E06000041,Wokingham,1,Female,15,Aged 50 to 54 years,6268
E06000041,Wokingham,1,Female,16,Aged 55 to 59 years,6061
E06000041,Wokingham,1,Female,17,Aged 60 to 64 years,4902
E06000041,Wokingham,1,Female,18,Aged 65 years,809
E06000041,Wokingham,1,Female,19,Aged 66 to 69 years,3165
E06000041,Wokingham,1,Female,20,Aged 70 to 74 years,4287
E06000041,Wokingham,1,Female,21,Aged 75 to 79 years,3257
E06000041,Wokingham,1,Female,22,Aged 80 to 84 years,2343
E06000041,Wokingham,1,Female,23,Aged 85 years and over,2674
E06000041,Wokingham,2,Male,1,Aged 2 years and under,2916
E06000041,Wokingham,2,Male,2,Aged 3 to 4 years,2216
E06000041,Wokingham,2,Male,3,Aged 5 to 7 years,3542
E06000041,Wokingham,2,Male,4,Aged 8 to 9 years,2686
E06000041,Wokingham,2,Male,5,Aged 10 to 14 years,6460
E06000041,Wokingham,2,Male,6,Aged 15 years,1116
E06000041,Wokingham,2,Male,7,Aged 16 to 17 years,2285
E06000041,Wokingham,2,Male,8,Aged 18 to 19 years,1722
E06000041,Wokingham,2,Male,9,Aged 20 to 24 years,4165
E06000041,Wokingham,2,Male,10,Aged 25 to 29 years,4665
E06000041,Wokingham,2,Male,11,Aged 30 to 34 years,5000
E06000041,Wokingham,2,Male,12,Aged 35 to 39 years,5839
E06000041,Wokingham,2,Male,13,Aged 40 to 44 years,6772
E06000041,Wokingham,2,Male,14,Aged 45 to 49 years,6736
E06000041,Wokingham,2,Male,15,Aged 50 to 54 years,6332
E06000041,Wokingham,2,Male,16,Aged 55 to 59 years,5862
E06000041,Wokingham,2,Male,17,Aged 60 to 64 years,4892
E06000041,Wokingham,2,Male,18,Aged 65 years,849
E06000041,Wokingham,2,Male,19,Aged 66 to 69 years,2987
E06000041,Wokingham,2,Male,20,Aged 70 to 74 years,3765
E06000041,Wokingham,2,Male,21,Aged 75 to 79 years,2833
E06000041,Wokingham,2,Male,22,Aged 80 to 84 years,1926
E06000041,Wokingham,2,Male,23,Aged 85 years and over,1653
E06000042,Milton Keynes,1,Female,1,Aged 2 years and under,4978
E06000042,Milton Keynes,1,Female,2,Aged 3 to 4 years,3723
E06000042,Milton Keynes,1,Female,3,Aged 5 to 7 years,5838
E06000042,Milton Keynes,1,Female,4,Aged 8 to 9 years,4043
E06000042,Milton Keynes,1,Female,5,Aged 10 to 14 years,9954
E06000042,Milton Keynes,1,Female,6,Aged 15 years,1714
E06000042,Milton Keynes,1,Female,7,Aged 16 to 17 years,3521
E06000042,Milton Keynes,1,Female,8,Aged 18 to 19 years,2523
E06000042,Milton Keynes,1,Female,9,Aged 20 to 24 years,7243
E06000042,Milton Keynes,1,Female,10,Aged 25 to 29 years,9670
E06000042,Milton Keynes,1,Female,11,Aged 30 to 34 years,11385
E06000042,Milton Keynes,1,Female,12,Aged 35 to 39 years,11918
E06000042,Milton Keynes,1,Female,13,Aged 40 to 44 years,11366
E06000042,Milton Keynes,1,Female,14,Aged 45 to 49 years,10152
E06000042,Milton Keynes,1,Female,15,Aged 50 to 54 years,9776
E06000042,Milton Keynes,1,Female,16,Aged 55 to 59 years,8703
E06000042,Milton Keynes,1,Female,17,Aged 60 to 64 years,7360
E06000042,Milton Keynes,1,Female,18,Aged 65 years,1331
E06000042,Milton Keynes,1,Female,19,Aged 66 to 69 years,5078
E06000042,Milton Keynes,1,Female,20,Aged 70 to 74 years,5920
E06000042,Milton Keynes,1,Female,21,Aged 75 to 79 years,3874
E06000042,Milton Keynes,1,Female,22,Aged 80 to 84 years,2603
E06000042,Milton Keynes,1,Female,23,Aged 85 years and over,2811
E06000042,Milton Keynes,2,Male,1,Aged 2 years and under,5214
E06000042,Milton Keynes,2,Male,2,Aged 3 to 4 years,3818
E06000042,Milton Keynes,2,Male,3,Aged 5 to 7 years,6034
E06000042,Milton Keynes,2,Male,4,Aged 8 to 9 years,4347
E06000042,Milton Keynes,2,Male,5,Aged 10 to 14 years,10661
E06000042,Milton Keynes,2,Male,6,Aged 15 years,1903
E06000042,Milton Keynes,2,Male,7,Aged 16 to 17 years,3791
E06000042,Milton Keynes,2,Male,8,Aged 18 to 19 years,2904
E06000042,Milton Keynes,2,Male,9,Aged 20 to 24 years,7746
E06000042,Milton Keynes,2,Male,10,Aged 25 to 29 years,9371
E06000042,Milton Keynes,2,Male,11,Aged 30 to 34 years,10618
E06000042,Milton Keynes,2,Male,12,Aged 35 to 39 years,11102
E06000042,Milton Keynes,2,Male,13,Aged 40 to 44 years,11036
E06000042,Milton Keynes,2,Male,14,Aged 45 to 49 years,10026
E06000042,Milton Keynes,2,Male,15,Aged 50 to 54 years,9524
E06000042,Milton Keynes,2,Male,16,Aged 55 to 59 years,8384
E06000042,Milton Keynes,2,Male,17,Aged 60 to 64 years,7129
E06000042,Milton Keynes,2,Male,18,Aged 65 years,1206
E06000042,Milton Keynes,2,Male,19,Aged 66 to 69 years,4611
E06000042,Milton Keynes,2,Male,20,Aged 70 to 74 years,5256
E06000042,Milton Keynes,2,Male,21,Aged 75 to 79 years,3373
E06000042,Milton Keynes,2,Male,22,Aged 80 to 84 years,2045
E06000042,Milton Keynes,2,Male,23,Aged 85 years and over,1478
E06000043,Brighton and Hove,1,Female,1,Aged 2 years and under,3367
E06000043,Brighton and Hove,1,Female,2,Aged 3 to 4 years,2300
E06000043,Brighton and Hove,1,Female,3,Aged 5 to 7 years,3728
E06000043,Brighton and Hove,1,Female,4,Aged 8 to 9 years,2665
E06000043,Brighton and Hove,1,Female,5,Aged 10 to 14 years,7019
E06000043,Brighton and Hove,1,Female,6,Aged 15 years,1369
E06000043,Brighton and Hove,1,Female,7,Aged 16 to 17 years,2798
E06000043,Brighton and Hove,1,Female,8,Aged 18 to 19 years,5097
E06000043,Brighton and Hove,1,Female,9,Aged 20 to 24 years,15009
E06000043,Brighton and Hove,1,Female,10,Aged 25 to 29 years,10596
E06000043,Brighton and Hove,1,Female,11,Aged 30 to 34 years,10376
E06000043,Brighton and Hove,1,Female,12,Aged 35 to 39 years,9838
E06000043,Brighton and Hove,1,Female,13,Aged 40 to 44 years,9844
E06000043,Brighton and Hove,1,Female,14,Aged 45 to 49 years,10164
E06000043,Brighton and Hove,1,Female,15,Aged 50 to 54 years,10409
E06000043,Brighton and Hove,1,Female,16,Aged 55 to 59 years,9014
E06000043,Brighton and Hove,1,Female,17,Aged 60 to 64 years,6709
E06000043,Brighton and Hove,1,Female,18,Aged 65 years,1154
E06000043,Brighton and Hove,1,Female,19,Aged 66 to 69 years,4376
E06000043,Brighton and Hove,1,Female,20,Aged 70 to 74 years,5262
E06000043,Brighton and Hove,1,Female,21,Aged 75 to 79 years,3938
E06000043,Brighton and Hove,1,Female,22,Aged 80 to 84 years,2948
E06000043,Brighton and Hove,1,Female,23,Aged 85 years and over,3562
E06000043,Brighton and Hove,2,Male,1,Aged 2 years and under,3545
E06000043,Brighton and Hove,2,Male,2,Aged 3 to 4 years,2539
E06000043,Brighton and Hove,2,Male,3,Aged 5 to 7 years,3895
E06000043,Brighton and Hove,2,Male,4,Aged 8 to 9 years,2763
E06000043,Brighton and Hove,2,Male,5,Aged 10 to 14 years,7160
E06000043,Brighton and Hove,2,Male,6,Aged 15 years,1386
E06000043,Brighton and Hove,2,Male,7,Aged 16 to 17 years,2841
E06000043,Brighton and Hove,2,Male,8,Aged 18 to 19 years,4271
E06000043,Brighton and Hove,2,Male,9,Aged 20 to 24 years,12911
E06000043,Brighton and Hove,2,Male,10,Aged 25 to 29 years,10363
E06000043,Brighton and Hove,2,Male,11,Aged 30 to 34 years,10134
E06000043,Brighton and Hove,2,Male,12,Aged 35 to 39 years,9615
E06000043,Brighton and Hove,2,Male,13,Aged 40 to 44 years,9410
E06000043,Brighton and Hove,2,Male,14,Aged 45 to 49 years,10214
E06000043,Brighton and Hove,2,Male,15,Aged 50 to 54 years,10482
E06000043,Brighton and Hove,2,Male,16,Aged 55 to 59 years,9371
E06000043,Brighton and Hove,2,Male,17,Aged 60 to 64 years,6922
E06000043,Brighton and Hove,2,Male,18,Aged 65 years,1192
E06000043,Brighton and Hove,2,Male,19,Aged 66 to 69 years,4193
E06000043,Brighton and Hove,2,Male,20,Aged 70 to 74 years,5010
E06000043,Brighton and Hove,2,Male,21,Aged 75 to 79 years,3178
E06000043,Brighton and Hove,2,Male,22,Aged 80 to 84 years,2181
E06000043,Brighton and Hove,2,Male,23,Aged 85 years and over,1985
E06000044,Portsmouth,1,Female,1,Aged 2 years and under,3335
E06000044,Portsmouth,1,Female,2,Aged 3 to 4 years,2238
E06000044,Portsmouth,1,Female,3,Aged 5 to 7 years,3530
E06000044,Portsmouth,1,Female,4,Aged 8 to 9 years,2432
E06000044,Portsmouth,1,Female,5,Aged 10 to 14 years,5615
E06000044,Portsmouth,1,Female,6,Aged 15 years,1043
E06000044,Portsmouth,1,Female,7,Aged 16 to 17 years,2098
E06000044,Portsmouth,1,Female,8,Aged 18 to 19 years,3819
E06000044,Portsmouth,1,Female,9,Aged 20 to 24 years,9552
E06000044,Portsmouth,1,Female,10,Aged 25 to 29 years,7819
E06000044,Portsmouth,1,Female,11,Aged 30 to 34 years,8312
E06000044,Portsmouth,1,Female,12,Aged 35 to 39 years,7529
E06000044,Portsmouth,1,Female,13,Aged 40 to 44 years,6250
E06000044,Portsmouth,1,Female,14,Aged 45 to 49 years,5972
E06000044,Portsmouth,1,Female,15,Aged 50 to 54 years,6696
E06000044,Portsmouth,1,Female,16,Aged 55 to 59 years,6422
E06000044,Portsmouth,1,Female,17,Aged 60 to 64 years,5234
E06000044,Portsmouth,1,Female,18,Aged 65 years,915
E06000044,Portsmouth,1,Female,19,Aged 66 to 69 years,3389
E06000044,Portsmouth,1,Female,20,Aged 70 to 74 years,4254
E06000044,Portsmouth,1,Female,21,Aged 75 to 79 years,3182
E06000044,Portsmouth,1,Female,22,Aged 80 to 84 years,2446
E06000044,Portsmouth,1,Female,23,Aged 85 years and over,2760
E06000044,Portsmouth,2,Male,1,Aged 2 years and under,3393
E06000044,Portsmouth,2,Male,2,Aged 3 to 4 years,2315
E06000044,Portsmouth,2,Male,3,Aged 5 to 7 years,3738
E06000044,Portsmouth,2,Male,4,Aged 8 to 9 years,2427
E06000044,Portsmouth,2,Male,5,Aged 10 to 14 years,6040
E06000044,Portsmouth,2,Male,6,Aged 15 years,1077
E06000044,Portsmouth,2,Male,7,Aged 16 to 17 years,2119
E06000044,Portsmouth,2,Male,8,Aged 18 to 19 years,4337
E06000044,Portsmouth,2,Male,9,Aged 20 to 24 years,10493
E06000044,Portsmouth,2,Male,10,Aged 25 to 29 years,7549
E06000044,Portsmouth,2,Male,11,Aged 30 to 34 years,7645
E06000044,Portsmouth,2,Male,12,Aged 35 to 39 years,7380
E06000044,Portsmouth,2,Male,13,Aged 40 to 44 years,6303
E06000044,Portsmouth,2,Male,14,Aged 45 to 49 years,6187
E06000044,Portsmouth,2,Male,15,Aged 50 to 54 years,6650
E06000044,Portsmouth,2,Male,16,Aged 55 to 59 years,6381
E06000044,Portsmouth,2,Male,17,Aged 60 to 64 years,5286
E06000044,Portsmouth,2,Male,18,Aged 65 years,867
E06000044,Portsmouth,2,Male,19,Aged 66 to 69 years,3170
E06000044,Portsmouth,2,Male,20,Aged 70 to 74 years,3950
E06000044,Portsmouth,2,Male,21,Aged 75 to 79 years,2701
E06000044,Portsmouth,2,Male,22,Aged 80 to 84 years,1690
E06000044,Portsmouth,2,Male,23,Aged 85 years and over,1464
E06000045,Southampton,1,Female,1,Aged 2 years and under,4075
E06000045,Southampton,1,Female,2,Aged 3 to 4 years,2719
E06000045,Southampton,1,Female,3,Aged 5 to 7 years,4098
E06000045,Southampton,1,Female,4,Aged 8 to 9 years,2844
E06000045,Southampton,1,Female,5,Aged 10 to 14 years,6755
E06000045,Southampton,1,Female,6,Aged 15 years,1208
E06000045,Southampton,1,Female,7,Aged 16 to 17 years,2411
E06000045,Southampton,1,Female,8,Aged 18 to 19 years,4438
E06000045,Southampton,1,Female,9,Aged 20 to 24 years,12658
E06000045,Southampton,1,Female,10,Aged 25 to 29 years,10381
E06000045,Southampton,1,Female,11,Aged 30 to 34 years,10259
E06000045,Southampton,1,Female,12,Aged 35 to 39 years,9034
E06000045,Southampton,1,Female,13,Aged 40 to 44 years,8149
E06000045,Southampton,1,Female,14,Aged 45 to 49 years,7011
E06000045,Southampton,1,Female,15,Aged 50 to 54 years,6914
E06000045,Southampton,1,Female,16,Aged 55 to 59 years,6750
E06000045,Southampton,1,Female,17,Aged 60 to 64 years,5840
E06000045,Southampton,1,Female,18,Aged 65 years,952
E06000045,Southampton,1,Female,19,Aged 66 to 69 years,3776
E06000045,Southampton,1,Female,20,Aged 70 to 74 years,4683
E06000045,Southampton,1,Female,21,Aged 75 to 79 years,3572
E06000045,Southampton,1,Female,22,Aged 80 to 84 years,2493
E06000045,Southampton,1,Female,23,Aged 85 years and over,2933
E06000045,Southampton,2,Male,1,Aged 2 years and under,4201
E06000045,Southampton,2,Male,2,Aged 3 to 4 years,2801
E06000045,Southampton,2,Male,3,Aged 5 to 7 years,4433
E06000045,Southampton,2,Male,4,Aged 8 to 9 years,3078
E06000045,Southampton,2,Male,5,Aged 10 to 14 years,7080
E06000045,Southampton,2,Male,6,Aged 15 years,1262
E06000045,Southampton,2,Male,7,Aged 16 to 17 years,2444
E06000045,Southampton,2,Male,8,Aged 18 to 19 years,4989
E06000045,Southampton,2,Male,9,Aged 20 to 24 years,13481
E06000045,Southampton,2,Male,10,Aged 25 to 29 years,10337
E06000045,Southampton,2,Male,11,Aged 30 to 34 years,9906
E06000045,Southampton,2,Male,12,Aged 35 to 39 years,9299
E06000045,Southampton,2,Male,13,Aged 40 to 44 years,8255
E06000045,Southampton,2,Male,14,Aged 45 to 49 years,7596
E06000045,Southampton,2,Male,15,Aged 50 to 54 years,7094
E06000045,Southampton,2,Male,16,Aged 55 to 59 years,7026
E06000045,Southampton,2,Male,17,Aged 60 to 64 years,5846
E06000045,Southampton,2,Male,18,Aged 65 years,1143
E06000045,Southampton,2,Male,19,Aged 66 to 69 years,3744
E06000045,Southampton,2,Male,20,Aged 70 to 74 years,4311
E06000045,Southampton,2,Male,21,Aged 75 to 79 years,3068
E06000045,Southampton,2,Male,22,Aged 80 to 84 years,1935
E06000045,Southampton,2,Male,23,Aged 85 years and over,1640
E06000046,Isle of Wight,1,Female,1,Aged 2 years and under,1498
E06000046,Isle of Wight,1,Female,2,Aged 3 to 4 years,1175
E06000046,Isle of Wight,1,Female,3,Aged 5 to 7 years,1942
E06000046,Isle of Wight,1,Female,4,Aged 8 to 9 years,1393
E06000046,Isle of Wight,1,Female,5,Aged 10 to 14 years,3397
E06000046,Isle of Wight,1,Female,6,Aged 15 years,686
E06000046,Isle of Wight,1,Female,7,Aged 16 to 17 years,1327
E06000046,Isle of Wight,1,Female,8,Aged 18 to 19 years,1035
E06000046,Isle of Wight,1,Female,9,Aged 20 to 24 years,2833
E06000046,Isle of Wight,1,Female,10,Aged 25 to 29 years,3403
E06000046,Isle of Wight,1,Female,11,Aged 30 to 34 years,3676
E06000046,Isle of Wight,1,Female,12,Aged 35 to 39 years,3465
E06000046,Isle of Wight,1,Female,13,Aged 40 to 44 years,3629
E06000046,Isle of Wight,1,Female,14,Aged 45 to 49 years,4169
E06000046,Isle of Wight,1,Female,15,Aged 50 to 54 years,5433
E06000046,Isle of Wight,1,Female,16,Aged 55 to 59 years,5754
E06000046,Isle of Wight,1,Female,17,Aged 60 to 64 years,5497
E06000046,Isle of Wight,1,Female,18,Aged 65 years,1098
E06000046,Isle of Wight,1,Female,19,Aged 66 to 69 years,4396
E06000046,Isle of Wight,1,Female,20,Aged 70 to 74 years,5828
E06000046,Isle of Wight,1,Female,21,Aged 75 to 79 years,4531
E06000046,Isle of Wight,1,Female,22,Aged 80 to 84 years,2919
E06000046,Isle of Wight,1,Female,23,Aged 85 years and over,3289
E06000046,Isle of Wight,2,Male,1,Aged 2 years and under,1673
E06000046,Isle of Wight,2,Male,2,Aged 3 to 4 years,1206
E06000046,Isle of Wight,2,Male,3,Aged 5 to 7 years,2081
E06000046,Isle of Wight,2,Male,4,Aged 8 to 9 years,1447
E06000046,Isle of Wight,2,Male,5,Aged 10 to 14 years,3652
E06000046,Isle of Wight,2,Male,6,Aged 15 years,723
E06000046,Isle of Wight,2,Male,7,Aged 16 to 17 years,1440
E06000046,Isle of Wight,2,Male,8,Aged 18 to 19 years,1179
E06000046,Isle of Wight,2,Male,9,Aged 20 to 24 years,3127
E06000046,Isle of Wight,2,Male,10,Aged 25 to 29 years,3294
E06000046,Isle of Wight,2,Male,11,Aged 30 to 34 years,3546
E06000046,Isle of Wight,2,Male,12,Aged 35 to 39 years,3417
E06000046,Isle of Wight,2,Male,13,Aged 40 to 44 years,3384
E06000046,Isle of Wight,2,Male,14,Aged 45 to 49 years,3732
E06000046,Isle of Wight,2,Male,15,Aged 50 to 54 years,4830
E06000046,Isle of Wight,2,Male,16,Aged 55 to 59 years,5360
E06000046,Isle of Wight,2,Male,17,Aged 60 to 64 years,5039
E06000046,Isle of Wight,2,Male,18,Aged 65 years,950
E06000046,Isle of Wight,2,Male,19,Aged 66 to 69 years,4007
E06000046,Isle of Wight,2,Male,20,Aged 70 to 74 years,5405
E06000046,Isle of Wight,2,Male,21,Aged 75 to 79 years,4131
E06000046,Isle of Wight,2,Male,22,Aged 80 to 84 years,2437
E06000046,Isle of Wight,2,Male,23,Aged 85 years and over,2029
E06000047,County Durham,1,Female,1,Aged 2 years and under,6852
E06000047,County Durham,1,Female,2,Aged 3 to 4 years,5142
E06000047,County Durham,1,Female,3,Aged 5 to 7 years,8164
E06000047,County Durham,1,Female,4,Aged 8 to 9 years,5609
E06000047,County Durham,1,Female,5,Aged 10 to 14 years,14399
E06000047,County Durham,1,Female,6,Aged 15 years,2729
E06000047,County Durham,1,Female,7,Aged 16 to 17 years,5315
E06000047,County Durham,1,Female,8,Aged 18 to 19 years,7296
E06000047,County Durham,1,Female,9,Aged 20 to 24 years,16416
E06000047,County Durham,1,Female,10,Aged 25 to 29 years,15008
E06000047,County Durham,1,Female,11,Aged 30 to 34 years,16028
E06000047,County Durham,1,Female,12,Aged 35 to 39 years,15767
E06000047,County Durham,1,Female,13,Aged 40 to 44 years,15062
E06000047,County Durham,1,Female,14,Aged 45 to 49 years,16208
E06000047,County Durham,1,Female,15,Aged 50 to 54 years,19381
E06000047,County Durham,1,Female,16,Aged 55 to 59 years,19980
E06000047,County Durham,1,Female,17,Aged 60 to 64 years,17950
E06000047,County Durham,1,Female,18,Aged 65 years,3297
E06000047,County Durham,1,Female,19,Aged 66 to 69 years,12378
E06000047,County Durham,1,Female,20,Aged 70 to 74 years,15914
E06000047,County Durham,1,Female,21,Aged 75 to 79 years,11442
E06000047,County Durham,1,Female,22,Aged 80 to 84 years,8362
E06000047,County Durham,1,Female,23,Aged 85 years and over,8063
E06000047,County Durham,2,Male,1,Aged 2 years and under,7549
E06000047,County Durham,2,Male,2,Aged 3 to 4 years,5208
E06000047,County Durham,2,Male,3,Aged 5 to 7 years,8488
E06000047,County Durham,2,Male,4,Aged 8 to 9 years,6096
E06000047,County Durham,2,Male,5,Aged 10 to 14 years,15102
E06000047,County Durham,2,Male,6,Aged 15 years,2771
E06000047,County Durham,2,Male,7,Aged 16 to 17 years,5633
E06000047,County Durham,2,Male,8,Aged 18 to 19 years,7487
E06000047,County Durham,2,Male,9,Aged 20 to 24 years,16638
E06000047,County Durham,2,Male,10,Aged 25 to 29 years,14198
E06000047,County Durham,2,Male,11,Aged 30 to 34 years,14651
E06000047,County Durham,2,Male,12,Aged 35 to 39 years,14853
E06000047,County Durham,2,Male,13,Aged 40 to 44 years,14123
E06000047,County Durham,2,Male,14,Aged 45 to 49 years,15420
E06000047,County Durham,2,Male,15,Aged 50 to 54 years,18552
E06000047,County Durham,2,Male,16,Aged 55 to 59 years,19476
E06000047,County Durham,2,Male,17,Aged 60 to 64 years,17175
E06000047,County Durham,2,Male,18,Aged 65 years,3212
E06000047,County Durham,2,Male,19,Aged 66 to 69 years,12155
E06000047,County Durham,2,Male,20,Aged 70 to 74 years,14802
E06000047,County Durham,2,Male,21,Aged 75 to 79 years,10288
E06000047,County Durham,2,Male,22,Aged 80 to 84 years,6697
E06000047,County Durham,2,Male,23,Aged 85 years and over,4730
E06000049,Cheshire East,1,Female,1,Aged 2 years and under,5558
E06000049,Cheshire East,1,Female,2,Aged 3 to 4 years,4097
E06000049,Cheshire East,1,Female,3,Aged 5 to 7 years,6236
E06000049,Cheshire East,1,Female,4,Aged 8 to 9 years,4493
E06000049,Cheshire East,1,Female,5,Aged 10 to 14 years,11036
E06000049,Cheshire East,1,Female,6,Aged 15 years,2105
E06000049,Cheshire East,1,Female,7,Aged 16 to 17 years,4463
E06000049,Cheshire East,1,Female,8,Aged 18 to 19 years,3045
E06000049,Cheshire East,1,Female,9,Aged 20 to 24 years,8745
E06000049,Cheshire East,1,Female,10,Aged 25 to 29 years,10914
E06000049,Cheshire East,1,Female,11,Aged 30 to 34 years,12364
E06000049,Cheshire East,1,Female,12,Aged 35 to 39 years,12530
E06000049,Cheshire East,1,Female,13,Aged 40 to 44 years,12060
E06000049,Cheshire East,1,Female,14,Aged 45 to 49 years,13527
E06000049,Cheshire East,1,Female,15,Aged 50 to 54 years,15511
E06000049,Cheshire East,1,Female,16,Aged 55 to 59 years,15458
E06000049,Cheshire East,1,Female,17,Aged 60 to 64 years,12919
E06000049,Cheshire East,1,Female,18,Aged 65 years,2218
E06000049,Cheshire East,1,Female,19,Aged 66 to 69 years,9134
E06000049,Cheshire East,1,Female,20,Aged 70 to 74 years,12780
E06000049,Cheshire East,1,Female,21,Aged 75 to 79 years,9600
E06000049,Cheshire East,1,Female,22,Aged 80 to 84 years,6966
E06000049,Cheshire East,1,Female,23,Aged 85 years and over,7438
E06000049,Cheshire East,2,Male,1,Aged 2 years and under,5882
E06000049,Cheshire East,2,Male,2,Aged 3 to 4 years,4393
E06000049,Cheshire East,2,Male,3,Aged 5 to 7 years,6617
E06000049,Cheshire East,2,Male,4,Aged 8 to 9 years,4749
E06000049,Cheshire East,2,Male,5,Aged 10 to 14 years,11845
E06000049,Cheshire East,2,Male,6,Aged 15 years,2287
E06000049,Cheshire East,2,Male,7,Aged 16 to 17 years,4482
E06000049,Cheshire East,2,Male,8,Aged 18 to 19 years,3316
E06000049,Cheshire East,2,Male,9,Aged 20 to 24 years,8875
E06000049,Cheshire East,2,Male,10,Aged 25 to 29 years,10830
E06000049,Cheshire East,2,Male,11,Aged 30 to 34 years,11981
E06000049,Cheshire East,2,Male,12,Aged 35 to 39 years,12004
E06000049,Cheshire East,2,Male,13,Aged 40 to 44 years,11813
E06000049,Cheshire East,2,Male,14,Aged 45 to 49 years,12906
E06000049,Cheshire East,2,Male,15,Aged 50 to 54 years,14767
E06000049,Cheshire East,2,Male,16,Aged 55 to 59 years,15010
E06000049,Cheshire East,2,Male,17,Aged 60 to 64 years,12728
E06000049,Cheshire East,2,Male,18,Aged 65 years,2237
E06000049,Cheshire East,2,Male,19,Aged 66 to 69 years,8746
E06000049,Cheshire East,2,Male,20,Aged 70 to 74 years,11572
E06000049,Cheshire East,2,Male,21,Aged 75 to 79 years,8433
E06000049,Cheshire East,2,Male,22,Aged 80 to 84 years,5477
E06000049,Cheshire East,2,Male,23,Aged 85 years and over,4626
E06000050,Cheshire West and Chester,1,Female,1,Aged 2 years and under,5046
E06000050,Cheshire West and Chester,1,Female,2,Aged 3 to 4 years,3592
E06000050,Cheshire West and Chester,1,Female,3,Aged 5 to 7 years,5648
E06000050,Cheshire West and Chester,1,Female,4,Aged 8 to 9 years,3996
E06000050,Cheshire West and Chester,1,Female,5,Aged 10 to 14 years,9800
E06000050,Cheshire West and Chester,1,Female,6,Aged 15 years,1956
E06000050,Cheshire West and Chester,1,Female,7,Aged 16 to 17 years,3787
E06000050,Cheshire West and Chester,1,Female,8,Aged 18 to 19 years,3567
E06000050,Cheshire West and Chester,1,Female,9,Aged 20 to 24 years,10183
E06000050,Cheshire West and Chester,1,Female,10,Aged 25 to 29 years,10637
E06000050,Cheshire West and Chester,1,Female,11,Aged 30 to 34 years,11484
E06000050,Cheshire West and Chester,1,Female,12,Aged 35 to 39 years,11373
E06000050,Cheshire West and Chester,1,Female,13,Aged 40 to 44 years,10728
E06000050,Cheshire West and Chester,1,Female,14,Aged 45 to 49 years,11800
E06000050,Cheshire West and Chester,1,Female,15,Aged 50 to 54 years,13287
E06000050,Cheshire West and Chester,1,Female,16,Aged 55 to 59 years,13542
E06000050,Cheshire West and Chester,1,Female,17,Aged 60 to 64 years,11612
E06000050,Cheshire West and Chester,1,Female,18,Aged 65 years,2094
E06000050,Cheshire West and Chester,1,Female,19,Aged 66 to 69 years,7942
E06000050,Cheshire West and Chester,1,Female,20,Aged 70 to 74 years,10775
E06000050,Cheshire West and Chester,1,Female,21,Aged 75 to 79 years,7883
E06000050,Cheshire West and Chester,1,Female,22,Aged 80 to 84 years,5989
E06000050,Cheshire West and Chester,1,Female,23,Aged 85 years and over,6124
E06000050,Cheshire West and Chester,2,Male,1,Aged 2 years and under,5174
E06000050,Cheshire West and Chester,2,Male,2,Aged 3 to 4 years,3806
E06000050,Cheshire West and Chester,2,Male,3,Aged 5 to 7 years,5981
E06000050,Cheshire West and Chester,2,Male,4,Aged 8 to 9 years,4223
E06000050,Cheshire West and Chester,2,Male,5,Aged 10 to 14 years,10556
E06000050,Cheshire West and Chester,2,Male,6,Aged 15 years,2017
E06000050,Cheshire West and Chester,2,Male,7,Aged 16 to 17 years,3949
E06000050,Cheshire West and Chester,2,Male,8,Aged 18 to 19 years,3452
E06000050,Cheshire West and Chester,2,Male,9,Aged 20 to 24 years,9498
E06000050,Cheshire West and Chester,2,Male,10,Aged 25 to 29 years,10599
E06000050,Cheshire West and Chester,2,Male,11,Aged 30 to 34 years,10983
E06000050,Cheshire West and Chester,2,Male,12,Aged 35 to 39 years,10978
E06000050,Cheshire West and Chester,2,Male,13,Aged 40 to 44 years,10135
E06000050,Cheshire West and Chester,2,Male,14,Aged 45 to 49 years,11135
E06000050,Cheshire West and Chester,2,Male,15,Aged 50 to 54 years,12758
E06000050,Cheshire West and Chester,2,Male,16,Aged 55 to 59 years,13030
E06000050,Cheshire West and Chester,2,Male,17,Aged 60 to 64 years,11094
E06000050,Cheshire West and Chester,2,Male,18,Aged 65 years,2014
E06000050,Cheshire West and Chester,2,Male,19,Aged 66 to 69 years,7774
E06000050,Cheshire West and Chester,2,Male,20,Aged 70 to 74 years,9782
E06000050,Cheshire West and Chester,2,Male,21,Aged 75 to 79 years,7095
E06000050,Cheshire West and Chester,2,Male,22,Aged 80 to 84 years,4672
E06000050,Cheshire West and Chester,2,Male,23,Aged 85 years and over,3603
E06000051,Shropshire,1,Female,1,Aged 2 years and under,4017
E06000051,Shropshire,1,Female,2,Aged 3 to 4 years,3004
E06000051,Shropshire,1,Female,3,Aged 5 to 7 years,4582
E06000051,Shropshire,1,Female,4,Aged 8 to 9 years,3301
E06000051,Shropshire,1,Female,5,Aged 10 to 14 years,8406
E06000051,Shropshire,1,Female,6,Aged 15 years,1656
E06000051,Shropshire,1,Female,7,Aged 16 to 17 years,3594
E06000051,Shropshire,1,Female,8,Aged 18 to 19 years,2810
E06000051,Shropshire,1,Female,9,Aged 20 to 24 years,7007
E06000051,Shropshire,1,Female,10,Aged 25 to 29 years,8120
E06000051,Shropshire,1,Female,11,Aged 30 to 34 years,8978
E06000051,Shropshire,1,Female,12,Aged 35 to 39 years,8677
E06000051,Shropshire,1,Female,13,Aged 40 to 44 years,8450
E06000051,Shropshire,1,Female,14,Aged 45 to 49 years,10225
E06000051,Shropshire,1,Female,15,Aged 50 to 54 years,12515
E06000051,Shropshire,1,Female,16,Aged 55 to 59 years,12958
E06000051,Shropshire,1,Female,17,Aged 60 to 64 years,11677
E06000051,Shropshire,1,Female,18,Aged 65 years,2091
E06000051,Shropshire,1,Female,19,Aged 66 to 69 years,8540
E06000051,Shropshire,1,Female,20,Aged 70 to 74 years,11362
E06000051,Shropshire,1,Female,21,Aged 75 to 79 years,8973
E06000051,Shropshire,1,Female,22,Aged 80 to 84 years,6327
E06000051,Shropshire,1,Female,23,Aged 85 years and over,6654
E06000051,Shropshire,2,Male,1,Aged 2 years and under,4268
E06000051,Shropshire,2,Male,2,Aged 3 to 4 years,3134
E06000051,Shropshire,2,Male,3,Aged 5 to 7 years,4954
E06000051,Shropshire,2,Male,4,Aged 8 to 9 years,3413
E06000051,Shropshire,2,Male,5,Aged 10 to 14 years,8842
E06000051,Shropshire,2,Male,6,Aged 15 years,1786
E06000051,Shropshire,2,Male,7,Aged 16 to 17 years,3706
E06000051,Shropshire,2,Male,8,Aged 18 to 19 years,3364
E06000051,Shropshire,2,Male,9,Aged 20 to 24 years,8118
E06000051,Shropshire,2,Male,10,Aged 25 to 29 years,8750
E06000051,Shropshire,2,Male,11,Aged 30 to 34 years,8976
E06000051,Shropshire,2,Male,12,Aged 35 to 39 years,8586
E06000051,Shropshire,2,Male,13,Aged 40 to 44 years,8235
E06000051,Shropshire,2,Male,14,Aged 45 to 49 years,9752
E06000051,Shropshire,2,Male,15,Aged 50 to 54 years,11794
E06000051,Shropshire,2,Male,16,Aged 55 to 59 years,12580
E06000051,Shropshire,2,Male,17,Aged 60 to 64 years,11286
E06000051,Shropshire,2,Male,18,Aged 65 years,2076
E06000051,Shropshire,2,Male,19,Aged 66 to 69 years,8110
E06000051,Shropshire,2,Male,20,Aged 70 to 74 years,10587
E06000051,Shropshire,2,Male,21,Aged 75 to 79 years,8039
E06000051,Shropshire,2,Male,22,Aged 80 to 84 years,5158
E06000051,Shropshire,2,Male,23,Aged 85 years and over,4171
E06000052,Cornwall,1,Female,1,Aged 2 years and under,7245
E06000052,Cornwall,1,Female,2,Aged 3 to 4 years,5151
E06000052,Cornwall,1,Female,3,Aged 5 to 7 years,8670
E06000052,Cornwall,1,Female,4,Aged 8 to 9 years,6143
E06000052,Cornwall,1,Female,5,Aged 10 to 14 years,15134
E06000052,Cornwall,1,Female,6,Aged 15 years,2898
E06000052,Cornwall,1,Female,7,Aged 16 to 17 years,5795
E06000052,Cornwall,1,Female,8,Aged 18 to 19 years,5642
E06000052,Cornwall,1,Female,9,Aged 20 to 24 years,14091
E06000052,Cornwall,1,Female,10,Aged 25 to 29 years,14478
E06000052,Cornwall,1,Female,11,Aged 30 to 34 years,16242
E06000052,Cornwall,1,Female,12,Aged 35 to 39 years,15928
E06000052,Cornwall,1,Female,13,Aged 40 to 44 years,16053
E06000052,Cornwall,1,Female,14,Aged 45 to 49 years,18156
E06000052,Cornwall,1,Female,15,Aged 50 to 54 years,21261
E06000052,Cornwall,1,Female,16,Aged 55 to 59 years,22331
E06000052,Cornwall,1,Female,17,Aged 60 to 64 years,20880
E06000052,Cornwall,1,Female,18,Aged 65 years,3900
E06000052,Cornwall,1,Female,19,Aged 66 to 69 years,15581
E06000052,Cornwall,1,Female,20,Aged 70 to 74 years,20982
E06000052,Cornwall,1,Female,21,Aged 75 to 79 years,15606
E06000052,Cornwall,1,Female,22,Aged 80 to 84 years,10272
E06000052,Cornwall,1,Female,23,Aged 85 years and over,11241
E06000052,Cornwall,2,Male,1,Aged 2 years and under,7489
E06000052,Cornwall,2,Male,2,Aged 3 to 4 years,5646
E06000052,Cornwall,2,Male,3,Aged 5 to 7 years,8877
E06000052,Cornwall,2,Male,4,Aged 8 to 9 years,6566
E06000052,Cornwall,2,Male,5,Aged 10 to 14 years,16081
E06000052,Cornwall,2,Male,6,Aged 15 years,2979
E06000052,Cornwall,2,Male,7,Aged 16 to 17 years,6094
E06000052,Cornwall,2,Male,8,Aged 18 to 19 years,5848
E06000052,Cornwall,2,Male,9,Aged 20 to 24 years,14519
E06000052,Cornwall,2,Male,10,Aged 25 to 29 years,14012
E06000052,Cornwall,2,Male,11,Aged 30 to 34 years,15266
E06000052,Cornwall,2,Male,12,Aged 35 to 39 years,14980
E06000052,Cornwall,2,Male,13,Aged 40 to 44 years,15274
E06000052,Cornwall,2,Male,14,Aged 45 to 49 years,16606
E06000052,Cornwall,2,Male,15,Aged 50 to 54 years,19452
E06000052,Cornwall,2,Male,16,Aged 55 to 59 years,20773
E06000052,Cornwall,2,Male,17,Aged 60 to 64 years,19600
E06000052,Cornwall,2,Male,18,Aged 65 years,3638
E06000052,Cornwall,2,Male,19,Aged 66 to 69 years,14269
E06000052,Cornwall,2,Male,20,Aged 70 to 74 years,19419
E06000052,Cornwall,2,Male,21,Aged 75 to 79 years,13834
E06000052,Cornwall,2,Male,22,Aged 80 to 84 years,8498
E06000052,Cornwall,2,Male,23,Aged 85 years and over,6899
E06000053,Isles of Scilly,1,Female,1,Aged 2 years and under,35
E06000053,Isles of Scilly,1,Female,2,Aged 3 to 4 years,13
E06000053,Isles of Scilly,1,Female,3,Aged 5 to 7 years,40
E06000053,Isles of Scilly,1,Female,4,Aged 8 to 9 years,11
E06000053,Isles of Scilly,1,Female,5,Aged 10 to 14 years,51
E06000053,Isles of Scilly,1,Female,6,Aged 15 years,3
E06000053,Isles of Scilly,1,Female,7,Aged 16 to 17 years,2
E06000053,Isles of Scilly,1,Female,8,Aged 18 to 19 years,11
E06000053,Isles of Scilly,1,Female,9,Aged 20 to 24 years,42
E06000053,Isles of Scilly,1,Female,10,Aged 25 to 29 years,62
E06000053,Isles of Scilly,1,Female,11,Aged 30 to 34 years,50
E06000053,Isles of Scilly,1,Female,12,Aged 35 to 39 years,73
E06000053,Isles of Scilly,1,Female,13,Aged 40 to 44 years,69
E06000053,Isles of Scilly,1,Female,14,Aged 45 to 49 years,63
E06000053,Isles of Scilly,1,Female,15,Aged 50 to 54 years,85
E06000053,Isles of Scilly,1,Female,16,Aged 55 to 59 years,81
E06000053,Isles of Scilly,1,Female,17,Aged 60 to 64 years,59
E06000053,Isles of Scilly,1,Female,18,Aged 65 years,7
E06000053,Isles of Scilly,1,Female,19,Aged 66 to 69 years,54
E06000053,Isles of Scilly,1,Female,20,Aged 70 to 74 years,85
E06000053,Isles of Scilly,1,Female,21,Aged 75 to 79 years,56
E06000053,Isles of Scilly,1,Female,22,Aged 80 to 84 years,50
E06000053,Isles of Scilly,1,Female,23,Aged 85 years and over,52
E06000053,Isles of Scilly,2,Male,1,Aged 2 years and under,33
E06000053,Isles of Scilly,2,Male,2,Aged 3 to 4 years,15
E06000053,Isles of Scilly,2,Male,3,Aged 5 to 7 years,32
E06000053,Isles of Scilly,2,Male,4,Aged 8 to 9 years,24
E06000053,Isles of Scilly,2,Male,5,Aged 10 to 14 years,54
E06000053,Isles of Scilly,2,Male,6,Aged 15 years,14
E06000053,Isles of Scilly,2,Male,7,Aged 16 to 17 years,6
E06000053,Isles of Scilly,2,Male,8,Aged 18 to 19 years,8
E06000053,Isles of Scilly,2,Male,9,Aged 20 to 24 years,42
E06000053,Isles of Scilly,2,Male,10,Aged 25 to 29 years,49
E06000053,Isles of Scilly,2,Male,11,Aged 30 to 34 years,56
E06000053,Isles of Scilly,2,Male,12,Aged 35 to 39 years,59
E06000053,Isles of Scilly,2,Male,13,Aged 40 to 44 years,69
E06000053,Isles of Scilly,2,Male,14,Aged 45 to 49 years,43
E06000053,Isles of Scilly,2,Male,15,Aged 50 to 54 years,70
E06000053,Isles of Scilly,2,Male,16,Aged 55 to 59 years,89
E06000053,Isles of Scilly,2,Male,17,Aged 60 to 64 years,65
E06000053,Isles of Scilly,2,Male,18,Aged 65 years,10
E06000053,Isles of Scilly,2,Male,19,Aged 66 to 69 years,52
E06000053,Isles of Scilly,2,Male,20,Aged 70 to 74 years,69
E06000053,Isles of Scilly,2,Male,21,Aged 75 to 79 years,71
E06000053,Isles of Scilly,2,Male,22,Aged 80 to 84 years,46
E06000053,Isles of Scilly,2,Male,23,Aged 85 years and over,29
E06000054,Wiltshire,1,Female,1,Aged 2 years and under,7246
E06000054,Wiltshire,1,Female,2,Aged 3 to 4 years,5355
E06000054,Wiltshire,1,Female,3,Aged 5 to 7 years,8437
E06000054,Wiltshire,1,Female,4,Aged 8 to 9 years,5789
E06000054,Wiltshire,1,Female,5,Aged 10 to 14 years,14958
E06000054,Wiltshire,1,Female,6,Aged 15 years,2839
E06000054,Wiltshire,1,Female,7,Aged 16 to 17 years,5819
E06000054,Wiltshire,1,Female,8,Aged 18 to 19 years,4099
E06000054,Wiltshire,1,Female,9,Aged 20 to 24 years,11036
E06000054,Wiltshire,1,Female,10,Aged 25 to 29 years,13894
E06000054,Wiltshire,1,Female,11,Aged 30 to 34 years,15781
E06000054,Wiltshire,1,Female,12,Aged 35 to 39 years,15449
E06000054,Wiltshire,1,Female,13,Aged 40 to 44 years,15010
E06000054,Wiltshire,1,Female,14,Aged 45 to 49 years,17235
E06000054,Wiltshire,1,Female,15,Aged 50 to 54 years,19238
E06000054,Wiltshire,1,Female,16,Aged 55 to 59 years,19417
E06000054,Wiltshire,1,Female,17,Aged 60 to 64 years,16796
E06000054,Wiltshire,1,Female,18,Aged 65 years,3070
E06000054,Wiltshire,1,Female,19,Aged 66 to 69 years,11850
E06000054,Wiltshire,1,Female,20,Aged 70 to 74 years,15596
E06000054,Wiltshire,1,Female,21,Aged 75 to 79 years,11924
E06000054,Wiltshire,1,Female,22,Aged 80 to 84 years,8447
E06000054,Wiltshire,1,Female,23,Aged 85 years and over,9346
E06000054,Wiltshire,2,Male,1,Aged 2 years and under,7538
E06000054,Wiltshire,2,Male,2,Aged 3 to 4 years,5489
E06000054,Wiltshire,2,Male,3,Aged 5 to 7 years,8854
E06000054,Wiltshire,2,Male,4,Aged 8 to 9 years,6464
E06000054,Wiltshire,2,Male,5,Aged 10 to 14 years,15354
E06000054,Wiltshire,2,Male,6,Aged 15 years,2895
E06000054,Wiltshire,2,Male,7,Aged 16 to 17 years,6257
E06000054,Wiltshire,2,Male,8,Aged 18 to 19 years,5428
E06000054,Wiltshire,2,Male,9,Aged 20 to 24 years,13202
E06000054,Wiltshire,2,Male,10,Aged 25 to 29 years,14663
E06000054,Wiltshire,2,Male,11,Aged 30 to 34 years,15185
E06000054,Wiltshire,2,Male,12,Aged 35 to 39 years,15131
E06000054,Wiltshire,2,Male,13,Aged 40 to 44 years,14582
E06000054,Wiltshire,2,Male,14,Aged 45 to 49 years,16185
E06000054,Wiltshire,2,Male,15,Aged 50 to 54 years,18351
E06000054,Wiltshire,2,Male,16,Aged 55 to 59 years,18574
E06000054,Wiltshire,2,Male,17,Aged 60 to 64 years,16260
E06000054,Wiltshire,2,Male,18,Aged 65 years,2826
E06000054,Wiltshire,2,Male,19,Aged 66 to 69 years,11043
E06000054,Wiltshire,2,Male,20,Aged 70 to 74 years,14315
E06000054,Wiltshire,2,Male,21,Aged 75 to 79 years,10482
E06000054,Wiltshire,2,Male,22,Aged 80 to 84 years,6827
E06000054,Wiltshire,2,Male,23,Aged 85 years and over,5801
E06000055,Bedford,1,Female,1,Aged 2 years and under,3219
E06000055,Bedford,1,Female,2,Aged 3 to 4 years,2246
E06000055,Bedford,1,Female,3,Aged 5 to 7 years,3330
E06000055,Bedford,1,Female,4,Aged 8 to 9 years,2366
E06000055,Bedford,1,Female,5,Aged 10 to 14 years,5832
E06000055,Bedford,1,Female,6,Aged 15 years,1069
E06000055,Bedford,1,Female,7,Aged 16 to 17 years,2076
E06000055,Bedford,1,Female,8,Aged 18 to 19 years,1700
E06000055,Bedford,1,Female,9,Aged 20 to 24 years,4980
E06000055,Bedford,1,Female,10,Aged 25 to 29 years,6136
E06000055,Bedford,1,Female,11,Aged 30 to 34 years,7048
E06000055,Bedford,1,Female,12,Aged 35 to 39 years,6886
E06000055,Bedford,1,Female,13,Aged 40 to 44 years,6568
E06000055,Bedford,1,Female,14,Aged 45 to 49 years,6158
E06000055,Bedford,1,Female,15,Aged 50 to 54 years,6466
E06000055,Bedford,1,Female,16,Aged 55 to 59 years,6146
E06000055,Bedford,1,Female,17,Aged 60 to 64 years,5017
E06000055,Bedford,1,Female,18,Aged 65 years,933
E06000055,Bedford,1,Female,19,Aged 66 to 69 years,3429
E06000055,Bedford,1,Female,20,Aged 70 to 74 years,4352
E06000055,Bedford,1,Female,21,Aged 75 to 79 years,3141
E06000055,Bedford,1,Female,22,Aged 80 to 84 years,2326
E06000055,Bedford,1,Female,23,Aged 85 years and over,2677
E06000055,Bedford,2,Male,1,Aged 2 years and under,3317
E06000055,Bedford,2,Male,2,Aged 3 to 4 years,2381
E06000055,Bedford,2,Male,3,Aged 5 to 7 years,3605
E06000055,Bedford,2,Male,4,Aged 8 to 9 years,2441
E06000055,Bedford,2,Male,5,Aged 10 to 14 years,6141
E06000055,Bedford,2,Male,6,Aged 15 years,1160
E06000055,Bedford,2,Male,7,Aged 16 to 17 years,2373
E06000055,Bedford,2,Male,8,Aged 18 to 19 years,1941
E06000055,Bedford,2,Male,9,Aged 20 to 24 years,5017
E06000055,Bedford,2,Male,10,Aged 25 to 29 years,5748
E06000055,Bedford,2,Male,11,Aged 30 to 34 years,6499
E06000055,Bedford,2,Male,12,Aged 35 to 39 years,6426
E06000055,Bedford,2,Male,13,Aged 40 to 44 years,6387
E06000055,Bedford,2,Male,14,Aged 45 to 49 years,6109
E06000055,Bedford,2,Male,15,Aged 50 to 54 years,6569
E06000055,Bedford,2,Male,16,Aged 55 to 59 years,5890
E06000055,Bedford,2,Male,17,Aged 60 to 64 years,4954
E06000055,Bedford,2,Male,18,Aged 65 years,875
E06000055,Bedford,2,Male,19,Aged 66 to 69 years,3142
E06000055,Bedford,2,Male,20,Aged 70 to 74 years,3985
E06000055,Bedford,2,Male,21,Aged 75 to 79 years,2726
E06000055,Bedford,2,Male,22,Aged 80 to 84 years,1844
E06000055,Bedford,2,Male,23,Aged 85 years and over,1594
E06000056,Central Bedfordshire,1,Female,1,Aged 2 years and under,5048
E06000056,Central Bedfordshire,1,Female,2,Aged 3 to 4 years,3582
E06000056,Central Bedfordshire,1,Female,3,Aged 5 to 7 years,5363
E06000056,Central Bedfordshire,1,Female,4,Aged 8 to 9 years,3658
E06000056,Central Bedfordshire,1,Female,5,Aged 10 to 14 years,8764
E06000056,Central Bedfordshire,1,Female,6,Aged 15 years,1603
E06000056,Central Bedfordshire,1,Female,7,Aged 16 to 17 years,3124
E06000056,Central Bedfordshire,1,Female,8,Aged 18 to 19 years,2336
E06000056,Central Bedfordshire,1,Female,9,Aged 20 to 24 years,6683
E06000056,Central Bedfordshire,1,Female,10,Aged 25 to 29 years,9164
E06000056,Central Bedfordshire,1,Female,11,Aged 30 to 34 years,10964
E06000056,Central Bedfordshire,1,Female,12,Aged 35 to 39 years,10706
E06000056,Central Bedfordshire,1,Female,13,Aged 40 to 44 years,9917
E06000056,Central Bedfordshire,1,Female,14,Aged 45 to 49 years,9854
E06000056,Central Bedfordshire,1,Female,15,Aged 50 to 54 years,10654
E06000056,Central Bedfordshire,1,Female,16,Aged 55 to 59 years,10575
E06000056,Central Bedfordshire,1,Female,17,Aged 60 to 64 years,8735
E06000056,Central Bedfordshire,1,Female,18,Aged 65 years,1538
E06000056,Central Bedfordshire,1,Female,19,Aged 66 to 69 years,5973
E06000056,Central Bedfordshire,1,Female,20,Aged 70 to 74 years,7661
E06000056,Central Bedfordshire,1,Female,21,Aged 75 to 79 years,5602
E06000056,Central Bedfordshire,1,Female,22,Aged 80 to 84 years,3785
E06000056,Central Bedfordshire,1,Female,23,Aged 85 years and over,3834
E06000056,Central Bedfordshire,2,Male,1,Aged 2 years and under,5488
E06000056,Central Bedfordshire,2,Male,2,Aged 3 to 4 years,3687
E06000056,Central Bedfordshire,2,Male,3,Aged 5 to 7 years,5671
E06000056,Central Bedfordshire,2,Male,4,Aged 8 to 9 years,3829
E06000056,Central Bedfordshire,2,Male,5,Aged 10 to 14 years,9094
E06000056,Central Bedfordshire,2,Male,6,Aged 15 years,1705
E06000056,Central Bedfordshire,2,Male,7,Aged 16 to 17 years,3286
E06000056,Central Bedfordshire,2,Male,8,Aged 18 to 19 years,2724
E06000056,Central Bedfordshire,2,Male,9,Aged 20 to 24 years,7302
E06000056,Central Bedfordshire,2,Male,10,Aged 25 to 29 years,8793
E06000056,Central Bedfordshire,2,Male,11,Aged 30 to 34 years,10238
E06000056,Central Bedfordshire,2,Male,12,Aged 35 to 39 years,10068
E06000056,Central Bedfordshire,2,Male,13,Aged 40 to 44 years,9592
E06000056,Central Bedfordshire,2,Male,14,Aged 45 to 49 years,9511
E06000056,Central Bedfordshire,2,Male,15,Aged 50 to 54 years,10418
E06000056,Central Bedfordshire,2,Male,16,Aged 55 to 59 years,10388
E06000056,Central Bedfordshire,2,Male,17,Aged 60 to 64 years,8781
E06000056,Central Bedfordshire,2,Male,18,Aged 65 years,1433
E06000056,Central Bedfordshire,2,Male,19,Aged 66 to 69 years,5469
E06000056,Central Bedfordshire,2,Male,20,Aged 70 to 74 years,7031
E06000056,Central Bedfordshire,2,Male,21,Aged 75 to 79 years,4977
E06000056,Central Bedfordshire,2,Male,22,Aged 80 to 84 years,3176
E06000056,Central Bedfordshire,2,Male,23,Aged 85 years and over,2469
E06000057,Northumberland,1,Female,1,Aged 2 years and under,3973
E06000057,Northumberland,1,Female,2,Aged 3 to 4 years,2975
E06000057,Northumberland,1,Female,3,Aged 5 to 7 years,4654
E06000057,Northumberland,1,Female,4,Aged 8 to 9 years,3421
E06000057,Northumberland,1,Female,5,Aged 10 to 14 years,8415
E06000057,Northumberland,1,Female,6,Aged 15 years,1593
E06000057,Northumberland,1,Female,7,Aged 16 to 17 years,3208
E06000057,Northumberland,1,Female,8,Aged 18 to 19 years,2640
E06000057,Northumberland,1,Female,9,Aged 20 to 24 years,6651
E06000057,Northumberland,1,Female,10,Aged 25 to 29 years,8029
E06000057,Northumberland,1,Female,11,Aged 30 to 34 years,8647
E06000057,Northumberland,1,Female,12,Aged 35 to 39 years,9000
E06000057,Northumberland,1,Female,13,Aged 40 to 44 years,8996
E06000057,Northumberland,1,Female,14,Aged 45 to 49 years,10131
E06000057,Northumberland,1,Female,15,Aged 50 to 54 years,12006
E06000057,Northumberland,1,Female,16,Aged 55 to 59 years,13369
E06000057,Northumberland,1,Female,17,Aged 60 to 64 years,12811
E06000057,Northumberland,1,Female,18,Aged 65 years,2391
E06000057,Northumberland,1,Female,19,Aged 66 to 69 years,9058
E06000057,Northumberland,1,Female,20,Aged 70 to 74 years,11899
E06000057,Northumberland,1,Female,21,Aged 75 to 79 years,8254
E06000057,Northumberland,1,Female,22,Aged 80 to 84 years,5940
E06000057,Northumberland,1,Female,23,Aged 85 years and over,5930
E06000057,Northumberland,2,Male,1,Aged 2 years and under,4138
E06000057,Northumberland,2,Male,2,Aged 3 to 4 years,3149
E06000057,Northumberland,2,Male,3,Aged 5 to 7 years,5048
E06000057,Northumberland,2,Male,4,Aged 8 to 9 years,3563
E06000057,Northumberland,2,Male,5,Aged 10 to 14 years,8994
E06000057,Northumberland,2,Male,6,Aged 15 years,1798
E06000057,Northumberland,2,Male,7,Aged 16 to 17 years,3489
E06000057,Northumberland,2,Male,8,Aged 18 to 19 years,2950
E06000057,Northumberland,2,Male,9,Aged 20 to 24 years,7254
E06000057,Northumberland,2,Male,10,Aged 25 to 29 years,7898
E06000057,Northumberland,2,Male,11,Aged 30 to 34 years,8289
E06000057,Northumberland,2,Male,12,Aged 35 to 39 years,8408
E06000057,Northumberland,2,Male,13,Aged 40 to 44 years,8421
E06000057,Northumberland,2,Male,14,Aged 45 to 49 years,9542
E06000057,Northumberland,2,Male,15,Aged 50 to 54 years,11207
E06000057,Northumberland,2,Male,16,Aged 55 to 59 years,12407
E06000057,Northumberland,2,Male,17,Aged 60 to 64 years,11947
E06000057,Northumberland,2,Male,18,Aged 65 years,2314
E06000057,Northumberland,2,Male,19,Aged 66 to 69 years,8822
E06000057,Northumberland,2,Male,20,Aged 70 to 74 years,11076
E06000057,Northumberland,2,Male,21,Aged 75 to 79 years,7560
E06000057,Northumberland,2,Male,22,Aged 80 to 84 years,4653
E06000057,Northumberland,2,Male,23,Aged 85 years and over,3654
E06000058,"Bournemouth, Christchurch and Poole",1,Female,1,Aged 2 years and under,5376
E06000058,"Bournemouth, Christchurch and Poole",1,Female,2,Aged 3 to 4 years,3816
E06000058,"Bournemouth, Christchurch and Poole",1,Female,3,Aged 5 to 7 years,6088
E06000058,"Bournemouth, Christchurch and Poole",1,Female,4,Aged 8 to 9 years,4286
E06000058,"Bournemouth, Christchurch and Poole",1,Female,5,Aged 10 to 14 years,10400
E06000058,"Bournemouth, Christchurch and Poole",1,Female,6,Aged 15 years,1849
E06000058,"Bournemouth, Christchurch and Poole",1,Female,7,Aged 16 to 17 years,3890
E06000058,"Bournemouth, Christchurch and Poole",1,Female,8,Aged 18 to 19 years,5328
E06000058,"Bournemouth, Christchurch and Poole",1,Female,9,Aged 20 to 24 years,13508
E06000058,"Bournemouth, Christchurch and Poole",1,Female,10,Aged 25 to 29 years,12056
E06000058,"Bournemouth, Christchurch and Poole",1,Female,11,Aged 30 to 34 years,13457
E06000058,"Bournemouth, Christchurch and Poole",1,Female,12,Aged 35 to 39 years,13447
E06000058,"Bournemouth, Christchurch and Poole",1,Female,13,Aged 40 to 44 years,12774
E06000058,"Bournemouth, Christchurch and Poole",1,Female,14,Aged 45 to 49 years,12374
E06000058,"Bournemouth, Christchurch and Poole",1,Female,15,Aged 50 to 54 years,13460
E06000058,"Bournemouth, Christchurch and Poole",1,Female,16,Aged 55 to 59 years,13476
E06000058,"Bournemouth, Christchurch and Poole",1,Female,17,Aged 60 to 64 years,11926
E06000058,"Bournemouth, Christchurch and Poole",1,Female,18,Aged 65 years,2114
E06000058,"Bournemouth, Christchurch and Poole",1,Female,19,Aged 66 to 69 years,8767
E06000058,"Bournemouth, Christchurch and Poole",1,Female,20,Aged 70 to 74 years,11988
E06000058,"Bournemouth, Christchurch and Poole",1,Female,21,Aged 75 to 79 years,9106
E06000058,"Bournemouth, Christchurch and Poole",1,Female,22,Aged 80 to 84 years,6756
E06000058,"Bournemouth, Christchurch and Poole",1,Female,23,Aged 85 years and over,8584
E06000058,"Bournemouth, Christchurch and Poole",2,Male,1,Aged 2 years and under,5633
E06000058,"Bournemouth, Christchurch and Poole",2,Male,2,Aged 3 to 4 years,4054
E06000058,"Bournemouth, Christchurch and Poole",2,Male,3,Aged 5 to 7 years,6311
E06000058,"Bournemouth, Christchurch and Poole",2,Male,4,Aged 8 to 9 years,4524
E06000058,"Bournemouth, Christchurch and Poole",2,Male,5,Aged 10 to 14 years,10942
E06000058,"Bournemouth, Christchurch and Poole",2,Male,6,Aged 15 years,2008
E06000058,"Bournemouth, Christchurch and Poole",2,Male,7,Aged 16 to 17 years,4082
E06000058,"Bournemouth, Christchurch and Poole",2,Male,8,Aged 18 to 19 years,5100
E06000058,"Bournemouth, Christchurch and Poole",2,Male,9,Aged 20 to 24 years,13420
E06000058,"Bournemouth, Christchurch and Poole",2,Male,10,Aged 25 to 29 years,11788
E06000058,"Bournemouth, Christchurch and Poole",2,Male,11,Aged 30 to 34 years,12704
E06000058,"Bournemouth, Christchurch and Poole",2,Male,12,Aged 35 to 39 years,12777
E06000058,"Bournemouth, Christchurch and Poole",2,Male,13,Aged 40 to 44 years,12640
E06000058,"Bournemouth, Christchurch and Poole",2,Male,14,Aged 45 to 49 years,12350
E06000058,"Bournemouth, Christchurch and Poole",2,Male,15,Aged 50 to 54 years,13396
E06000058,"Bournemouth, Christchurch and Poole",2,Male,16,Aged 55 to 59 years,13050
E06000058,"Bournemouth, Christchurch and Poole",2,Male,17,Aged 60 to 64 years,11479
E06000058,"Bournemouth, Christchurch and Poole",2,Male,18,Aged 65 years,2036
E06000058,"Bournemouth, Christchurch and Poole",2,Male,19,Aged 66 to 69 years,7901
E06000058,"Bournemouth, Christchurch and Poole",2,Male,20,Aged 70 to 74 years,10608
E06000058,"Bournemouth, Christchurch and Poole",2,Male,21,Aged 75 to 79 years,7989
E06000058,"Bournemouth, Christchurch and Poole",2,Male,22,Aged 80 to 84 years,5450
E06000058,"Bournemouth, Christchurch and Poole",2,Male,23,Aged 85 years and over,5129
E06000059,Dorset,1,Female,1,Aged 2 years and under,4032
E06000059,Dorset,1,Female,2,Aged 3 to 4 years,3262
E06000059,Dorset,1,Female,3,Aged 5 to 7 years,5104
E06000059,Dorset,1,Female,4,Aged 8 to 9 years,3765
E06000059,Dorset,1,Female,5,Aged 10 to 14 years,9986
E06000059,Dorset,1,Female,6,Aged 15 years,2071
E06000059,Dorset,1,Female,7,Aged 16 to 17 years,3921
E06000059,Dorset,1,Female,8,Aged 18 to 19 years,3008
E06000059,Dorset,1,Female,9,Aged 20 to 24 years,7122
E06000059,Dorset,1,Female,10,Aged 25 to 29 years,8298
E06000059,Dorset,1,Female,11,Aged 30 to 34 years,9265
E06000059,Dorset,1,Female,12,Aged 35 to 39 years,9502
E06000059,Dorset,1,Female,13,Aged 40 to 44 years,9653
E06000059,Dorset,1,Female,14,Aged 45 to 49 years,11315
E06000059,Dorset,1,Female,15,Aged 50 to 54 years,14053
E06000059,Dorset,1,Female,16,Aged 55 to 59 years,15426
E06000059,Dorset,1,Female,17,Aged 60 to 64 years,14944
E06000059,Dorset,1,Female,18,Aged 65 years,2726
E06000059,Dorset,1,Female,19,Aged 66 to 69 years,11356
E06000059,Dorset,1,Female,20,Aged 70 to 74 years,15925
E06000059,Dorset,1,Female,21,Aged 75 to 79 years,12019
E06000059,Dorset,1,Female,22,Aged 80 to 84 years,8564
E06000059,Dorset,1,Female,23,Aged 85 years and over,9851
E06000059,Dorset,2,Male,1,Aged 2 years and under,4536
E06000059,Dorset,2,Male,2,Aged 3 to 4 years,3193
E06000059,Dorset,2,Male,3,Aged 5 to 7 years,5305
E06000059,Dorset,2,Male,4,Aged 8 to 9 years,3988
E06000059,Dorset,2,Male,5,Aged 10 to 14 years,10349
E06000059,Dorset,2,Male,6,Aged 15 years,2085
E06000059,Dorset,2,Male,7,Aged 16 to 17 years,4490
E06000059,Dorset,2,Male,8,Aged 18 to 19 years,3566
E06000059,Dorset,2,Male,9,Aged 20 to 24 years,8177
E06000059,Dorset,2,Male,10,Aged 25 to 29 years,8456
E06000059,Dorset,2,Male,11,Aged 30 to 34 years,9065
E06000059,Dorset,2,Male,12,Aged 35 to 39 years,8826
E06000059,Dorset,2,Male,13,Aged 40 to 44 years,9139
E06000059,Dorset,2,Male,14,Aged 45 to 49 years,10344
E06000059,Dorset,2,Male,15,Aged 50 to 54 years,12862
E06000059,Dorset,2,Male,16,Aged 55 to 59 years,14338
E06000059,Dorset,2,Male,17,Aged 60 to 64 years,13857
E06000059,Dorset,2,Male,18,Aged 65 years,2560
E06000059,Dorset,2,Male,19,Aged 66 to 69 years,10375
E06000059,Dorset,2,Male,20,Aged 70 to 74 years,14492
E06000059,Dorset,2,Male,21,Aged 75 to 79 years,10872
E06000059,Dorset,2,Male,22,Aged 80 to 84 years,7176
E06000059,Dorset,2,Male,23,Aged 85 years and over,6363
E06000060,Buckinghamshire,1,Female,1,Aged 2 years and under,8554
E06000060,Buckinghamshire,1,Female,2,Aged 3 to 4 years,6382
E06000060,Buckinghamshire,1,Female,3,Aged 5 to 7 years,10069
E06000060,Buckinghamshire,1,Female,4,Aged 8 to 9 years,7214
E06000060,Buckinghamshire,1,Female,5,Aged 10 to 14 years,18032
E06000060,Buckinghamshire,1,Female,6,Aged 15 years,3328
E06000060,Buckinghamshire,1,Female,7,Aged 16 to 17 years,6804
E06000060,Buckinghamshire,1,Female,8,Aged 18 to 19 years,4796
E06000060,Buckinghamshire,1,Female,9,Aged 20 to 24 years,12471
E06000060,Buckinghamshire,1,Female,10,Aged 25 to 29 years,15321
E06000060,Buckinghamshire,1,Female,11,Aged 30 to 34 years,17898
E06000060,Buckinghamshire,1,Female,12,Aged 35 to 39 years,19019
E06000060,Buckinghamshire,1,Female,13,Aged 40 to 44 years,19666
E06000060,Buckinghamshire,1,Female,14,Aged 45 to 49 years,19597
E06000060,Buckinghamshire,1,Female,15,Aged 50 to 54 years,20915
E06000060,Buckinghamshire,1,Female,16,Aged 55 to 59 years,19821
E06000060,Buckinghamshire,1,Female,17,Aged 60 to 64 years,16473
E06000060,Buckinghamshire,1,Female,18,Aged 65 years,2915
E06000060,Buckinghamshire,1,Female,19,Aged 66 to 69 years,10799
E06000060,Buckinghamshire,1,Female,20,Aged 70 to 74 years,14337
E06000060,Buckinghamshire,1,Female,21,Aged 75 to 79 years,10966
E06000060,Buckinghamshire,1,Female,22,Aged 80 to 84 years,8169
E06000060,Buckinghamshire,1,Female,23,Aged 85 years and over,9139
E06000060,Buckinghamshire,2,Male,1,Aged 2 years and under,9209
E06000060,Buckinghamshire,2,Male,2,Aged 3 to 4 years,6743
E06000060,Buckinghamshire,2,Male,3,Aged 5 to 7 years,10447
E06000060,Buckinghamshire,2,Male,4,Aged 8 to 9 years,7425
E06000060,Buckinghamshire,2,Male,5,Aged 10 to 14 years,18775
E06000060,Buckinghamshire,2,Male,6,Aged 15 years,3505
E06000060,Buckinghamshire,2,Male,7,Aged 16 to 17 years,7026
E06000060,Buckinghamshire,2,Male,8,Aged 18 to 19 years,5346
E06000060,Buckinghamshire,2,Male,9,Aged 20 to 24 years,13175
E06000060,Buckinghamshire,2,Male,10,Aged 25 to 29 years,14919
E06000060,Buckinghamshire,2,Male,11,Aged 30 to 34 years,16268
E06000060,Buckinghamshire,2,Male,12,Aged 35 to 39 years,17360
E06000060,Buckinghamshire,2,Male,13,Aged 40 to 44 years,18544
E06000060,Buckinghamshire,2,Male,14,Aged 45 to 49 years,18884
E06000060,Buckinghamshire,2,Male,15,Aged 50 to 54 years,19750
E06000060,Buckinghamshire,2,Male,16,Aged 55 to 59 years,19440
E06000060,Buckinghamshire,2,Male,17,Aged 60 to 64 years,16189
E06000060,Buckinghamshire,2,Male,18,Aged 65 years,2836
E06000060,Buckinghamshire,2,Male,19,Aged 66 to 69 years,10289
E06000060,Buckinghamshire,2,Male,20,Aged 70 to 74 years,12725
E06000060,Buckinghamshire,2,Male,21,Aged 75 to 79 years,9423
E06000060,Buckinghamshire,2,Male,22,Aged 80 to 84 years,6522
E06000060,Buckinghamshire,2,Male,23,Aged 85 years and over,5593
E06000061,North Northamptonshire,1,Female,1,Aged 2 years and under,5727
E06000061,North Northamptonshire,1,Female,2,Aged 3 to 4 years,4088
E06000061,North Northamptonshire,1,Female,3,Aged 5 to 7 years,6369
E06000061,North Northamptonshire,1,Female,4,Aged 8 to 9 years,4654
E06000061,North Northamptonshire,1,Female,5,Aged 10 to 14 years,11319
E06000061,North Northamptonshire,1,Female,6,Aged 15 years,2164
E06000061,North Northamptonshire,1,Female,7,Aged 16 to 17 years,4208
E06000061,North Northamptonshire,1,Female,8,Aged 18 to 19 years,3061
E06000061,North Northamptonshire,1,Female,9,Aged 20 to 24 years,8856
E06000061,North Northamptonshire,1,Female,10,Aged 25 to 29 years,11480
E06000061,North Northamptonshire,1,Female,11,Aged 30 to 34 years,12760
E06000061,North Northamptonshire,1,Female,12,Aged 35 to 39 years,12503
E06000061,North Northamptonshire,1,Female,13,Aged 40 to 44 years,11821
E06000061,North Northamptonshire,1,Female,14,Aged 45 to 49 years,12159
E06000061,North Northamptonshire,1,Female,15,Aged 50 to 54 years,13237
E06000061,North Northamptonshire,1,Female,16,Aged 55 to 59 years,12499
E06000061,North Northamptonshire,1,Female,17,Aged 60 to 64 years,10312
E06000061,North Northamptonshire,1,Female,18,Aged 65 years,1906
E06000061,North Northamptonshire,1,Female,19,Aged 66 to 69 years,7478
E06000061,North Northamptonshire,1,Female,20,Aged 70 to 74 years,9690
E06000061,North Northamptonshire,1,Female,21,Aged 75 to 79 years,6897
E06000061,North Northamptonshire,1,Female,22,Aged 80 to 84 years,4511
E06000061,North Northamptonshire,1,Female,23,Aged 85 years and over,4753
E06000061,North Northamptonshire,2,Male,1,Aged 2 years and under,6123
E06000061,North Northamptonshire,2,Male,2,Aged 3 to 4 years,4268
E06000061,North Northamptonshire,2,Male,3,Aged 5 to 7 years,6736
E06000061,North Northamptonshire,2,Male,4,Aged 8 to 9 years,4699
E06000061,North Northamptonshire,2,Male,5,Aged 10 to 14 years,11917
E06000061,North Northamptonshire,2,Male,6,Aged 15 years,2274
E06000061,North Northamptonshire,2,Male,7,Aged 16 to 17 years,4562
E06000061,North Northamptonshire,2,Male,8,Aged 18 to 19 years,3492
E06000061,North Northamptonshire,2,Male,9,Aged 20 to 24 years,8930
E06000061,North Northamptonshire,2,Male,10,Aged 25 to 29 years,10885
E06000061,North Northamptonshire,2,Male,11,Aged 30 to 34 years,12105
E06000061,North Northamptonshire,2,Male,12,Aged 35 to 39 years,11872
E06000061,North Northamptonshire,2,Male,13,Aged 40 to 44 years,11507
E06000061,North Northamptonshire,2,Male,14,Aged 45 to 49 years,11783
E06000061,North Northamptonshire,2,Male,15,Aged 50 to 54 years,13224
E06000061,North Northamptonshire,2,Male,16,Aged 55 to 59 years,12411
E06000061,North Northamptonshire,2,Male,17,Aged 60 to 64 years,10161
E06000061,North Northamptonshire,2,Male,18,Aged 65 years,1762
E06000061,North Northamptonshire,2,Male,19,Aged 66 to 69 years,6870
E06000061,North Northamptonshire,2,Male,20,Aged 70 to 74 years,8703
E06000061,North Northamptonshire,2,Male,21,Aged 75 to 79 years,6174
E06000061,North Northamptonshire,2,Male,22,Aged 80 to 84 years,3745
E06000061,North Northamptonshire,2,Male,23,Aged 85 years and over,2868
E06000062,West Northamptonshire,1,Female,1,Aged 2 years and under,6906
E06000062,West Northamptonshire,1,Female,2,Aged 3 to 4 years,4885
E06000062,West Northamptonshire,1,Female,3,Aged 5 to 7 years,7717
E06000062,West Northamptonshire,1,Female,4,Aged 8 to 9 years,5225
E06000062,West Northamptonshire,1,Female,5,Aged 10 to 14 years,13110
E06000062,West Northamptonshire,1,Female,6,Aged 15 years,2540
E06000062,West Northamptonshire,1,Female,7,Aged 16 to 17 years,4730
E06000062,West Northamptonshire,1,Female,8,Aged 18 to 19 years,4622
E06000062,West Northamptonshire,1,Female,9,Aged 20 to 24 years,11795
E06000062,West Northamptonshire,1,Female,10,Aged 25 to 29 years,13611
E06000062,West Northamptonshire,1,Female,11,Aged 30 to 34 years,15687
E06000062,West Northamptonshire,1,Female,12,Aged 35 to 39 years,15083
E06000062,West Northamptonshire,1,Female,13,Aged 40 to 44 years,14198
E06000062,West Northamptonshire,1,Female,14,Aged 45 to 49 years,14487
E06000062,West Northamptonshire,1,Female,15,Aged 50 to 54 years,15175
E06000062,West Northamptonshire,1,Female,16,Aged 55 to 59 years,14468
E06000062,West Northamptonshire,1,Female,17,Aged 60 to 64 years,11957
E06000062,West Northamptonshire,1,Female,18,Aged 65 years,2069
E06000062,West Northamptonshire,1,Female,19,Aged 66 to 69 years,8148
E06000062,West Northamptonshire,1,Female,20,Aged 70 to 74 years,10674
E06000062,West Northamptonshire,1,Female,21,Aged 75 to 79 years,7457
E06000062,West Northamptonshire,1,Female,22,Aged 80 to 84 years,5103
E06000062,West Northamptonshire,1,Female,23,Aged 85 years and over,5414
E06000062,West Northamptonshire,2,Male,1,Aged 2 years and under,7103
E06000062,West Northamptonshire,2,Male,2,Aged 3 to 4 years,5071
E06000062,West Northamptonshire,2,Male,3,Aged 5 to 7 years,7834
E06000062,West Northamptonshire,2,Male,4,Aged 8 to 9 years,5603
E06000062,West Northamptonshire,2,Male,5,Aged 10 to 14 years,13756
E06000062,West Northamptonshire,2,Male,6,Aged 15 years,2473
E06000062,West Northamptonshire,2,Male,7,Aged 16 to 17 years,4948
E06000062,West Northamptonshire,2,Male,8,Aged 18 to 19 years,4531
E06000062,West Northamptonshire,2,Male,9,Aged 20 to 24 years,12360
E06000062,West Northamptonshire,2,Male,10,Aged 25 to 29 years,13733
E06000062,West Northamptonshire,2,Male,11,Aged 30 to 34 years,15103
E06000062,West Northamptonshire,2,Male,12,Aged 35 to 39 years,14647
E06000062,West Northamptonshire,2,Male,13,Aged 40 to 44 years,14320
E06000062,West Northamptonshire,2,Male,14,Aged 45 to 49 years,14309
E06000062,West Northamptonshire,2,Male,15,Aged 50 to 54 years,15067
E06000062,West Northamptonshire,2,Male,16,Aged 55 to 59 years,14425
E06000062,West Northamptonshire,2,Male,17,Aged 60 to 64 years,11571
E06000062,West Northamptonshire,2,Male,18,Aged 65 years,1980
E06000062,West Northamptonshire,2,Male,19,Aged 66 to 69 years,7564
E06000062,West Northamptonshire,2,Male,20,Aged 70 to 74 years,9825
E06000062,West Northamptonshire,2,Male,21,Aged 75 to 79 years,6887
E06000062,West Northamptonshire,2,Male,22,Aged 80 to 84 years,4183
E06000062,West Northamptonshire,2,Male,23,Aged 85 years and over,3372
E07000008,Cambridge,1,Female,1,Aged 2 years and under,1817
E07000008,Cambridge,1,Female,2,Aged 3 to 4 years,1243
E07000008,Cambridge,1,Female,3,Aged 5 to 7 years,1922
E07000008,Cambridge,1,Female,4,Aged 8 to 9 years,1311
E07000008,Cambridge,1,Female,5,Aged 10 to 14 years,3254
E07000008,Cambridge,1,Female,6,Aged 15 years,590
E07000008,Cambridge,1,Female,7,Aged 16 to 17 years,1336
E07000008,Cambridge,1,Female,8,Aged 18 to 19 years,4098
E07000008,Cambridge,1,Female,9,Aged 20 to 24 years,9785
E07000008,Cambridge,1,Female,10,Aged 25 to 29 years,7808
E07000008,Cambridge,1,Female,11,Aged 30 to 34 years,6737
E07000008,Cambridge,1,Female,12,Aged 35 to 39 years,5195
E07000008,Cambridge,1,Female,13,Aged 40 to 44 years,4462
E07000008,Cambridge,1,Female,14,Aged 45 to 49 years,4024
E07000008,Cambridge,1,Female,15,Aged 50 to 54 years,4018
E07000008,Cambridge,1,Female,16,Aged 55 to 59 years,3422
E07000008,Cambridge,1,Female,17,Aged 60 to 64 years,2610
E07000008,Cambridge,1,Female,18,Aged 65 years,508
E07000008,Cambridge,1,Female,19,Aged 66 to 69 years,1867
E07000008,Cambridge,1,Female,20,Aged 70 to 74 years,2181
E07000008,Cambridge,1,Female,21,Aged 75 to 79 years,1651
E07000008,Cambridge,1,Female,22,Aged 80 to 84 years,1334
E07000008,Cambridge,1,Female,23,Aged 85 years and over,1522
E07000008,Cambridge,2,Male,1,Aged 2 years and under,1973
E07000008,Cambridge,2,Male,2,Aged 3 to 4 years,1314
E07000008,Cambridge,2,Male,3,Aged 5 to 7 years,2043
E07000008,Cambridge,2,Male,4,Aged 8 to 9 years,1426
E07000008,Cambridge,2,Male,5,Aged 10 to 14 years,3391
E07000008,Cambridge,2,Male,6,Aged 15 years,625
E07000008,Cambridge,2,Male,7,Aged 16 to 17 years,1215
E07000008,Cambridge,2,Male,8,Aged 18 to 19 years,3665
E07000008,Cambridge,2,Male,9,Aged 20 to 24 years,10524
E07000008,Cambridge,2,Male,10,Aged 25 to 29 years,8464
E07000008,Cambridge,2,Male,11,Aged 30 to 34 years,6811
E07000008,Cambridge,2,Male,12,Aged 35 to 39 years,5312
E07000008,Cambridge,2,Male,13,Aged 40 to 44 years,4680
E07000008,Cambridge,2,Male,14,Aged 45 to 49 years,3984
E07000008,Cambridge,2,Male,15,Aged 50 to 54 years,3776
E07000008,Cambridge,2,Male,16,Aged 55 to 59 years,3500
E07000008,Cambridge,2,Male,17,Aged 60 to 64 years,2723
E07000008,Cambridge,2,Male,18,Aged 65 years,469
E07000008,Cambridge,2,Male,19,Aged 66 to 69 years,1717
E07000008,Cambridge,2,Male,20,Aged 70 to 74 years,1959
E07000008,Cambridge,2,Male,21,Aged 75 to 79 years,1464
E07000008,Cambridge,2,Male,22,Aged 80 to 84 years,1037
E07000008,Cambridge,2,Male,23,Aged 85 years and over,906
E07000009,East Cambridgeshire,1,Female,1,Aged 2 years and under,1315
E07000009,East Cambridgeshire,1,Female,2,Aged 3 to 4 years,941
E07000009,East Cambridgeshire,1,Female,3,Aged 5 to 7 years,1514
E07000009,East Cambridgeshire,1,Female,4,Aged 8 to 9 years,1105
E07000009,East Cambridgeshire,1,Female,5,Aged 10 to 14 years,2646
E07000009,East Cambridgeshire,1,Female,6,Aged 15 years,500
E07000009,East Cambridgeshire,1,Female,7,Aged 16 to 17 years,927
E07000009,East Cambridgeshire,1,Female,8,Aged 18 to 19 years,667
E07000009,East Cambridgeshire,1,Female,9,Aged 20 to 24 years,1793
E07000009,East Cambridgeshire,1,Female,10,Aged 25 to 29 years,2379
E07000009,East Cambridgeshire,1,Female,11,Aged 30 to 34 years,2761
E07000009,East Cambridgeshire,1,Female,12,Aged 35 to 39 years,3070
E07000009,East Cambridgeshire,1,Female,13,Aged 40 to 44 years,3046
E07000009,East Cambridgeshire,1,Female,14,Aged 45 to 49 years,3149
E07000009,East Cambridgeshire,1,Female,15,Aged 50 to 54 years,3308
E07000009,East Cambridgeshire,1,Female,16,Aged 55 to 59 years,3077
E07000009,East Cambridgeshire,1,Female,17,Aged 60 to 64 years,2730
E07000009,East Cambridgeshire,1,Female,18,Aged 65 years,487
E07000009,East Cambridgeshire,1,Female,19,Aged 66 to 69 years,1981
E07000009,East Cambridgeshire,1,Female,20,Aged 70 to 74 years,2595
E07000009,East Cambridgeshire,1,Female,21,Aged 75 to 79 years,1880
E07000009,East Cambridgeshire,1,Female,22,Aged 80 to 84 years,1350
E07000009,East Cambridgeshire,1,Female,23,Aged 85 years and over,1491
E07000009,East Cambridgeshire,2,Male,1,Aged 2 years and under,1275
E07000009,East Cambridgeshire,2,Male,2,Aged 3 to 4 years,988
E07000009,East Cambridgeshire,2,Male,3,Aged 5 to 7 years,1516
E07000009,East Cambridgeshire,2,Male,4,Aged 8 to 9 years,1137
E07000009,East Cambridgeshire,2,Male,5,Aged 10 to 14 years,2880
E07000009,East Cambridgeshire,2,Male,6,Aged 15 years,517
E07000009,East Cambridgeshire,2,Male,7,Aged 16 to 17 years,1039
E07000009,East Cambridgeshire,2,Male,8,Aged 18 to 19 years,797
E07000009,East Cambridgeshire,2,Male,9,Aged 20 to 24 years,1870
E07000009,East Cambridgeshire,2,Male,10,Aged 25 to 29 years,2335
E07000009,East Cambridgeshire,2,Male,11,Aged 30 to 34 years,2695
E07000009,East Cambridgeshire,2,Male,12,Aged 35 to 39 years,2747
E07000009,East Cambridgeshire,2,Male,13,Aged 40 to 44 years,2875
E07000009,East Cambridgeshire,2,Male,14,Aged 45 to 49 years,3103
E07000009,East Cambridgeshire,2,Male,15,Aged 50 to 54 years,3149
E07000009,East Cambridgeshire,2,Male,16,Aged 55 to 59 years,3083
E07000009,East Cambridgeshire,2,Male,17,Aged 60 to 64 years,2610
E07000009,East Cambridgeshire,2,Male,18,Aged 65 years,475
E07000009,East Cambridgeshire,2,Male,19,Aged 66 to 69 years,1768
E07000009,East Cambridgeshire,2,Male,20,Aged 70 to 74 years,2389
E07000009,East Cambridgeshire,2,Male,21,Aged 75 to 79 years,1688
E07000009,East Cambridgeshire,2,Male,22,Aged 80 to 84 years,1158
E07000009,East Cambridgeshire,2,Male,23,Aged 85 years and over,956
E07000010,Fenland,1,Female,1,Aged 2 years and under,1474
E07000010,Fenland,1,Female,2,Aged 3 to 4 years,1053
E07000010,Fenland,1,Female,3,Aged 5 to 7 years,1657
E07000010,Fenland,1,Female,4,Aged 8 to 9 years,1123
E07000010,Fenland,1,Female,5,Aged 10 to 14 years,2768
E07000010,Fenland,1,Female,6,Aged 15 years,514
E07000010,Fenland,1,Female,7,Aged 16 to 17 years,1033
E07000010,Fenland,1,Female,8,Aged 18 to 19 years,886
E07000010,Fenland,1,Female,9,Aged 20 to 24 years,2497
E07000010,Fenland,1,Female,10,Aged 25 to 29 years,3117
E07000010,Fenland,1,Female,11,Aged 30 to 34 years,3300
E07000010,Fenland,1,Female,12,Aged 35 to 39 years,3172
E07000010,Fenland,1,Female,13,Aged 40 to 44 years,2861
E07000010,Fenland,1,Female,14,Aged 45 to 49 years,3184
E07000010,Fenland,1,Female,15,Aged 50 to 54 years,3821
E07000010,Fenland,1,Female,16,Aged 55 to 59 years,3838
E07000010,Fenland,1,Female,17,Aged 60 to 64 years,3380
E07000010,Fenland,1,Female,18,Aged 65 years,624
E07000010,Fenland,1,Female,19,Aged 66 to 69 years,2568
E07000010,Fenland,1,Female,20,Aged 70 to 74 years,3290
E07000010,Fenland,1,Female,21,Aged 75 to 79 years,2417
E07000010,Fenland,1,Female,22,Aged 80 to 84 years,1748
E07000010,Fenland,1,Female,23,Aged 85 years and over,1937
E07000010,Fenland,2,Male,1,Aged 2 years and under,1560
E07000010,Fenland,2,Male,2,Aged 3 to 4 years,1085
E07000010,Fenland,2,Male,3,Aged 5 to 7 years,1777
E07000010,Fenland,2,Male,4,Aged 8 to 9 years,1202
E07000010,Fenland,2,Male,5,Aged 10 to 14 years,2840
E07000010,Fenland,2,Male,6,Aged 15 years,578
E07000010,Fenland,2,Male,7,Aged 16 to 17 years,1053
E07000010,Fenland,2,Male,8,Aged 18 to 19 years,961
E07000010,Fenland,2,Male,9,Aged 20 to 24 years,2619
E07000010,Fenland,2,Male,10,Aged 25 to 29 years,3050
E07000010,Fenland,2,Male,11,Aged 30 to 34 years,3239
E07000010,Fenland,2,Male,12,Aged 35 to 39 years,3012
E07000010,Fenland,2,Male,13,Aged 40 to 44 years,2857
E07000010,Fenland,2,Male,14,Aged 45 to 49 years,3038
E07000010,Fenland,2,Male,15,Aged 50 to 54 years,3602
E07000010,Fenland,2,Male,16,Aged 55 to 59 years,3687
E07000010,Fenland,2,Male,17,Aged 60 to 64 years,3227
E07000010,Fenland,2,Male,18,Aged 65 years,607
E07000010,Fenland,2,Male,19,Aged 66 to 69 years,2367
E07000010,Fenland,2,Male,20,Aged 70 to 74 years,3023
E07000010,Fenland,2,Male,21,Aged 75 to 79 years,2302
E07000010,Fenland,2,Male,22,Aged 80 to 84 years,1422
E07000010,Fenland,2,Male,23,Aged 85 years and over,1093
E07000011,Huntingdonshire,1,Female,1,Aged 2 years and under,2752
E07000011,Huntingdonshire,1,Female,2,Aged 3 to 4 years,1957
E07000011,Huntingdonshire,1,Female,3,Aged 5 to 7 years,3036
E07000011,Huntingdonshire,1,Female,4,Aged 8 to 9 years,2117
E07000011,Huntingdonshire,1,Female,5,Aged 10 to 14 years,5040
E07000011,Huntingdonshire,1,Female,6,Aged 15 years,902
E07000011,Huntingdonshire,1,Female,7,Aged 16 to 17 years,1856
E07000011,Huntingdonshire,1,Female,8,Aged 18 to 19 years,1440
E07000011,Huntingdonshire,1,Female,9,Aged 20 to 24 years,4042
E07000011,Huntingdonshire,1,Female,10,Aged 25 to 29 years,5377
E07000011,Huntingdonshire,1,Female,11,Aged 30 to 34 years,6171
E07000011,Huntingdonshire,1,Female,12,Aged 35 to 39 years,6126
E07000011,Huntingdonshire,1,Female,13,Aged 40 to 44 years,5791
E07000011,Huntingdonshire,1,Female,14,Aged 45 to 49 years,6165
E07000011,Huntingdonshire,1,Female,15,Aged 50 to 54 years,6635
E07000011,Huntingdonshire,1,Female,16,Aged 55 to 59 years,6588
E07000011,Huntingdonshire,1,Female,17,Aged 60 to 64 years,5606
E07000011,Huntingdonshire,1,Female,18,Aged 65 years,1006
E07000011,Huntingdonshire,1,Female,19,Aged 66 to 69 years,3993
E07000011,Huntingdonshire,1,Female,20,Aged 70 to 74 years,5332
E07000011,Huntingdonshire,1,Female,21,Aged 75 to 79 years,3903
E07000011,Huntingdonshire,1,Female,22,Aged 80 to 84 years,2726
E07000011,Huntingdonshire,1,Female,23,Aged 85 years and over,2588
E07000011,Huntingdonshire,2,Male,1,Aged 2 years and under,2904
E07000011,Huntingdonshire,2,Male,2,Aged 3 to 4 years,2047
E07000011,Huntingdonshire,2,Male,3,Aged 5 to 7 years,3195
E07000011,Huntingdonshire,2,Male,4,Aged 8 to 9 years,2261
E07000011,Huntingdonshire,2,Male,5,Aged 10 to 14 years,5348
E07000011,Huntingdonshire,2,Male,6,Aged 15 years,1012
E07000011,Huntingdonshire,2,Male,7,Aged 16 to 17 years,2055
E07000011,Huntingdonshire,2,Male,8,Aged 18 to 19 years,1584
E07000011,Huntingdonshire,2,Male,9,Aged 20 to 24 years,4463
E07000011,Huntingdonshire,2,Male,10,Aged 25 to 29 years,5275
E07000011,Huntingdonshire,2,Male,11,Aged 30 to 34 years,6014
E07000011,Huntingdonshire,2,Male,12,Aged 35 to 39 years,5989
E07000011,Huntingdonshire,2,Male,13,Aged 40 to 44 years,5756
E07000011,Huntingdonshire,2,Male,14,Aged 45 to 49 years,6004
E07000011,Huntingdonshire,2,Male,15,Aged 50 to 54 years,6616
E07000011,Huntingdonshire,2,Male,16,Aged 55 to 59 years,6542
E07000011,Huntingdonshire,2,Male,17,Aged 60 to 64 years,5628
E07000011,Huntingdonshire,2,Male,18,Aged 65 years,959
E07000011,Huntingdonshire,2,Male,19,Aged 66 to 69 years,3614
E07000011,Huntingdonshire,2,Male,20,Aged 70 to 74 years,4912
E07000011,Huntingdonshire,2,Male,21,Aged 75 to 79 years,3614
E07000011,Huntingdonshire,2,Male,22,Aged 80 to 84 years,2221
E07000011,Huntingdonshire,2,Male,23,Aged 85 years and over,1670
E07000012,South Cambridgeshire,1,Female,1,Aged 2 years and under,2487
E07000012,South Cambridgeshire,1,Female,2,Aged 3 to 4 years,1824
E07000012,South Cambridgeshire,1,Female,3,Aged 5 to 7 years,2984
E07000012,South Cambridgeshire,1,Female,4,Aged 8 to 9 years,2168
E07000012,South Cambridgeshire,1,Female,5,Aged 10 to 14 years,5105
E07000012,South Cambridgeshire,1,Female,6,Aged 15 years,977
E07000012,South Cambridgeshire,1,Female,7,Aged 16 to 17 years,1831
E07000012,South Cambridgeshire,1,Female,8,Aged 18 to 19 years,1374
E07000012,South Cambridgeshire,1,Female,9,Aged 20 to 24 years,3018
E07000012,South Cambridgeshire,1,Female,10,Aged 25 to 29 years,4261
E07000012,South Cambridgeshire,1,Female,11,Aged 30 to 34 years,5200
E07000012,South Cambridgeshire,1,Female,12,Aged 35 to 39 years,5734
E07000012,South Cambridgeshire,1,Female,13,Aged 40 to 44 years,6069
E07000012,South Cambridgeshire,1,Female,14,Aged 45 to 49 years,6037
E07000012,South Cambridgeshire,1,Female,15,Aged 50 to 54 years,6107
E07000012,South Cambridgeshire,1,Female,16,Aged 55 to 59 years,5643
E07000012,South Cambridgeshire,1,Female,17,Aged 60 to 64 years,4667
E07000012,South Cambridgeshire,1,Female,18,Aged 65 years,850
E07000012,South Cambridgeshire,1,Female,19,Aged 66 to 69 years,3358
E07000012,South Cambridgeshire,1,Female,20,Aged 70 to 74 years,4456
E07000012,South Cambridgeshire,1,Female,21,Aged 75 to 79 years,3335
E07000012,South Cambridgeshire,1,Female,22,Aged 80 to 84 years,2456
E07000012,South Cambridgeshire,1,Female,23,Aged 85 years and over,2618
E07000012,South Cambridgeshire,2,Male,1,Aged 2 years and under,2559
E07000012,South Cambridgeshire,2,Male,2,Aged 3 to 4 years,1902
E07000012,South Cambridgeshire,2,Male,3,Aged 5 to 7 years,3061
E07000012,South Cambridgeshire,2,Male,4,Aged 8 to 9 years,2169
E07000012,South Cambridgeshire,2,Male,5,Aged 10 to 14 years,5530
E07000012,South Cambridgeshire,2,Male,6,Aged 15 years,990
E07000012,South Cambridgeshire,2,Male,7,Aged 16 to 17 years,2004
E07000012,South Cambridgeshire,2,Male,8,Aged 18 to 19 years,1514
E07000012,South Cambridgeshire,2,Male,9,Aged 20 to 24 years,3271
E07000012,South Cambridgeshire,2,Male,10,Aged 25 to 29 years,4060
E07000012,South Cambridgeshire,2,Male,11,Aged 30 to 34 years,4907
E07000012,South Cambridgeshire,2,Male,12,Aged 35 to 39 years,5347
E07000012,South Cambridgeshire,2,Male,13,Aged 40 to 44 years,5769
E07000012,South Cambridgeshire,2,Male,14,Aged 45 to 49 years,5866
E07000012,South Cambridgeshire,2,Male,15,Aged 50 to 54 years,5719
E07000012,South Cambridgeshire,2,Male,16,Aged 55 to 59 years,5527
E07000012,South Cambridgeshire,2,Male,17,Aged 60 to 64 years,4632
E07000012,South Cambridgeshire,2,Male,18,Aged 65 years,803
E07000012,South Cambridgeshire,2,Male,19,Aged 66 to 69 years,3069
E07000012,South Cambridgeshire,2,Male,20,Aged 70 to 74 years,4048
E07000012,South Cambridgeshire,2,Male,21,Aged 75 to 79 years,3055
E07000012,South Cambridgeshire,2,Male,22,Aged 80 to 84 years,1967
E07000012,South Cambridgeshire,2,Male,23,Aged 85 years and over,1786
E07000026,Allerdale,1,Female,1,Aged 2 years and under,1226
E07000026,Allerdale,1,Female,2,Aged 3 to 4 years,899
E07000026,Allerdale,1,Female,3,Aged 5 to 7 years,1445
E07000026,Allerdale,1,Female,4,Aged 8 to 9 years,1028
E07000026,Allerdale,1,Female,5,Aged 10 to 14 years,2648
E07000026,Allerdale,1,Female,6,Aged 15 years,468
E07000026,Allerdale,1,Female,7,Aged 16 to 17 years,943
E07000026,Allerdale,1,Female,8,Aged 18 to 19 years,774
E07000026,Allerdale,1,Female,9,Aged 20 to 24 years,2153
E07000026,Allerdale,1,Female,10,Aged 25 to 29 years,2557
E07000026,Allerdale,1,Female,11,Aged 30 to 34 years,2635
E07000026,Allerdale,1,Female,12,Aged 35 to 39 years,2691
E07000026,Allerdale,1,Female,13,Aged 40 to 44 years,2543
E07000026,Allerdale,1,Female,14,Aged 45 to 49 years,3066
E07000026,Allerdale,1,Female,15,Aged 50 to 54 years,3902
E07000026,Allerdale,1,Female,16,Aged 55 to 59 years,3826
E07000026,Allerdale,1,Female,17,Aged 60 to 64 years,3590
E07000026,Allerdale,1,Female,18,Aged 65 years,657
E07000026,Allerdale,1,Female,19,Aged 66 to 69 years,2574
E07000026,Allerdale,1,Female,20,Aged 70 to 74 years,3445
E07000026,Allerdale,1,Female,21,Aged 75 to 79 years,2350
E07000026,Allerdale,1,Female,22,Aged 80 to 84 years,1752
E07000026,Allerdale,1,Female,23,Aged 85 years and over,1888
E07000026,Allerdale,2,Male,1,Aged 2 years and under,1270
E07000026,Allerdale,2,Male,2,Aged 3 to 4 years,946
E07000026,Allerdale,2,Male,3,Aged 5 to 7 years,1417
E07000026,Allerdale,2,Male,4,Aged 8 to 9 years,997
E07000026,Allerdale,2,Male,5,Aged 10 to 14 years,2786
E07000026,Allerdale,2,Male,6,Aged 15 years,513
E07000026,Allerdale,2,Male,7,Aged 16 to 17 years,1053
E07000026,Allerdale,2,Male,8,Aged 18 to 19 years,851
E07000026,Allerdale,2,Male,9,Aged 20 to 24 years,2232
E07000026,Allerdale,2,Male,10,Aged 25 to 29 years,2588
E07000026,Allerdale,2,Male,11,Aged 30 to 34 years,2547
E07000026,Allerdale,2,Male,12,Aged 35 to 39 years,2513
E07000026,Allerdale,2,Male,13,Aged 40 to 44 years,2481
E07000026,Allerdale,2,Male,14,Aged 45 to 49 years,2757
E07000026,Allerdale,2,Male,15,Aged 50 to 54 years,3718
E07000026,Allerdale,2,Male,16,Aged 55 to 59 years,3778
E07000026,Allerdale,2,Male,17,Aged 60 to 64 years,3502
E07000026,Allerdale,2,Male,18,Aged 65 years,621
E07000026,Allerdale,2,Male,19,Aged 66 to 69 years,2447
E07000026,Allerdale,2,Male,20,Aged 70 to 74 years,3257
E07000026,Allerdale,2,Male,21,Aged 75 to 79 years,2182
E07000026,Allerdale,2,Male,22,Aged 80 to 84 years,1507
E07000026,Allerdale,2,Male,23,Aged 85 years and over,1132
E07000027,Barrow-in-Furness,1,Female,1,Aged 2 years and under,936
E07000027,Barrow-in-Furness,1,Female,2,Aged 3 to 4 years,719
E07000027,Barrow-in-Furness,1,Female,3,Aged 5 to 7 years,1100
E07000027,Barrow-in-Furness,1,Female,4,Aged 8 to 9 years,721
E07000027,Barrow-in-Furness,1,Female,5,Aged 10 to 14 years,1787
E07000027,Barrow-in-Furness,1,Female,6,Aged 15 years,339
E07000027,Barrow-in-Furness,1,Female,7,Aged 16 to 17 years,710
E07000027,Barrow-in-Furness,1,Female,8,Aged 18 to 19 years,624
E07000027,Barrow-in-Furness,1,Female,9,Aged 20 to 24 years,1750
E07000027,Barrow-in-Furness,1,Female,10,Aged 25 to 29 years,2208
E07000027,Barrow-in-Furness,1,Female,11,Aged 30 to 34 years,2157
E07000027,Barrow-in-Furness,1,Female,12,Aged 35 to 39 years,2012
E07000027,Barrow-in-Furness,1,Female,13,Aged 40 to 44 years,1769
E07000027,Barrow-in-Furness,1,Female,14,Aged 45 to 49 years,2073
E07000027,Barrow-in-Furness,1,Female,15,Aged 50 to 54 years,2553
E07000027,Barrow-in-Furness,1,Female,16,Aged 55 to 59 years,2503
E07000027,Barrow-in-Furness,1,Female,17,Aged 60 to 64 years,2194
E07000027,Barrow-in-Furness,1,Female,18,Aged 65 years,409
E07000027,Barrow-in-Furness,1,Female,19,Aged 66 to 69 years,1556
E07000027,Barrow-in-Furness,1,Female,20,Aged 70 to 74 years,2087
E07000027,Barrow-in-Furness,1,Female,21,Aged 75 to 79 years,1574
E07000027,Barrow-in-Furness,1,Female,22,Aged 80 to 84 years,1157
E07000027,Barrow-in-Furness,1,Female,23,Aged 85 years and over,1037
E07000027,Barrow-in-Furness,2,Male,1,Aged 2 years and under,1106
E07000027,Barrow-in-Furness,2,Male,2,Aged 3 to 4 years,725
E07000027,Barrow-in-Furness,2,Male,3,Aged 5 to 7 years,1111
E07000027,Barrow-in-Furness,2,Male,4,Aged 8 to 9 years,742
E07000027,Barrow-in-Furness,2,Male,5,Aged 10 to 14 years,1889
E07000027,Barrow-in-Furness,2,Male,6,Aged 15 years,398
E07000027,Barrow-in-Furness,2,Male,7,Aged 16 to 17 years,753
E07000027,Barrow-in-Furness,2,Male,8,Aged 18 to 19 years,683
E07000027,Barrow-in-Furness,2,Male,9,Aged 20 to 24 years,1913
E07000027,Barrow-in-Furness,2,Male,10,Aged 25 to 29 years,2238
E07000027,Barrow-in-Furness,2,Male,11,Aged 30 to 34 years,2220
E07000027,Barrow-in-Furness,2,Male,12,Aged 35 to 39 years,1991
E07000027,Barrow-in-Furness,2,Male,13,Aged 40 to 44 years,1732
E07000027,Barrow-in-Furness,2,Male,14,Aged 45 to 49 years,1950
E07000027,Barrow-in-Furness,2,Male,15,Aged 50 to 54 years,2462
E07000027,Barrow-in-Furness,2,Male,16,Aged 55 to 59 years,2577
E07000027,Barrow-in-Furness,2,Male,17,Aged 60 to 64 years,2216
E07000027,Barrow-in-Furness,2,Male,18,Aged 65 years,377
E07000027,Barrow-in-Furness,2,Male,19,Aged 66 to 69 years,1481
E07000027,Barrow-in-Furness,2,Male,20,Aged 70 to 74 years,1973
E07000027,Barrow-in-Furness,2,Male,21,Aged 75 to 79 years,1384
E07000027,Barrow-in-Furness,2,Male,22,Aged 80 to 84 years,915
E07000027,Barrow-in-Furness,2,Male,23,Aged 85 years and over,593
E07000028,Carlisle,1,Female,1,Aged 2 years and under,1569
E07000028,Carlisle,1,Female,2,Aged 3 to 4 years,1053
E07000028,Carlisle,1,Female,3,Aged 5 to 7 years,1775
E07000028,Carlisle,1,Female,4,Aged 8 to 9 years,1205
E07000028,Carlisle,1,Female,5,Aged 10 to 14 years,2948
E07000028,Carlisle,1,Female,6,Aged 15 years,569
E07000028,Carlisle,1,Female,7,Aged 16 to 17 years,1132
E07000028,Carlisle,1,Female,8,Aged 18 to 19 years,1063
E07000028,Carlisle,1,Female,9,Aged 20 to 24 years,2979
E07000028,Carlisle,1,Female,10,Aged 25 to 29 years,3504
E07000028,Carlisle,1,Female,11,Aged 30 to 34 years,3512
E07000028,Carlisle,1,Female,12,Aged 35 to 39 years,3445
E07000028,Carlisle,1,Female,13,Aged 40 to 44 years,3132
E07000028,Carlisle,1,Female,14,Aged 45 to 49 years,3365
E07000028,Carlisle,1,Female,15,Aged 50 to 54 years,3970
E07000028,Carlisle,1,Female,16,Aged 55 to 59 years,4186
E07000028,Carlisle,1,Female,17,Aged 60 to 64 years,3850
E07000028,Carlisle,1,Female,18,Aged 65 years,628
E07000028,Carlisle,1,Female,19,Aged 66 to 69 years,2675
E07000028,Carlisle,1,Female,20,Aged 70 to 74 years,3346
E07000028,Carlisle,1,Female,21,Aged 75 to 79 years,2392
E07000028,Carlisle,1,Female,22,Aged 80 to 84 years,1861
E07000028,Carlisle,1,Female,23,Aged 85 years and over,1993
E07000028,Carlisle,2,Male,1,Aged 2 years and under,1599
E07000028,Carlisle,2,Male,2,Aged 3 to 4 years,1159
E07000028,Carlisle,2,Male,3,Aged 5 to 7 years,1828
E07000028,Carlisle,2,Male,4,Aged 8 to 9 years,1289
E07000028,Carlisle,2,Male,5,Aged 10 to 14 years,3092
E07000028,Carlisle,2,Male,6,Aged 15 years,598
E07000028,Carlisle,2,Male,7,Aged 16 to 17 years,1225
E07000028,Carlisle,2,Male,8,Aged 18 to 19 years,1016
E07000028,Carlisle,2,Male,9,Aged 20 to 24 years,2823
E07000028,Carlisle,2,Male,10,Aged 25 to 29 years,3344
E07000028,Carlisle,2,Male,11,Aged 30 to 34 years,3379
E07000028,Carlisle,2,Male,12,Aged 35 to 39 years,3386
E07000028,Carlisle,2,Male,13,Aged 40 to 44 years,3020
E07000028,Carlisle,2,Male,14,Aged 45 to 49 years,3408
E07000028,Carlisle,2,Male,15,Aged 50 to 54 years,3845
E07000028,Carlisle,2,Male,16,Aged 55 to 59 years,4081
E07000028,Carlisle,2,Male,17,Aged 60 to 64 years,3802
E07000028,Carlisle,2,Male,18,Aged 65 years,626
E07000028,Carlisle,2,Male,19,Aged 66 to 69 years,2539
E07000028,Carlisle,2,Male,20,Aged 70 to 74 years,3186
E07000028,Carlisle,2,Male,21,Aged 75 to 79 years,2113
E07000028,Carlisle,2,Male,22,Aged 80 to 84 years,1406
E07000028,Carlisle,2,Male,23,Aged 85 years and over,1115
E07000029,Copeland,1,Female,1,Aged 2 years and under,859
E07000029,Copeland,1,Female,2,Aged 3 to 4 years,677
E07000029,Copeland,1,Female,3,Aged 5 to 7 years,1026
E07000029,Copeland,1,Female,4,Aged 8 to 9 years,719
E07000029,Copeland,1,Female,5,Aged 10 to 14 years,1734
E07000029,Copeland,1,Female,6,Aged 15 years,337
E07000029,Copeland,1,Female,7,Aged 16 to 17 years,672
E07000029,Copeland,1,Female,8,Aged 18 to 19 years,528
E07000029,Copeland,1,Female,9,Aged 20 to 24 years,1527
E07000029,Copeland,1,Female,10,Aged 25 to 29 years,1841
E07000029,Copeland,1,Female,11,Aged 30 to 34 years,2037
E07000029,Copeland,1,Female,12,Aged 35 to 39 years,1864
E07000029,Copeland,1,Female,13,Aged 40 to 44 years,1801
E07000029,Copeland,1,Female,14,Aged 45 to 49 years,2082
E07000029,Copeland,1,Female,15,Aged 50 to 54 years,2575
E07000029,Copeland,1,Female,16,Aged 55 to 59 years,2794
E07000029,Copeland,1,Female,17,Aged 60 to 64 years,2460
E07000029,Copeland,1,Female,18,Aged 65 years,455
E07000029,Copeland,1,Female,19,Aged 66 to 69 years,1677
E07000029,Copeland,1,Female,20,Aged 70 to 74 years,2188
E07000029,Copeland,1,Female,21,Aged 75 to 79 years,1526
E07000029,Copeland,1,Female,22,Aged 80 to 84 years,1203
E07000029,Copeland,1,Female,23,Aged 85 years and over,1044
E07000029,Copeland,2,Male,1,Aged 2 years and under,906
E07000029,Copeland,2,Male,2,Aged 3 to 4 years,689
E07000029,Copeland,2,Male,3,Aged 5 to 7 years,1041
E07000029,Copeland,2,Male,4,Aged 8 to 9 years,825
E07000029,Copeland,2,Male,5,Aged 10 to 14 years,1870
E07000029,Copeland,2,Male,6,Aged 15 years,382
E07000029,Copeland,2,Male,7,Aged 16 to 17 years,691
E07000029,Copeland,2,Male,8,Aged 18 to 19 years,625
E07000029,Copeland,2,Male,9,Aged 20 to 24 years,1662
E07000029,Copeland,2,Male,10,Aged 25 to 29 years,1984
E07000029,Copeland,2,Male,11,Aged 30 to 34 years,1854
E07000029,Copeland,2,Male,12,Aged 35 to 39 years,1908
E07000029,Copeland,2,Male,13,Aged 40 to 44 years,1666
E07000029,Copeland,2,Male,14,Aged 45 to 49 years,1990
E07000029,Copeland,2,Male,15,Aged 50 to 54 years,2457
E07000029,Copeland,2,Male,16,Aged 55 to 59 years,2852
E07000029,Copeland,2,Male,17,Aged 60 to 64 years,2609
E07000029,Copeland,2,Male,18,Aged 65 years,482
E07000029,Copeland,2,Male,19,Aged 66 to 69 years,1695
E07000029,Copeland,2,Male,20,Aged 70 to 74 years,2186
E07000029,Copeland,2,Male,21,Aged 75 to 79 years,1474
E07000029,Copeland,2,Male,22,Aged 80 to 84 years,911
E07000029,Copeland,2,Male,23,Aged 85 years and over,689
E07000030,Eden,1,Female,1,Aged 2 years and under,608
E07000030,Eden,1,Female,2,Aged 3 to 4 years,431
E07000030,Eden,1,Female,3,Aged 5 to 7 years,739
E07000030,Eden,1,Female,4,Aged 8 to 9 years,516
E07000030,Eden,1,Female,5,Aged 10 to 14 years,1341
E07000030,Eden,1,Female,6,Aged 15 years,278
E07000030,Eden,1,Female,7,Aged 16 to 17 years,549
E07000030,Eden,1,Female,8,Aged 18 to 19 years,396
E07000030,Eden,1,Female,9,Aged 20 to 24 years,1115
E07000030,Eden,1,Female,10,Aged 25 to 29 years,1268
E07000030,Eden,1,Female,11,Aged 30 to 34 years,1393
E07000030,Eden,1,Female,12,Aged 35 to 39 years,1388
E07000030,Eden,1,Female,13,Aged 40 to 44 years,1447
E07000030,Eden,1,Female,14,Aged 45 to 49 years,1698
E07000030,Eden,1,Female,15,Aged 50 to 54 years,2289
E07000030,Eden,1,Female,16,Aged 55 to 59 years,2413
E07000030,Eden,1,Female,17,Aged 60 to 64 years,2182
E07000030,Eden,1,Female,18,Aged 65 years,403
E07000030,Eden,1,Female,19,Aged 66 to 69 years,1543
E07000030,Eden,1,Female,20,Aged 70 to 74 years,2015
E07000030,Eden,1,Female,21,Aged 75 to 79 years,1445
E07000030,Eden,1,Female,22,Aged 80 to 84 years,1061
E07000030,Eden,1,Female,23,Aged 85 years and over,1076
E07000030,Eden,2,Male,1,Aged 2 years and under,678
E07000030,Eden,2,Male,2,Aged 3 to 4 years,435
E07000030,Eden,2,Male,3,Aged 5 to 7 years,756
E07000030,Eden,2,Male,4,Aged 8 to 9 years,566
E07000030,Eden,2,Male,5,Aged 10 to 14 years,1448
E07000030,Eden,2,Male,6,Aged 15 years,301
E07000030,Eden,2,Male,7,Aged 16 to 17 years,631
E07000030,Eden,2,Male,8,Aged 18 to 19 years,435
E07000030,Eden,2,Male,9,Aged 20 to 24 years,1221
E07000030,Eden,2,Male,10,Aged 25 to 29 years,1316
E07000030,Eden,2,Male,11,Aged 30 to 34 years,1396
E07000030,Eden,2,Male,12,Aged 35 to 39 years,1383
E07000030,Eden,2,Male,13,Aged 40 to 44 years,1382
E07000030,Eden,2,Male,14,Aged 45 to 49 years,1663
E07000030,Eden,2,Male,15,Aged 50 to 54 years,2114
E07000030,Eden,2,Male,16,Aged 55 to 59 years,2359
E07000030,Eden,2,Male,17,Aged 60 to 64 years,2194
E07000030,Eden,2,Male,18,Aged 65 years,365
E07000030,Eden,2,Male,19,Aged 66 to 69 years,1556
E07000030,Eden,2,Male,20,Aged 70 to 74 years,1958
E07000030,Eden,2,Male,21,Aged 75 to 79 years,1357
E07000030,Eden,2,Male,22,Aged 80 to 84 years,922
E07000030,Eden,2,Male,23,Aged 85 years and over,699
E07000031,South Lakeland,1,Female,1,Aged 2 years and under,1167
E07000031,South Lakeland,1,Female,2,Aged 3 to 4 years,834
E07000031,South Lakeland,1,Female,3,Aged 5 to 7 years,1202
E07000031,South Lakeland,1,Female,4,Aged 8 to 9 years,922
E07000031,South Lakeland,1,Female,5,Aged 10 to 14 years,2522
E07000031,South Lakeland,1,Female,6,Aged 15 years,590
E07000031,South Lakeland,1,Female,7,Aged 16 to 17 years,1068
E07000031,South Lakeland,1,Female,8,Aged 18 to 19 years,791
E07000031,South Lakeland,1,Female,9,Aged 20 to 24 years,1962
E07000031,South Lakeland,1,Female,10,Aged 25 to 29 years,2398
E07000031,South Lakeland,1,Female,11,Aged 30 to 34 years,2617
E07000031,South Lakeland,1,Female,12,Aged 35 to 39 years,2758
E07000031,South Lakeland,1,Female,13,Aged 40 to 44 years,2744
E07000031,South Lakeland,1,Female,14,Aged 45 to 49 years,3286
E07000031,South Lakeland,1,Female,15,Aged 50 to 54 years,4171
E07000031,South Lakeland,1,Female,16,Aged 55 to 59 years,4441
E07000031,South Lakeland,1,Female,17,Aged 60 to 64 years,4157
E07000031,South Lakeland,1,Female,18,Aged 65 years,734
E07000031,South Lakeland,1,Female,19,Aged 66 to 69 years,2912
E07000031,South Lakeland,1,Female,20,Aged 70 to 74 years,4143
E07000031,South Lakeland,1,Female,21,Aged 75 to 79 years,3118
E07000031,South Lakeland,1,Female,22,Aged 80 to 84 years,2274
E07000031,South Lakeland,1,Female,23,Aged 85 years and over,2488
E07000031,South Lakeland,2,Male,1,Aged 2 years and under,1088
E07000031,South Lakeland,2,Male,2,Aged 3 to 4 years,828
E07000031,South Lakeland,2,Male,3,Aged 5 to 7 years,1389
E07000031,South Lakeland,2,Male,4,Aged 8 to 9 years,937
E07000031,South Lakeland,2,Male,5,Aged 10 to 14 years,2716
E07000031,South Lakeland,2,Male,6,Aged 15 years,552
E07000031,South Lakeland,2,Male,7,Aged 16 to 17 years,1223
E07000031,South Lakeland,2,Male,8,Aged 18 to 19 years,999
E07000031,South Lakeland,2,Male,9,Aged 20 to 24 years,2267
E07000031,South Lakeland,2,Male,10,Aged 25 to 29 years,2521
E07000031,South Lakeland,2,Male,11,Aged 30 to 34 years,2661
E07000031,South Lakeland,2,Male,12,Aged 35 to 39 years,2613
E07000031,South Lakeland,2,Male,13,Aged 40 to 44 years,2610
E07000031,South Lakeland,2,Male,14,Aged 45 to 49 years,3081
E07000031,South Lakeland,2,Male,15,Aged 50 to 54 years,3799
E07000031,South Lakeland,2,Male,16,Aged 55 to 59 years,4206
E07000031,South Lakeland,2,Male,17,Aged 60 to 64 years,3973
E07000031,South Lakeland,2,Male,18,Aged 65 years,690
E07000031,South Lakeland,2,Male,19,Aged 66 to 69 years,2888
E07000031,South Lakeland,2,Male,20,Aged 70 to 74 years,3883
E07000031,South Lakeland,2,Male,21,Aged 75 to 79 years,2833
E07000031,South Lakeland,2,Male,22,Aged 80 to 84 years,1852
E07000031,South Lakeland,2,Male,23,Aged 85 years and over,1542
E07000032,Amber Valley,1,Female,1,Aged 2 years and under,1729
E07000032,Amber Valley,1,Female,2,Aged 3 to 4 years,1234
E07000032,Amber Valley,1,Female,3,Aged 5 to 7 years,1908
E07000032,Amber Valley,1,Female,4,Aged 8 to 9 years,1390
E07000032,Amber Valley,1,Female,5,Aged 10 to 14 years,3509
E07000032,Amber Valley,1,Female,6,Aged 15 years,623
E07000032,Amber Valley,1,Female,7,Aged 16 to 17 years,1188
E07000032,Amber Valley,1,Female,8,Aged 18 to 19 years,1028
E07000032,Amber Valley,1,Female,9,Aged 20 to 24 years,3036
E07000032,Amber Valley,1,Female,10,Aged 25 to 29 years,3679
E07000032,Amber Valley,1,Female,11,Aged 30 to 34 years,3810
E07000032,Amber Valley,1,Female,12,Aged 35 to 39 years,3727
E07000032,Amber Valley,1,Female,13,Aged 40 to 44 years,3688
E07000032,Amber Valley,1,Female,14,Aged 45 to 49 years,4246
E07000032,Amber Valley,1,Female,15,Aged 50 to 54 years,5001
E07000032,Amber Valley,1,Female,16,Aged 55 to 59 years,4976
E07000032,Amber Valley,1,Female,17,Aged 60 to 64 years,4264
E07000032,Amber Valley,1,Female,18,Aged 65 years,743
E07000032,Amber Valley,1,Female,19,Aged 66 to 69 years,3063
E07000032,Amber Valley,1,Female,20,Aged 70 to 74 years,4216
E07000032,Amber Valley,1,Female,21,Aged 75 to 79 years,3066
E07000032,Amber Valley,1,Female,22,Aged 80 to 84 years,2042
E07000032,Amber Valley,1,Female,23,Aged 85 years and over,2068
E07000032,Amber Valley,2,Male,1,Aged 2 years and under,1754
E07000032,Amber Valley,2,Male,2,Aged 3 to 4 years,1356
E07000032,Amber Valley,2,Male,3,Aged 5 to 7 years,2003
E07000032,Amber Valley,2,Male,4,Aged 8 to 9 years,1411
E07000032,Amber Valley,2,Male,5,Aged 10 to 14 years,3534
E07000032,Amber Valley,2,Male,6,Aged 15 years,694
E07000032,Amber Valley,2,Male,7,Aged 16 to 17 years,1342
E07000032,Amber Valley,2,Male,8,Aged 18 to 19 years,1168
E07000032,Amber Valley,2,Male,9,Aged 20 to 24 years,3014
E07000032,Amber Valley,2,Male,10,Aged 25 to 29 years,3548
E07000032,Amber Valley,2,Male,11,Aged 30 to 34 years,3708
E07000032,Amber Valley,2,Male,12,Aged 35 to 39 years,3510
E07000032,Amber Valley,2,Male,13,Aged 40 to 44 years,3487
E07000032,Amber Valley,2,Male,14,Aged 45 to 49 years,4187
E07000032,Amber Valley,2,Male,15,Aged 50 to 54 years,4927
E07000032,Amber Valley,2,Male,16,Aged 55 to 59 years,4876
E07000032,Amber Valley,2,Male,17,Aged 60 to 64 years,4175
E07000032,Amber Valley,2,Male,18,Aged 65 years,797
E07000032,Amber Valley,2,Male,19,Aged 66 to 69 years,2889
E07000032,Amber Valley,2,Male,20,Aged 70 to 74 years,3947
E07000032,Amber Valley,2,Male,21,Aged 75 to 79 years,2814
E07000032,Amber Valley,2,Male,22,Aged 80 to 84 years,1623
E07000032,Amber Valley,2,Male,23,Aged 85 years and over,1210
E07000033,Bolsover,1,Female,1,Aged 2 years and under,1204
E07000033,Bolsover,1,Female,2,Aged 3 to 4 years,749
E07000033,Bolsover,1,Female,3,Aged 5 to 7 years,1318
E07000033,Bolsover,1,Female,4,Aged 8 to 9 years,953
E07000033,Bolsover,1,Female,5,Aged 10 to 14 years,2154
E07000033,Bolsover,1,Female,6,Aged 15 years,487
E07000033,Bolsover,1,Female,7,Aged 16 to 17 years,794
E07000033,Bolsover,1,Female,8,Aged 18 to 19 years,653
E07000033,Bolsover,1,Female,9,Aged 20 to 24 years,2084
E07000033,Bolsover,1,Female,10,Aged 25 to 29 years,2708
E07000033,Bolsover,1,Female,11,Aged 30 to 34 years,2737
E07000033,Bolsover,1,Female,12,Aged 35 to 39 years,2494
E07000033,Bolsover,1,Female,13,Aged 40 to 44 years,2189
E07000033,Bolsover,1,Female,14,Aged 45 to 49 years,2661
E07000033,Bolsover,1,Female,15,Aged 50 to 54 years,3199
E07000033,Bolsover,1,Female,16,Aged 55 to 59 years,3062
E07000033,Bolsover,1,Female,17,Aged 60 to 64 years,2631
E07000033,Bolsover,1,Female,18,Aged 65 years,447
E07000033,Bolsover,1,Female,19,Aged 66 to 69 years,1785
E07000033,Bolsover,1,Female,20,Aged 70 to 74 years,2286
E07000033,Bolsover,1,Female,21,Aged 75 to 79 years,1785
E07000033,Bolsover,1,Female,22,Aged 80 to 84 years,1147
E07000033,Bolsover,1,Female,23,Aged 85 years and over,1167
E07000033,Bolsover,2,Male,1,Aged 2 years and under,1281
E07000033,Bolsover,2,Male,2,Aged 3 to 4 years,868
E07000033,Bolsover,2,Male,3,Aged 5 to 7 years,1315
E07000033,Bolsover,2,Male,4,Aged 8 to 9 years,906
E07000033,Bolsover,2,Male,5,Aged 10 to 14 years,2320
E07000033,Bolsover,2,Male,6,Aged 15 years,440
E07000033,Bolsover,2,Male,7,Aged 16 to 17 years,839
E07000033,Bolsover,2,Male,8,Aged 18 to 19 years,709
E07000033,Bolsover,2,Male,9,Aged 20 to 24 years,2092
E07000033,Bolsover,2,Male,10,Aged 25 to 29 years,2588
E07000033,Bolsover,2,Male,11,Aged 30 to 34 years,2631
E07000033,Bolsover,2,Male,12,Aged 35 to 39 years,2460
E07000033,Bolsover,2,Male,13,Aged 40 to 44 years,2164
E07000033,Bolsover,2,Male,14,Aged 45 to 49 years,2541
E07000033,Bolsover,2,Male,15,Aged 50 to 54 years,3197
E07000033,Bolsover,2,Male,16,Aged 55 to 59 years,2992
E07000033,Bolsover,2,Male,17,Aged 60 to 64 years,2644
E07000033,Bolsover,2,Male,18,Aged 65 years,454
E07000033,Bolsover,2,Male,19,Aged 66 to 69 years,1704
E07000033,Bolsover,2,Male,20,Aged 70 to 74 years,2159
E07000033,Bolsover,2,Male,21,Aged 75 to 79 years,1690
E07000033,Bolsover,2,Male,22,Aged 80 to 84 years,936
E07000033,Bolsover,2,Male,23,Aged 85 years and over,650
E07000034,Chesterfield,1,Female,1,Aged 2 years and under,1473
E07000034,Chesterfield,1,Female,2,Aged 3 to 4 years,1067
E07000034,Chesterfield,1,Female,3,Aged 5 to 7 years,1593
E07000034,Chesterfield,1,Female,4,Aged 8 to 9 years,1177
E07000034,Chesterfield,1,Female,5,Aged 10 to 14 years,2866
E07000034,Chesterfield,1,Female,6,Aged 15 years,498
E07000034,Chesterfield,1,Female,7,Aged 16 to 17 years,1030
E07000034,Chesterfield,1,Female,8,Aged 18 to 19 years,802
E07000034,Chesterfield,1,Female,9,Aged 20 to 24 years,2594
E07000034,Chesterfield,1,Female,10,Aged 25 to 29 years,3303
E07000034,Chesterfield,1,Female,11,Aged 30 to 34 years,3333
E07000034,Chesterfield,1,Female,12,Aged 35 to 39 years,3066
E07000034,Chesterfield,1,Female,13,Aged 40 to 44 years,3032
E07000034,Chesterfield,1,Female,14,Aged 45 to 49 years,3407
E07000034,Chesterfield,1,Female,15,Aged 50 to 54 years,3848
E07000034,Chesterfield,1,Female,16,Aged 55 to 59 years,3998
E07000034,Chesterfield,1,Female,17,Aged 60 to 64 years,3489
E07000034,Chesterfield,1,Female,18,Aged 65 years,652
E07000034,Chesterfield,1,Female,19,Aged 66 to 69 years,2431
E07000034,Chesterfield,1,Female,20,Aged 70 to 74 years,3211
E07000034,Chesterfield,1,Female,21,Aged 75 to 79 years,2366
E07000034,Chesterfield,1,Female,22,Aged 80 to 84 years,1657
E07000034,Chesterfield,1,Female,23,Aged 85 years and over,1789
E07000034,Chesterfield,2,Male,1,Aged 2 years and under,1494
E07000034,Chesterfield,2,Male,2,Aged 3 to 4 years,1046
E07000034,Chesterfield,2,Male,3,Aged 5 to 7 years,1646
E07000034,Chesterfield,2,Male,4,Aged 8 to 9 years,1192
E07000034,Chesterfield,2,Male,5,Aged 10 to 14 years,2936
E07000034,Chesterfield,2,Male,6,Aged 15 years,577
E07000034,Chesterfield,2,Male,7,Aged 16 to 17 years,1072
E07000034,Chesterfield,2,Male,8,Aged 18 to 19 years,938
E07000034,Chesterfield,2,Male,9,Aged 20 to 24 years,2718
E07000034,Chesterfield,2,Male,10,Aged 25 to 29 years,3266
E07000034,Chesterfield,2,Male,11,Aged 30 to 34 years,3161
E07000034,Chesterfield,2,Male,12,Aged 35 to 39 years,3058
E07000034,Chesterfield,2,Male,13,Aged 40 to 44 years,3007
E07000034,Chesterfield,2,Male,14,Aged 45 to 49 years,3293
E07000034,Chesterfield,2,Male,15,Aged 50 to 54 years,3851
E07000034,Chesterfield,2,Male,16,Aged 55 to 59 years,3931
E07000034,Chesterfield,2,Male,17,Aged 60 to 64 years,3423
E07000034,Chesterfield,2,Male,18,Aged 65 years,638
E07000034,Chesterfield,2,Male,19,Aged 66 to 69 years,2325
E07000034,Chesterfield,2,Male,20,Aged 70 to 74 years,2819
E07000034,Chesterfield,2,Male,21,Aged 75 to 79 years,2116
E07000034,Chesterfield,2,Male,22,Aged 80 to 84 years,1335
E07000034,Chesterfield,2,Male,23,Aged 85 years and over,1046
E07000035,Derbyshire Dales,1,Female,1,Aged 2 years and under,753
E07000035,Derbyshire Dales,1,Female,2,Aged 3 to 4 years,552
E07000035,Derbyshire Dales,1,Female,3,Aged 5 to 7 years,952
E07000035,Derbyshire Dales,1,Female,4,Aged 8 to 9 years,713
E07000035,Derbyshire Dales,1,Female,5,Aged 10 to 14 years,1873
E07000035,Derbyshire Dales,1,Female,6,Aged 15 years,380
E07000035,Derbyshire Dales,1,Female,7,Aged 16 to 17 years,751
E07000035,Derbyshire Dales,1,Female,8,Aged 18 to 19 years,551
E07000035,Derbyshire Dales,1,Female,9,Aged 20 to 24 years,1272
E07000035,Derbyshire Dales,1,Female,10,Aged 25 to 29 years,1450
E07000035,Derbyshire Dales,1,Female,11,Aged 30 to 34 years,1582
E07000035,Derbyshire Dales,1,Female,12,Aged 35 to 39 years,1647
E07000035,Derbyshire Dales,1,Female,13,Aged 40 to 44 years,1892
E07000035,Derbyshire Dales,1,Female,14,Aged 45 to 49 years,2394
E07000035,Derbyshire Dales,1,Female,15,Aged 50 to 54 years,3051
E07000035,Derbyshire Dales,1,Female,16,Aged 55 to 59 years,3243
E07000035,Derbyshire Dales,1,Female,17,Aged 60 to 64 years,2816
E07000035,Derbyshire Dales,1,Female,18,Aged 65 years,532
E07000035,Derbyshire Dales,1,Female,19,Aged 66 to 69 years,2086
E07000035,Derbyshire Dales,1,Female,20,Aged 70 to 74 years,2858
E07000035,Derbyshire Dales,1,Female,21,Aged 75 to 79 years,2130
E07000035,Derbyshire Dales,1,Female,22,Aged 80 to 84 years,1495
E07000035,Derbyshire Dales,1,Female,23,Aged 85 years and over,1625
E07000035,Derbyshire Dales,2,Male,1,Aged 2 years and under,758
E07000035,Derbyshire Dales,2,Male,2,Aged 3 to 4 years,573
E07000035,Derbyshire Dales,2,Male,3,Aged 5 to 7 years,925
E07000035,Derbyshire Dales,2,Male,4,Aged 8 to 9 years,714
E07000035,Derbyshire Dales,2,Male,5,Aged 10 to 14 years,1903
E07000035,Derbyshire Dales,2,Male,6,Aged 15 years,384
E07000035,Derbyshire Dales,2,Male,7,Aged 16 to 17 years,817
E07000035,Derbyshire Dales,2,Male,8,Aged 18 to 19 years,628
E07000035,Derbyshire Dales,2,Male,9,Aged 20 to 24 years,1501
E07000035,Derbyshire Dales,2,Male,10,Aged 25 to 29 years,1521
E07000035,Derbyshire Dales,2,Male,11,Aged 30 to 34 years,1577
E07000035,Derbyshire Dales,2,Male,12,Aged 35 to 39 years,1560
E07000035,Derbyshire Dales,2,Male,13,Aged 40 to 44 years,1781
E07000035,Derbyshire Dales,2,Male,14,Aged 45 to 49 years,2253
E07000035,Derbyshire Dales,2,Male,15,Aged 50 to 54 years,2830
E07000035,Derbyshire Dales,2,Male,16,Aged 55 to 59 years,3095
E07000035,Derbyshire Dales,2,Male,17,Aged 60 to 64 years,2828
E07000035,Derbyshire Dales,2,Male,18,Aged 65 years,519
E07000035,Derbyshire Dales,2,Male,19,Aged 66 to 69 years,1968
E07000035,Derbyshire Dales,2,Male,20,Aged 70 to 74 years,2675
E07000035,Derbyshire Dales,2,Male,21,Aged 75 to 79 years,1976
E07000035,Derbyshire Dales,2,Male,22,Aged 80 to 84 years,1211
E07000035,Derbyshire Dales,2,Male,23,Aged 85 years and over,942
E07000036,Erewash,1,Female,1,Aged 2 years and under,1593
E07000036,Erewash,1,Female,2,Aged 3 to 4 years,1114
E07000036,Erewash,1,Female,3,Aged 5 to 7 years,1761
E07000036,Erewash,1,Female,4,Aged 8 to 9 years,1270
E07000036,Erewash,1,Female,5,Aged 10 to 14 years,3009
E07000036,Erewash,1,Female,6,Aged 15 years,573
E07000036,Erewash,1,Female,7,Aged 16 to 17 years,1177
E07000036,Erewash,1,Female,8,Aged 18 to 19 years,970
E07000036,Erewash,1,Female,9,Aged 20 to 24 years,2873
E07000036,Erewash,1,Female,10,Aged 25 to 29 years,3574
E07000036,Erewash,1,Female,11,Aged 30 to 34 years,3911
E07000036,Erewash,1,Female,12,Aged 35 to 39 years,3577
E07000036,Erewash,1,Female,13,Aged 40 to 44 years,3330
E07000036,Erewash,1,Female,14,Aged 45 to 49 years,3767
E07000036,Erewash,1,Female,15,Aged 50 to 54 years,4467
E07000036,Erewash,1,Female,16,Aged 55 to 59 years,4316
E07000036,Erewash,1,Female,17,Aged 60 to 64 years,3529
E07000036,Erewash,1,Female,18,Aged 65 years,607
E07000036,Erewash,1,Female,19,Aged 66 to 69 years,2522
E07000036,Erewash,1,Female,20,Aged 70 to 74 years,3305
E07000036,Erewash,1,Female,21,Aged 75 to 79 years,2593
E07000036,Erewash,1,Female,22,Aged 80 to 84 years,1801
E07000036,Erewash,1,Female,23,Aged 85 years and over,1825
E07000036,Erewash,2,Male,1,Aged 2 years and under,1569
E07000036,Erewash,2,Male,2,Aged 3 to 4 years,1217
E07000036,Erewash,2,Male,3,Aged 5 to 7 years,1990
E07000036,Erewash,2,Male,4,Aged 8 to 9 years,1357
E07000036,Erewash,2,Male,5,Aged 10 to 14 years,3304
E07000036,Erewash,2,Male,6,Aged 15 years,624
E07000036,Erewash,2,Male,7,Aged 16 to 17 years,1283
E07000036,Erewash,2,Male,8,Aged 18 to 19 years,1064
E07000036,Erewash,2,Male,9,Aged 20 to 24 years,2871
E07000036,Erewash,2,Male,10,Aged 25 to 29 years,3408
E07000036,Erewash,2,Male,11,Aged 30 to 34 years,3650
E07000036,Erewash,2,Male,12,Aged 35 to 39 years,3393
E07000036,Erewash,2,Male,13,Aged 40 to 44 years,3212
E07000036,Erewash,2,Male,14,Aged 45 to 49 years,3663
E07000036,Erewash,2,Male,15,Aged 50 to 54 years,4290
E07000036,Erewash,2,Male,16,Aged 55 to 59 years,4215
E07000036,Erewash,2,Male,17,Aged 60 to 64 years,3504
E07000036,Erewash,2,Male,18,Aged 65 years,589
E07000036,Erewash,2,Male,19,Aged 66 to 69 years,2348
E07000036,Erewash,2,Male,20,Aged 70 to 74 years,3117
E07000036,Erewash,2,Male,21,Aged 75 to 79 years,2240
E07000036,Erewash,2,Male,22,Aged 80 to 84 years,1402
E07000036,Erewash,2,Male,23,Aged 85 years and over,1137
E07000037,High Peak,1,Female,1,Aged 2 years and under,1218
E07000037,High Peak,1,Female,2,Aged 3 to 4 years,932
E07000037,High Peak,1,Female,3,Aged 5 to 7 years,1365
E07000037,High Peak,1,Female,4,Aged 8 to 9 years,1010
E07000037,High Peak,1,Female,5,Aged 10 to 14 years,2505
E07000037,High Peak,1,Female,6,Aged 15 years,484
E07000037,High Peak,1,Female,7,Aged 16 to 17 years,951
E07000037,High Peak,1,Female,8,Aged 18 to 19 years,724
E07000037,High Peak,1,Female,9,Aged 20 to 24 years,2009
E07000037,High Peak,1,Female,10,Aged 25 to 29 years,2457
E07000037,High Peak,1,Female,11,Aged 30 to 34 years,2738
E07000037,High Peak,1,Female,12,Aged 35 to 39 years,2737
E07000037,High Peak,1,Female,13,Aged 40 to 44 years,2696
E07000037,High Peak,1,Female,14,Aged 45 to 49 years,3003
E07000037,High Peak,1,Female,15,Aged 50 to 54 years,3701
E07000037,High Peak,1,Female,16,Aged 55 to 59 years,3820
E07000037,High Peak,1,Female,17,Aged 60 to 64 years,3364
E07000037,High Peak,1,Female,18,Aged 65 years,555
E07000037,High Peak,1,Female,19,Aged 66 to 69 years,2217
E07000037,High Peak,1,Female,20,Aged 70 to 74 years,2816
E07000037,High Peak,1,Female,21,Aged 75 to 79 years,2127
E07000037,High Peak,1,Female,22,Aged 80 to 84 years,1418
E07000037,High Peak,1,Female,23,Aged 85 years and over,1403
E07000037,High Peak,2,Male,1,Aged 2 years and under,1255
E07000037,High Peak,2,Male,2,Aged 3 to 4 years,919
E07000037,High Peak,2,Male,3,Aged 5 to 7 years,1385
E07000037,High Peak,2,Male,4,Aged 8 to 9 years,1046
E07000037,High Peak,2,Male,5,Aged 10 to 14 years,2652
E07000037,High Peak,2,Male,6,Aged 15 years,499
E07000037,High Peak,2,Male,7,Aged 16 to 17 years,1038
E07000037,High Peak,2,Male,8,Aged 18 to 19 years,751
E07000037,High Peak,2,Male,9,Aged 20 to 24 years,2187
E07000037,High Peak,2,Male,10,Aged 25 to 29 years,2352
E07000037,High Peak,2,Male,11,Aged 30 to 34 years,2625
E07000037,High Peak,2,Male,12,Aged 35 to 39 years,2545
E07000037,High Peak,2,Male,13,Aged 40 to 44 years,2505
E07000037,High Peak,2,Male,14,Aged 45 to 49 years,2904
E07000037,High Peak,2,Male,15,Aged 50 to 54 years,3663
E07000037,High Peak,2,Male,16,Aged 55 to 59 years,3756
E07000037,High Peak,2,Male,17,Aged 60 to 64 years,3290
E07000037,High Peak,2,Male,18,Aged 65 years,583
E07000037,High Peak,2,Male,19,Aged 66 to 69 years,2161
E07000037,High Peak,2,Male,20,Aged 70 to 74 years,2764
E07000037,High Peak,2,Male,21,Aged 75 to 79 years,1869
E07000037,High Peak,2,Male,22,Aged 80 to 84 years,1126
E07000037,High Peak,2,Male,23,Aged 85 years and over,803
E07000038,North East Derbyshire,1,Female,1,Aged 2 years and under,1376
E07000038,North East Derbyshire,1,Female,2,Aged 3 to 4 years,1017
E07000038,North East Derbyshire,1,Female,3,Aged 5 to 7 years,1611
E07000038,North East Derbyshire,1,Female,4,Aged 8 to 9 years,1072
E07000038,North East Derbyshire,1,Female,5,Aged 10 to 14 years,2684
E07000038,North East Derbyshire,1,Female,6,Aged 15 years,529
E07000038,North East Derbyshire,1,Female,7,Aged 16 to 17 years,1012
E07000038,North East Derbyshire,1,Female,8,Aged 18 to 19 years,839
E07000038,North East Derbyshire,1,Female,9,Aged 20 to 24 years,2286
E07000038,North East Derbyshire,1,Female,10,Aged 25 to 29 years,2823
E07000038,North East Derbyshire,1,Female,11,Aged 30 to 34 years,2963
E07000038,North East Derbyshire,1,Female,12,Aged 35 to 39 years,2882
E07000038,North East Derbyshire,1,Female,13,Aged 40 to 44 years,2844
E07000038,North East Derbyshire,1,Female,14,Aged 45 to 49 years,3225
E07000038,North East Derbyshire,1,Female,15,Aged 50 to 54 years,3953
E07000038,North East Derbyshire,1,Female,16,Aged 55 to 59 years,3970
E07000038,North East Derbyshire,1,Female,17,Aged 60 to 64 years,3578
E07000038,North East Derbyshire,1,Female,18,Aged 65 years,667
E07000038,North East Derbyshire,1,Female,19,Aged 66 to 69 years,2687
E07000038,North East Derbyshire,1,Female,20,Aged 70 to 74 years,3592
E07000038,North East Derbyshire,1,Female,21,Aged 75 to 79 years,2881
E07000038,North East Derbyshire,1,Female,22,Aged 80 to 84 years,1955
E07000038,North East Derbyshire,1,Female,23,Aged 85 years and over,1820
E07000038,North East Derbyshire,2,Male,1,Aged 2 years and under,1392
E07000038,North East Derbyshire,2,Male,2,Aged 3 to 4 years,1056
E07000038,North East Derbyshire,2,Male,3,Aged 5 to 7 years,1520
E07000038,North East Derbyshire,2,Male,4,Aged 8 to 9 years,1180
E07000038,North East Derbyshire,2,Male,5,Aged 10 to 14 years,2796
E07000038,North East Derbyshire,2,Male,6,Aged 15 years,499
E07000038,North East Derbyshire,2,Male,7,Aged 16 to 17 years,1041
E07000038,North East Derbyshire,2,Male,8,Aged 18 to 19 years,907
E07000038,North East Derbyshire,2,Male,9,Aged 20 to 24 years,2288
E07000038,North East Derbyshire,2,Male,10,Aged 25 to 29 years,2805
E07000038,North East Derbyshire,2,Male,11,Aged 30 to 34 years,2744
E07000038,North East Derbyshire,2,Male,12,Aged 35 to 39 years,2708
E07000038,North East Derbyshire,2,Male,13,Aged 40 to 44 years,2758
E07000038,North East Derbyshire,2,Male,14,Aged 45 to 49 years,3122
E07000038,North East Derbyshire,2,Male,15,Aged 50 to 54 years,3787
E07000038,North East Derbyshire,2,Male,16,Aged 55 to 59 years,3854
E07000038,North East Derbyshire,2,Male,17,Aged 60 to 64 years,3553
E07000038,North East Derbyshire,2,Male,18,Aged 65 years,616
E07000038,North East Derbyshire,2,Male,19,Aged 66 to 69 years,2468
E07000038,North East Derbyshire,2,Male,20,Aged 70 to 74 years,3286
E07000038,North East Derbyshire,2,Male,21,Aged 75 to 79 years,2588
E07000038,North East Derbyshire,2,Male,22,Aged 80 to 84 years,1602
E07000038,North East Derbyshire,2,Male,23,Aged 85 years and over,1170
E07000039,South Derbyshire,1,Female,1,Aged 2 years and under,1692
E07000039,South Derbyshire,1,Female,2,Aged 3 to 4 years,1148
E07000039,South Derbyshire,1,Female,3,Aged 5 to 7 years,1833
E07000039,South Derbyshire,1,Female,4,Aged 8 to 9 years,1311
E07000039,South Derbyshire,1,Female,5,Aged 10 to 14 years,3238
E07000039,South Derbyshire,1,Female,6,Aged 15 years,670
E07000039,South Derbyshire,1,Female,7,Aged 16 to 17 years,1200
E07000039,South Derbyshire,1,Female,8,Aged 18 to 19 years,875
E07000039,South Derbyshire,1,Female,9,Aged 20 to 24 years,2567
E07000039,South Derbyshire,1,Female,10,Aged 25 to 29 years,3589
E07000039,South Derbyshire,1,Female,11,Aged 30 to 34 years,3711
E07000039,South Derbyshire,1,Female,12,Aged 35 to 39 years,3577
E07000039,South Derbyshire,1,Female,13,Aged 40 to 44 years,3499
E07000039,South Derbyshire,1,Female,14,Aged 45 to 49 years,3665
E07000039,South Derbyshire,1,Female,15,Aged 50 to 54 years,4241
E07000039,South Derbyshire,1,Female,16,Aged 55 to 59 years,3945
E07000039,South Derbyshire,1,Female,17,Aged 60 to 64 years,3201
E07000039,South Derbyshire,1,Female,18,Aged 65 years,585
E07000039,South Derbyshire,1,Female,19,Aged 66 to 69 years,2346
E07000039,South Derbyshire,1,Female,20,Aged 70 to 74 years,2901
E07000039,South Derbyshire,1,Female,21,Aged 75 to 79 years,2077
E07000039,South Derbyshire,1,Female,22,Aged 80 to 84 years,1363
E07000039,South Derbyshire,1,Female,23,Aged 85 years and over,1431
E07000039,South Derbyshire,2,Male,1,Aged 2 years and under,1745
E07000039,South Derbyshire,2,Male,2,Aged 3 to 4 years,1177
E07000039,South Derbyshire,2,Male,3,Aged 5 to 7 years,1909
E07000039,South Derbyshire,2,Male,4,Aged 8 to 9 years,1392
E07000039,South Derbyshire,2,Male,5,Aged 10 to 14 years,3439
E07000039,South Derbyshire,2,Male,6,Aged 15 years,700
E07000039,South Derbyshire,2,Male,7,Aged 16 to 17 years,1259
E07000039,South Derbyshire,2,Male,8,Aged 18 to 19 years,1017
E07000039,South Derbyshire,2,Male,9,Aged 20 to 24 years,2634
E07000039,South Derbyshire,2,Male,10,Aged 25 to 29 years,3308
E07000039,South Derbyshire,2,Male,11,Aged 30 to 34 years,3441
E07000039,South Derbyshire,2,Male,12,Aged 35 to 39 years,3340
E07000039,South Derbyshire,2,Male,13,Aged 40 to 44 years,3176
E07000039,South Derbyshire,2,Male,14,Aged 45 to 49 years,3664
E07000039,South Derbyshire,2,Male,15,Aged 50 to 54 years,4164
E07000039,South Derbyshire,2,Male,16,Aged 55 to 59 years,3812
E07000039,South Derbyshire,2,Male,17,Aged 60 to 64 years,3131
E07000039,South Derbyshire,2,Male,18,Aged 65 years,551
E07000039,South Derbyshire,2,Male,19,Aged 66 to 69 years,2195
E07000039,South Derbyshire,2,Male,20,Aged 70 to 74 years,2681
E07000039,South Derbyshire,2,Male,21,Aged 75 to 79 years,1916
E07000039,South Derbyshire,2,Male,22,Aged 80 to 84 years,1076
E07000039,South Derbyshire,2,Male,23,Aged 85 years and over,816
E07000040,East Devon,1,Female,1,Aged 2 years and under,1811
E07000040,East Devon,1,Female,2,Aged 3 to 4 years,1384
E07000040,East Devon,1,Female,3,Aged 5 to 7 years,2184
E07000040,East Devon,1,Female,4,Aged 8 to 9 years,1527
E07000040,East Devon,1,Female,5,Aged 10 to 14 years,3765
E07000040,East Devon,1,Female,6,Aged 15 years,736
E07000040,East Devon,1,Female,7,Aged 16 to 17 years,1464
E07000040,East Devon,1,Female,8,Aged 18 to 19 years,1179
E07000040,East Devon,1,Female,9,Aged 20 to 24 years,2819
E07000040,East Devon,1,Female,10,Aged 25 to 29 years,3467
E07000040,East Devon,1,Female,11,Aged 30 to 34 years,3848
E07000040,East Devon,1,Female,12,Aged 35 to 39 years,3899
E07000040,East Devon,1,Female,13,Aged 40 to 44 years,3966
E07000040,East Devon,1,Female,14,Aged 45 to 49 years,4550
E07000040,East Devon,1,Female,15,Aged 50 to 54 years,5502
E07000040,East Devon,1,Female,16,Aged 55 to 59 years,5772
E07000040,East Devon,1,Female,17,Aged 60 to 64 years,5625
E07000040,East Devon,1,Female,18,Aged 65 years,1090
E07000040,East Devon,1,Female,19,Aged 66 to 69 years,4457
E07000040,East Devon,1,Female,20,Aged 70 to 74 years,6208
E07000040,East Devon,1,Female,21,Aged 75 to 79 years,4956
E07000040,East Devon,1,Female,22,Aged 80 to 84 years,3619
E07000040,East Devon,1,Female,23,Aged 85 years and over,4381
E07000040,East Devon,2,Male,1,Aged 2 years and under,1945
E07000040,East Devon,2,Male,2,Aged 3 to 4 years,1351
E07000040,East Devon,2,Male,3,Aged 5 to 7 years,2283
E07000040,East Devon,2,Male,4,Aged 8 to 9 years,1713
E07000040,East Devon,2,Male,5,Aged 10 to 14 years,3976
E07000040,East Devon,2,Male,6,Aged 15 years,762
E07000040,East Devon,2,Male,7,Aged 16 to 17 years,1624
E07000040,East Devon,2,Male,8,Aged 18 to 19 years,1324
E07000040,East Devon,2,Male,9,Aged 20 to 24 years,3374
E07000040,East Devon,2,Male,10,Aged 25 to 29 years,3425
E07000040,East Devon,2,Male,11,Aged 30 to 34 years,3577
E07000040,East Devon,2,Male,12,Aged 35 to 39 years,3681
E07000040,East Devon,2,Male,13,Aged 40 to 44 years,3718
E07000040,East Devon,2,Male,14,Aged 45 to 49 years,4216
E07000040,East Devon,2,Male,15,Aged 50 to 54 years,5011
E07000040,East Devon,2,Male,16,Aged 55 to 59 years,5169
E07000040,East Devon,2,Male,17,Aged 60 to 64 years,4958
E07000040,East Devon,2,Male,18,Aged 65 years,965
E07000040,East Devon,2,Male,19,Aged 66 to 69 years,3831
E07000040,East Devon,2,Male,20,Aged 70 to 74 years,5696
E07000040,East Devon,2,Male,21,Aged 75 to 79 years,4407
E07000040,East Devon,2,Male,22,Aged 80 to 84 years,2947
E07000040,East Devon,2,Male,23,Aged 85 years and over,2667
E07000041,Exeter,1,Female,1,Aged 2 years and under,1702
E07000041,Exeter,1,Female,2,Aged 3 to 4 years,1173
E07000041,Exeter,1,Female,3,Aged 5 to 7 years,1782
E07000041,Exeter,1,Female,4,Aged 8 to 9 years,1208
E07000041,Exeter,1,Female,5,Aged 10 to 14 years,2971
E07000041,Exeter,1,Female,6,Aged 15 years,590
E07000041,Exeter,1,Female,7,Aged 16 to 17 years,1107
E07000041,Exeter,1,Female,8,Aged 18 to 19 years,4379
E07000041,Exeter,1,Female,9,Aged 20 to 24 years,8469
E07000041,Exeter,1,Female,10,Aged 25 to 29 years,4504
E07000041,Exeter,1,Female,11,Aged 30 to 34 years,4482
E07000041,Exeter,1,Female,12,Aged 35 to 39 years,4254
E07000041,Exeter,1,Female,13,Aged 40 to 44 years,3744
E07000041,Exeter,1,Female,14,Aged 45 to 49 years,3606
E07000041,Exeter,1,Female,15,Aged 50 to 54 years,3912
E07000041,Exeter,1,Female,16,Aged 55 to 59 years,3784
E07000041,Exeter,1,Female,17,Aged 60 to 64 years,3230
E07000041,Exeter,1,Female,18,Aged 65 years,574
E07000041,Exeter,1,Female,19,Aged 66 to 69 years,2338
E07000041,Exeter,1,Female,20,Aged 70 to 74 years,3019
E07000041,Exeter,1,Female,21,Aged 75 to 79 years,2343
E07000041,Exeter,1,Female,22,Aged 80 to 84 years,1792
E07000041,Exeter,1,Female,23,Aged 85 years and over,2081
E07000041,Exeter,2,Male,1,Aged 2 years and under,1785
E07000041,Exeter,2,Male,2,Aged 3 to 4 years,1223
E07000041,Exeter,2,Male,3,Aged 5 to 7 years,1920
E07000041,Exeter,2,Male,4,Aged 8 to 9 years,1291
E07000041,Exeter,2,Male,5,Aged 10 to 14 years,3147
E07000041,Exeter,2,Male,6,Aged 15 years,585
E07000041,Exeter,2,Male,7,Aged 16 to 17 years,1222
E07000041,Exeter,2,Male,8,Aged 18 to 19 years,3883
E07000041,Exeter,2,Male,9,Aged 20 to 24 years,7880
E07000041,Exeter,2,Male,10,Aged 25 to 29 years,4454
E07000041,Exeter,2,Male,11,Aged 30 to 34 years,4550
E07000041,Exeter,2,Male,12,Aged 35 to 39 years,4206
E07000041,Exeter,2,Male,13,Aged 40 to 44 years,3686
E07000041,Exeter,2,Male,14,Aged 45 to 49 years,3671
E07000041,Exeter,2,Male,15,Aged 50 to 54 years,3866
E07000041,Exeter,2,Male,16,Aged 55 to 59 years,3588
E07000041,Exeter,2,Male,17,Aged 60 to 64 years,3127
E07000041,Exeter,2,Male,18,Aged 65 years,539
E07000041,Exeter,2,Male,19,Aged 66 to 69 years,2044
E07000041,Exeter,2,Male,20,Aged 70 to 74 years,2664
E07000041,Exeter,2,Male,21,Aged 75 to 79 years,1856
E07000041,Exeter,2,Male,22,Aged 80 to 84 years,1338
E07000041,Exeter,2,Male,23,Aged 85 years and over,1139
E07000042,Mid Devon,1,Female,1,Aged 2 years and under,1117
E07000042,Mid Devon,1,Female,2,Aged 3 to 4 years,837
E07000042,Mid Devon,1,Female,3,Aged 5 to 7 years,1273
E07000042,Mid Devon,1,Female,4,Aged 8 to 9 years,925
E07000042,Mid Devon,1,Female,5,Aged 10 to 14 years,2428
E07000042,Mid Devon,1,Female,6,Aged 15 years,470
E07000042,Mid Devon,1,Female,7,Aged 16 to 17 years,934
E07000042,Mid Devon,1,Female,8,Aged 18 to 19 years,688
E07000042,Mid Devon,1,Female,9,Aged 20 to 24 years,1765
E07000042,Mid Devon,1,Female,10,Aged 25 to 29 years,2109
E07000042,Mid Devon,1,Female,11,Aged 30 to 34 years,2377
E07000042,Mid Devon,1,Female,12,Aged 35 to 39 years,2480
E07000042,Mid Devon,1,Female,13,Aged 40 to 44 years,2418
E07000042,Mid Devon,1,Female,14,Aged 45 to 49 years,2621
E07000042,Mid Devon,1,Female,15,Aged 50 to 54 years,3171
E07000042,Mid Devon,1,Female,16,Aged 55 to 59 years,3315
E07000042,Mid Devon,1,Female,17,Aged 60 to 64 years,2893
E07000042,Mid Devon,1,Female,18,Aged 65 years,563
E07000042,Mid Devon,1,Female,19,Aged 66 to 69 years,2110
E07000042,Mid Devon,1,Female,20,Aged 70 to 74 years,2776
E07000042,Mid Devon,1,Female,21,Aged 75 to 79 years,2046
E07000042,Mid Devon,1,Female,22,Aged 80 to 84 years,1491
E07000042,Mid Devon,1,Female,23,Aged 85 years and over,1584
E07000042,Mid Devon,2,Male,1,Aged 2 years and under,1244
E07000042,Mid Devon,2,Male,2,Aged 3 to 4 years,824
E07000042,Mid Devon,2,Male,3,Aged 5 to 7 years,1363
E07000042,Mid Devon,2,Male,4,Aged 8 to 9 years,1024
E07000042,Mid Devon,2,Male,5,Aged 10 to 14 years,2612
E07000042,Mid Devon,2,Male,6,Aged 15 years,530
E07000042,Mid Devon,2,Male,7,Aged 16 to 17 years,989
E07000042,Mid Devon,2,Male,8,Aged 18 to 19 years,810
E07000042,Mid Devon,2,Male,9,Aged 20 to 24 years,1831
E07000042,Mid Devon,2,Male,10,Aged 25 to 29 years,2020
E07000042,Mid Devon,2,Male,11,Aged 30 to 34 years,2105
E07000042,Mid Devon,2,Male,12,Aged 35 to 39 years,2252
E07000042,Mid Devon,2,Male,13,Aged 40 to 44 years,2202
E07000042,Mid Devon,2,Male,14,Aged 45 to 49 years,2521
E07000042,Mid Devon,2,Male,15,Aged 50 to 54 years,3017
E07000042,Mid Devon,2,Male,16,Aged 55 to 59 years,3041
E07000042,Mid Devon,2,Male,17,Aged 60 to 64 years,2763
E07000042,Mid Devon,2,Male,18,Aged 65 years,494
E07000042,Mid Devon,2,Male,19,Aged 66 to 69 years,2016
E07000042,Mid Devon,2,Male,20,Aged 70 to 74 years,2640
E07000042,Mid Devon,2,Male,21,Aged 75 to 79 years,1973
E07000042,Mid Devon,2,Male,22,Aged 80 to 84 years,1153
E07000042,Mid Devon,2,Male,23,Aged 85 years and over,1039
E07000043,North Devon,1,Female,1,Aged 2 years and under,1262
E07000043,North Devon,1,Female,2,Aged 3 to 4 years,960
E07000043,North Devon,1,Female,3,Aged 5 to 7 years,1458
E07000043,North Devon,1,Female,4,Aged 8 to 9 years,1089
E07000043,North Devon,1,Female,5,Aged 10 to 14 years,2782
E07000043,North Devon,1,Female,6,Aged 15 years,538
E07000043,North Devon,1,Female,7,Aged 16 to 17 years,1021
E07000043,North Devon,1,Female,8,Aged 18 to 19 years,766
E07000043,North Devon,1,Female,9,Aged 20 to 24 years,2034
E07000043,North Devon,1,Female,10,Aged 25 to 29 years,2539
E07000043,North Devon,1,Female,11,Aged 30 to 34 years,2779
E07000043,North Devon,1,Female,12,Aged 35 to 39 years,2683
E07000043,North Devon,1,Female,13,Aged 40 to 44 years,2659
E07000043,North Devon,1,Female,14,Aged 45 to 49 years,3099
E07000043,North Devon,1,Female,15,Aged 50 to 54 years,3667
E07000043,North Devon,1,Female,16,Aged 55 to 59 years,3969
E07000043,North Devon,1,Female,17,Aged 60 to 64 years,3645
E07000043,North Devon,1,Female,18,Aged 65 years,655
E07000043,North Devon,1,Female,19,Aged 66 to 69 years,2599
E07000043,North Devon,1,Female,20,Aged 70 to 74 years,3550
E07000043,North Devon,1,Female,21,Aged 75 to 79 years,2809
E07000043,North Devon,1,Female,22,Aged 80 to 84 years,1909
E07000043,North Devon,1,Female,23,Aged 85 years and over,2121
E07000043,North Devon,2,Male,1,Aged 2 years and under,1288
E07000043,North Devon,2,Male,2,Aged 3 to 4 years,1002
E07000043,North Devon,2,Male,3,Aged 5 to 7 years,1521
E07000043,North Devon,2,Male,4,Aged 8 to 9 years,1156
E07000043,North Devon,2,Male,5,Aged 10 to 14 years,2840
E07000043,North Devon,2,Male,6,Aged 15 years,520
E07000043,North Devon,2,Male,7,Aged 16 to 17 years,1114
E07000043,North Devon,2,Male,8,Aged 18 to 19 years,1025
E07000043,North Devon,2,Male,9,Aged 20 to 24 years,2203
E07000043,North Devon,2,Male,10,Aged 25 to 29 years,2503
E07000043,North Devon,2,Male,11,Aged 30 to 34 years,2600
E07000043,North Devon,2,Male,12,Aged 35 to 39 years,2406
E07000043,North Devon,2,Male,13,Aged 40 to 44 years,2625
E07000043,North Devon,2,Male,14,Aged 45 to 49 years,2818
E07000043,North Devon,2,Male,15,Aged 50 to 54 years,3443
E07000043,North Devon,2,Male,16,Aged 55 to 59 years,3669
E07000043,North Devon,2,Male,17,Aged 60 to 64 years,3472
E07000043,North Devon,2,Male,18,Aged 65 years,616
E07000043,North Devon,2,Male,19,Aged 66 to 69 years,2426
E07000043,North Devon,2,Male,20,Aged 70 to 74 years,3376
E07000043,North Devon,2,Male,21,Aged 75 to 79 years,2488
E07000043,North Devon,2,Male,22,Aged 80 to 84 years,1531
E07000043,North Devon,2,Male,23,Aged 85 years and over,1374
E07000044,South Hams,1,Female,1,Aged 2 years and under,957
E07000044,South Hams,1,Female,2,Aged 3 to 4 years,753
E07000044,South Hams,1,Female,3,Aged 5 to 7 years,1275
E07000044,South Hams,1,Female,4,Aged 8 to 9 years,960
E07000044,South Hams,1,Female,5,Aged 10 to 14 years,2321
E07000044,South Hams,1,Female,6,Aged 15 years,464
E07000044,South Hams,1,Female,7,Aged 16 to 17 years,897
E07000044,South Hams,1,Female,8,Aged 18 to 19 years,690
E07000044,South Hams,1,Female,9,Aged 20 to 24 years,1553
E07000044,South Hams,1,Female,10,Aged 25 to 29 years,1847
E07000044,South Hams,1,Female,11,Aged 30 to 34 years,2258
E07000044,South Hams,1,Female,12,Aged 35 to 39 years,2328
E07000044,South Hams,1,Female,13,Aged 40 to 44 years,2456
E07000044,South Hams,1,Female,14,Aged 45 to 49 years,2743
E07000044,South Hams,1,Female,15,Aged 50 to 54 years,3457
E07000044,South Hams,1,Female,16,Aged 55 to 59 years,3882
E07000044,South Hams,1,Female,17,Aged 60 to 64 years,3719
E07000044,South Hams,1,Female,18,Aged 65 years,675
E07000044,South Hams,1,Female,19,Aged 66 to 69 years,2708
E07000044,South Hams,1,Female,20,Aged 70 to 74 years,3587
E07000044,South Hams,1,Female,21,Aged 75 to 79 years,2632
E07000044,South Hams,1,Female,22,Aged 80 to 84 years,1763
E07000044,South Hams,1,Female,23,Aged 85 years and over,2047
E07000044,South Hams,2,Male,1,Aged 2 years and under,1020
E07000044,South Hams,2,Male,2,Aged 3 to 4 years,799
E07000044,South Hams,2,Male,3,Aged 5 to 7 years,1266
E07000044,South Hams,2,Male,4,Aged 8 to 9 years,940
E07000044,South Hams,2,Male,5,Aged 10 to 14 years,2439
E07000044,South Hams,2,Male,6,Aged 15 years,465
E07000044,South Hams,2,Male,7,Aged 16 to 17 years,962
E07000044,South Hams,2,Male,8,Aged 18 to 19 years,782
E07000044,South Hams,2,Male,9,Aged 20 to 24 years,1787
E07000044,South Hams,2,Male,10,Aged 25 to 29 years,1867
E07000044,South Hams,2,Male,11,Aged 30 to 34 years,2043
E07000044,South Hams,2,Male,12,Aged 35 to 39 years,2061
E07000044,South Hams,2,Male,13,Aged 40 to 44 years,2082
E07000044,South Hams,2,Male,14,Aged 45 to 49 years,2491
E07000044,South Hams,2,Male,15,Aged 50 to 54 years,3079
E07000044,South Hams,2,Male,16,Aged 55 to 59 years,3479
E07000044,South Hams,2,Male,17,Aged 60 to 64 years,3427
E07000044,South Hams,2,Male,18,Aged 65 years,657
E07000044,South Hams,2,Male,19,Aged 66 to 69 years,2462
E07000044,South Hams,2,Male,20,Aged 70 to 74 years,3411
E07000044,South Hams,2,Male,21,Aged 75 to 79 years,2397
E07000044,South Hams,2,Male,22,Aged 80 to 84 years,1487
E07000044,South Hams,2,Male,23,Aged 85 years and over,1255
E07000045,Teignbridge,1,Female,1,Aged 2 years and under,1668
E07000045,Teignbridge,1,Female,2,Aged 3 to 4 years,1189
E07000045,Teignbridge,1,Female,3,Aged 5 to 7 years,1927
E07000045,Teignbridge,1,Female,4,Aged 8 to 9 years,1408
E07000045,Teignbridge,1,Female,5,Aged 10 to 14 years,3464
E07000045,Teignbridge,1,Female,6,Aged 15 years,664
E07000045,Teignbridge,1,Female,7,Aged 16 to 17 years,1360
E07000045,Teignbridge,1,Female,8,Aged 18 to 19 years,1041
E07000045,Teignbridge,1,Female,9,Aged 20 to 24 years,2575
E07000045,Teignbridge,1,Female,10,Aged 25 to 29 years,3261
E07000045,Teignbridge,1,Female,11,Aged 30 to 34 years,3682
E07000045,Teignbridge,1,Female,12,Aged 35 to 39 years,3668
E07000045,Teignbridge,1,Female,13,Aged 40 to 44 years,3691
E07000045,Teignbridge,1,Female,14,Aged 45 to 49 years,4182
E07000045,Teignbridge,1,Female,15,Aged 50 to 54 years,5115
E07000045,Teignbridge,1,Female,16,Aged 55 to 59 years,5669
E07000045,Teignbridge,1,Female,17,Aged 60 to 64 years,5142
E07000045,Teignbridge,1,Female,18,Aged 65 years,929
E07000045,Teignbridge,1,Female,19,Aged 66 to 69 years,3946
E07000045,Teignbridge,1,Female,20,Aged 70 to 74 years,5172
E07000045,Teignbridge,1,Female,21,Aged 75 to 79 years,3956
E07000045,Teignbridge,1,Female,22,Aged 80 to 84 years,2646
E07000045,Teignbridge,1,Female,23,Aged 85 years and over,3114
E07000045,Teignbridge,2,Male,1,Aged 2 years and under,1782
E07000045,Teignbridge,2,Male,2,Aged 3 to 4 years,1267
E07000045,Teignbridge,2,Male,3,Aged 5 to 7 years,2099
E07000045,Teignbridge,2,Male,4,Aged 8 to 9 years,1454
E07000045,Teignbridge,2,Male,5,Aged 10 to 14 years,3704
E07000045,Teignbridge,2,Male,6,Aged 15 years,713
E07000045,Teignbridge,2,Male,7,Aged 16 to 17 years,1405
E07000045,Teignbridge,2,Male,8,Aged 18 to 19 years,1117
E07000045,Teignbridge,2,Male,9,Aged 20 to 24 years,3013
E07000045,Teignbridge,2,Male,10,Aged 25 to 29 years,3195
E07000045,Teignbridge,2,Male,11,Aged 30 to 34 years,3506
E07000045,Teignbridge,2,Male,12,Aged 35 to 39 years,3541
E07000045,Teignbridge,2,Male,13,Aged 40 to 44 years,3452
E07000045,Teignbridge,2,Male,14,Aged 45 to 49 years,3893
E07000045,Teignbridge,2,Male,15,Aged 50 to 54 years,4657
E07000045,Teignbridge,2,Male,16,Aged 55 to 59 years,5157
E07000045,Teignbridge,2,Male,17,Aged 60 to 64 years,4708
E07000045,Teignbridge,2,Male,18,Aged 65 years,891
E07000045,Teignbridge,2,Male,19,Aged 66 to 69 years,3553
E07000045,Teignbridge,2,Male,20,Aged 70 to 74 years,4700
E07000045,Teignbridge,2,Male,21,Aged 75 to 79 years,3544
E07000045,Teignbridge,2,Male,22,Aged 80 to 84 years,2142
E07000045,Teignbridge,2,Male,23,Aged 85 years and over,1841
E07000046,Torridge,1,Female,1,Aged 2 years and under,808
E07000046,Torridge,1,Female,2,Aged 3 to 4 years,553
E07000046,Torridge,1,Female,3,Aged 5 to 7 years,958
E07000046,Torridge,1,Female,4,Aged 8 to 9 years,683
E07000046,Torridge,1,Female,5,Aged 10 to 14 years,1711
E07000046,Torridge,1,Female,6,Aged 15 years,340
E07000046,Torridge,1,Female,7,Aged 16 to 17 years,636
E07000046,Torridge,1,Female,8,Aged 18 to 19 years,548
E07000046,Torridge,1,Female,9,Aged 20 to 24 years,1281
E07000046,Torridge,1,Female,10,Aged 25 to 29 years,1516
E07000046,Torridge,1,Female,11,Aged 30 to 34 years,1777
E07000046,Torridge,1,Female,12,Aged 35 to 39 years,1631
E07000046,Torridge,1,Female,13,Aged 40 to 44 years,1755
E07000046,Torridge,1,Female,14,Aged 45 to 49 years,2093
E07000046,Torridge,1,Female,15,Aged 50 to 54 years,2642
E07000046,Torridge,1,Female,16,Aged 55 to 59 years,2809
E07000046,Torridge,1,Female,17,Aged 60 to 64 years,2853
E07000046,Torridge,1,Female,18,Aged 65 years,500
E07000046,Torridge,1,Female,19,Aged 66 to 69 years,2070
E07000046,Torridge,1,Female,20,Aged 70 to 74 years,2799
E07000046,Torridge,1,Female,21,Aged 75 to 79 years,2055
E07000046,Torridge,1,Female,22,Aged 80 to 84 years,1288
E07000046,Torridge,1,Female,23,Aged 85 years and over,1462
E07000046,Torridge,2,Male,1,Aged 2 years and under,817
E07000046,Torridge,2,Male,2,Aged 3 to 4 years,625
E07000046,Torridge,2,Male,3,Aged 5 to 7 years,1085
E07000046,Torridge,2,Male,4,Aged 8 to 9 years,767
E07000046,Torridge,2,Male,5,Aged 10 to 14 years,1848
E07000046,Torridge,2,Male,6,Aged 15 years,359
E07000046,Torridge,2,Male,7,Aged 16 to 17 years,704
E07000046,Torridge,2,Male,8,Aged 18 to 19 years,575
E07000046,Torridge,2,Male,9,Aged 20 to 24 years,1498
E07000046,Torridge,2,Male,10,Aged 25 to 29 years,1594
E07000046,Torridge,2,Male,11,Aged 30 to 34 years,1620
E07000046,Torridge,2,Male,12,Aged 35 to 39 years,1554
E07000046,Torridge,2,Male,13,Aged 40 to 44 years,1553
E07000046,Torridge,2,Male,14,Aged 45 to 49 years,1874
E07000046,Torridge,2,Male,15,Aged 50 to 54 years,2428
E07000046,Torridge,2,Male,16,Aged 55 to 59 years,2701
E07000046,Torridge,2,Male,17,Aged 60 to 64 years,2595
E07000046,Torridge,2,Male,18,Aged 65 years,495
E07000046,Torridge,2,Male,19,Aged 66 to 69 years,1988
E07000046,Torridge,2,Male,20,Aged 70 to 74 years,2646
E07000046,Torridge,2,Male,21,Aged 75 to 79 years,1900
E07000046,Torridge,2,Male,22,Aged 80 to 84 years,1163
E07000046,Torridge,2,Male,23,Aged 85 years and over,956
E07000047,West Devon,1,Female,1,Aged 2 years and under,613
E07000047,West Devon,1,Female,2,Aged 3 to 4 years,481
E07000047,West Devon,1,Female,3,Aged 5 to 7 years,778
E07000047,West Devon,1,Female,4,Aged 8 to 9 years,559
E07000047,West Devon,1,Female,5,Aged 10 to 14 years,1608
E07000047,West Devon,1,Female,6,Aged 15 years,295
E07000047,West Devon,1,Female,7,Aged 16 to 17 years,598
E07000047,West Devon,1,Female,8,Aged 18 to 19 years,462
E07000047,West Devon,1,Female,9,Aged 20 to 24 years,972
E07000047,West Devon,1,Female,10,Aged 25 to 29 years,1228
E07000047,West Devon,1,Female,11,Aged 30 to 34 years,1324
E07000047,West Devon,1,Female,12,Aged 35 to 39 years,1399
E07000047,West Devon,1,Female,13,Aged 40 to 44 years,1461
E07000047,West Devon,1,Female,14,Aged 45 to 49 years,1734
E07000047,West Devon,1,Female,15,Aged 50 to 54 years,2195
E07000047,West Devon,1,Female,16,Aged 55 to 59 years,2564
E07000047,West Devon,1,Female,17,Aged 60 to 64 years,2274
E07000047,West Devon,1,Female,18,Aged 65 years,445
E07000047,West Devon,1,Female,19,Aged 66 to 69 years,1685
E07000047,West Devon,1,Female,20,Aged 70 to 74 years,2364
E07000047,West Devon,1,Female,21,Aged 75 to 79 years,1706
E07000047,West Devon,1,Female,22,Aged 80 to 84 years,1155
E07000047,West Devon,1,Female,23,Aged 85 years and over,1260
E07000047,West Devon,2,Male,1,Aged 2 years and under,605
E07000047,West Devon,2,Male,2,Aged 3 to 4 years,497
E07000047,West Devon,2,Male,3,Aged 5 to 7 years,809
E07000047,West Devon,2,Male,4,Aged 8 to 9 years,604
E07000047,West Devon,2,Male,5,Aged 10 to 14 years,1539
E07000047,West Devon,2,Male,6,Aged 15 years,345
E07000047,West Devon,2,Male,7,Aged 16 to 17 years,701
E07000047,West Devon,2,Male,8,Aged 18 to 19 years,495
E07000047,West Devon,2,Male,9,Aged 20 to 24 years,1146
E07000047,West Devon,2,Male,10,Aged 25 to 29 years,1194
E07000047,West Devon,2,Male,11,Aged 30 to 34 years,1322
E07000047,West Devon,2,Male,12,Aged 35 to 39 years,1377
E07000047,West Devon,2,Male,13,Aged 40 to 44 years,1375
E07000047,West Devon,2,Male,14,Aged 45 to 49 years,1658
E07000047,West Devon,2,Male,15,Aged 50 to 54 years,2079
E07000047,West Devon,2,Male,16,Aged 55 to 59 years,2337
E07000047,West Devon,2,Male,17,Aged 60 to 64 years,2198
E07000047,West Devon,2,Male,18,Aged 65 years,388
E07000047,West Devon,2,Male,19,Aged 66 to 69 years,1632
E07000047,West Devon,2,Male,20,Aged 70 to 74 years,2100
E07000047,West Devon,2,Male,21,Aged 75 to 79 years,1637
E07000047,West Devon,2,Male,22,Aged 80 to 84 years,1027
E07000047,West Devon,2,Male,23,Aged 85 years and over,873
E07000061,Eastbourne,1,Female,1,Aged 2 years and under,1328
E07000061,Eastbourne,1,Female,2,Aged 3 to 4 years,969
E07000061,Eastbourne,1,Female,3,Aged 5 to 7 years,1645
E07000061,Eastbourne,1,Female,4,Aged 8 to 9 years,1129
E07000061,Eastbourne,1,Female,5,Aged 10 to 14 years,2677
E07000061,Eastbourne,1,Female,6,Aged 15 years,537
E07000061,Eastbourne,1,Female,7,Aged 16 to 17 years,1140
E07000061,Eastbourne,1,Female,8,Aged 18 to 19 years,945
E07000061,Eastbourne,1,Female,9,Aged 20 to 24 years,2610
E07000061,Eastbourne,1,Female,10,Aged 25 to 29 years,2934
E07000061,Eastbourne,1,Female,11,Aged 30 to 34 years,3136
E07000061,Eastbourne,1,Female,12,Aged 35 to 39 years,3169
E07000061,Eastbourne,1,Female,13,Aged 40 to 44 years,3088
E07000061,Eastbourne,1,Female,14,Aged 45 to 49 years,3228
E07000061,Eastbourne,1,Female,15,Aged 50 to 54 years,3569
E07000061,Eastbourne,1,Female,16,Aged 55 to 59 years,3743
E07000061,Eastbourne,1,Female,17,Aged 60 to 64 years,3266
E07000061,Eastbourne,1,Female,18,Aged 65 years,653
E07000061,Eastbourne,1,Female,19,Aged 66 to 69 years,2473
E07000061,Eastbourne,1,Female,20,Aged 70 to 74 years,3489
E07000061,Eastbourne,1,Female,21,Aged 75 to 79 years,2664
E07000061,Eastbourne,1,Female,22,Aged 80 to 84 years,2119
E07000061,Eastbourne,1,Female,23,Aged 85 years and over,2636
E07000061,Eastbourne,2,Male,1,Aged 2 years and under,1411
E07000061,Eastbourne,2,Male,2,Aged 3 to 4 years,1008
E07000061,Eastbourne,2,Male,3,Aged 5 to 7 years,1533
E07000061,Eastbourne,2,Male,4,Aged 8 to 9 years,1222
E07000061,Eastbourne,2,Male,5,Aged 10 to 14 years,3106
E07000061,Eastbourne,2,Male,6,Aged 15 years,543
E07000061,Eastbourne,2,Male,7,Aged 16 to 17 years,1132
E07000061,Eastbourne,2,Male,8,Aged 18 to 19 years,1042
E07000061,Eastbourne,2,Male,9,Aged 20 to 24 years,2615
E07000061,Eastbourne,2,Male,10,Aged 25 to 29 years,2704
E07000061,Eastbourne,2,Male,11,Aged 30 to 34 years,2966
E07000061,Eastbourne,2,Male,12,Aged 35 to 39 years,2777
E07000061,Eastbourne,2,Male,13,Aged 40 to 44 years,2786
E07000061,Eastbourne,2,Male,14,Aged 45 to 49 years,3015
E07000061,Eastbourne,2,Male,15,Aged 50 to 54 years,3331
E07000061,Eastbourne,2,Male,16,Aged 55 to 59 years,3370
E07000061,Eastbourne,2,Male,17,Aged 60 to 64 years,3089
E07000061,Eastbourne,2,Male,18,Aged 65 years,555
E07000061,Eastbourne,2,Male,19,Aged 66 to 69 years,2105
E07000061,Eastbourne,2,Male,20,Aged 70 to 74 years,3040
E07000061,Eastbourne,2,Male,21,Aged 75 to 79 years,2212
E07000061,Eastbourne,2,Male,22,Aged 80 to 84 years,1560
E07000061,Eastbourne,2,Male,23,Aged 85 years and over,1409
E07000062,Hastings,1,Female,1,Aged 2 years and under,1389
E07000062,Hastings,1,Female,2,Aged 3 to 4 years,958
E07000062,Hastings,1,Female,3,Aged 5 to 7 years,1488
E07000062,Hastings,1,Female,4,Aged 8 to 9 years,1057
E07000062,Hastings,1,Female,5,Aged 10 to 14 years,2569
E07000062,Hastings,1,Female,6,Aged 15 years,451
E07000062,Hastings,1,Female,7,Aged 16 to 17 years,941
E07000062,Hastings,1,Female,8,Aged 18 to 19 years,793
E07000062,Hastings,1,Female,9,Aged 20 to 24 years,2192
E07000062,Hastings,1,Female,10,Aged 25 to 29 years,2812
E07000062,Hastings,1,Female,11,Aged 30 to 34 years,3184
E07000062,Hastings,1,Female,12,Aged 35 to 39 years,3017
E07000062,Hastings,1,Female,13,Aged 40 to 44 years,2853
E07000062,Hastings,1,Female,14,Aged 45 to 49 years,3013
E07000062,Hastings,1,Female,15,Aged 50 to 54 years,3650
E07000062,Hastings,1,Female,16,Aged 55 to 59 years,3440
E07000062,Hastings,1,Female,17,Aged 60 to 64 years,2997
E07000062,Hastings,1,Female,18,Aged 65 years,543
E07000062,Hastings,1,Female,19,Aged 66 to 69 years,2160
E07000062,Hastings,1,Female,20,Aged 70 to 74 years,2657
E07000062,Hastings,1,Female,21,Aged 75 to 79 years,1871
E07000062,Hastings,1,Female,22,Aged 80 to 84 years,1326
E07000062,Hastings,1,Female,23,Aged 85 years and over,1483
E07000062,Hastings,2,Male,1,Aged 2 years and under,1483
E07000062,Hastings,2,Male,2,Aged 3 to 4 years,991
E07000062,Hastings,2,Male,3,Aged 5 to 7 years,1534
E07000062,Hastings,2,Male,4,Aged 8 to 9 years,1086
E07000062,Hastings,2,Male,5,Aged 10 to 14 years,2721
E07000062,Hastings,2,Male,6,Aged 15 years,564
E07000062,Hastings,2,Male,7,Aged 16 to 17 years,1033
E07000062,Hastings,2,Male,8,Aged 18 to 19 years,890
E07000062,Hastings,2,Male,9,Aged 20 to 24 years,2290
E07000062,Hastings,2,Male,10,Aged 25 to 29 years,2549
E07000062,Hastings,2,Male,11,Aged 30 to 34 years,2827
E07000062,Hastings,2,Male,12,Aged 35 to 39 years,2648
E07000062,Hastings,2,Male,13,Aged 40 to 44 years,2644
E07000062,Hastings,2,Male,14,Aged 45 to 49 years,2888
E07000062,Hastings,2,Male,15,Aged 50 to 54 years,3327
E07000062,Hastings,2,Male,16,Aged 55 to 59 years,3446
E07000062,Hastings,2,Male,17,Aged 60 to 64 years,2849
E07000062,Hastings,2,Male,18,Aged 65 years,528
E07000062,Hastings,2,Male,19,Aged 66 to 69 years,1964
E07000062,Hastings,2,Male,20,Aged 70 to 74 years,2482
E07000062,Hastings,2,Male,21,Aged 75 to 79 years,1618
E07000062,Hastings,2,Male,22,Aged 80 to 84 years,988
E07000062,Hastings,2,Male,23,Aged 85 years and over,796
E07000063,Lewes,1,Female,1,Aged 2 years and under,1242
E07000063,Lewes,1,Female,2,Aged 3 to 4 years,934
E07000063,Lewes,1,Female,3,Aged 5 to 7 years,1501
E07000063,Lewes,1,Female,4,Aged 8 to 9 years,1058
E07000063,Lewes,1,Female,5,Aged 10 to 14 years,2740
E07000063,Lewes,1,Female,6,Aged 15 years,530
E07000063,Lewes,1,Female,7,Aged 16 to 17 years,1072
E07000063,Lewes,1,Female,8,Aged 18 to 19 years,867
E07000063,Lewes,1,Female,9,Aged 20 to 24 years,1952
E07000063,Lewes,1,Female,10,Aged 25 to 29 years,2193
E07000063,Lewes,1,Female,11,Aged 30 to 34 years,2801
E07000063,Lewes,1,Female,12,Aged 35 to 39 years,2805
E07000063,Lewes,1,Female,13,Aged 40 to 44 years,2912
E07000063,Lewes,1,Female,14,Aged 45 to 49 years,3335
E07000063,Lewes,1,Female,15,Aged 50 to 54 years,3867
E07000063,Lewes,1,Female,16,Aged 55 to 59 years,3879
E07000063,Lewes,1,Female,17,Aged 60 to 64 years,3452
E07000063,Lewes,1,Female,18,Aged 65 years,681
E07000063,Lewes,1,Female,19,Aged 66 to 69 years,2722
E07000063,Lewes,1,Female,20,Aged 70 to 74 years,3714
E07000063,Lewes,1,Female,21,Aged 75 to 79 years,2881
E07000063,Lewes,1,Female,22,Aged 80 to 84 years,2105
E07000063,Lewes,1,Female,23,Aged 85 years and over,2554
E07000063,Lewes,2,Male,1,Aged 2 years and under,1331
E07000063,Lewes,2,Male,2,Aged 3 to 4 years,1034
E07000063,Lewes,2,Male,3,Aged 5 to 7 years,1549
E07000063,Lewes,2,Male,4,Aged 8 to 9 years,1204
E07000063,Lewes,2,Male,5,Aged 10 to 14 years,3007
E07000063,Lewes,2,Male,6,Aged 15 years,553
E07000063,Lewes,2,Male,7,Aged 16 to 17 years,1197
E07000063,Lewes,2,Male,8,Aged 18 to 19 years,972
E07000063,Lewes,2,Male,9,Aged 20 to 24 years,2187
E07000063,Lewes,2,Male,10,Aged 25 to 29 years,2085
E07000063,Lewes,2,Male,11,Aged 30 to 34 years,2431
E07000063,Lewes,2,Male,12,Aged 35 to 39 years,2595
E07000063,Lewes,2,Male,13,Aged 40 to 44 years,2700
E07000063,Lewes,2,Male,14,Aged 45 to 49 years,3010
E07000063,Lewes,2,Male,15,Aged 50 to 54 years,3543
E07000063,Lewes,2,Male,16,Aged 55 to 59 years,3608
E07000063,Lewes,2,Male,17,Aged 60 to 64 years,3299
E07000063,Lewes,2,Male,18,Aged 65 years,599
E07000063,Lewes,2,Male,19,Aged 66 to 69 years,2395
E07000063,Lewes,2,Male,20,Aged 70 to 74 years,3280
E07000063,Lewes,2,Male,21,Aged 75 to 79 years,2388
E07000063,Lewes,2,Male,22,Aged 80 to 84 years,1638
E07000063,Lewes,2,Male,23,Aged 85 years and over,1504
E07000064,Rother,1,Female,1,Aged 2 years and under,1033
E07000064,Rother,1,Female,2,Aged 3 to 4 years,740
E07000064,Rother,1,Female,3,Aged 5 to 7 years,1124
E07000064,Rother,1,Female,4,Aged 8 to 9 years,888
E07000064,Rother,1,Female,5,Aged 10 to 14 years,2386
E07000064,Rother,1,Female,6,Aged 15 years,444
E07000064,Rother,1,Female,7,Aged 16 to 17 years,899
E07000064,Rother,1,Female,8,Aged 18 to 19 years,712
E07000064,Rother,1,Female,9,Aged 20 to 24 years,1835
E07000064,Rother,1,Female,10,Aged 25 to 29 years,1944
E07000064,Rother,1,Female,11,Aged 30 to 34 years,2202
E07000064,Rother,1,Female,12,Aged 35 to 39 years,2097
E07000064,Rother,1,Female,13,Aged 40 to 44 years,2244
E07000064,Rother,1,Female,14,Aged 45 to 49 years,2713
E07000064,Rother,1,Female,15,Aged 50 to 54 years,3461
E07000064,Rother,1,Female,16,Aged 55 to 59 years,3831
E07000064,Rother,1,Female,17,Aged 60 to 64 years,3674
E07000064,Rother,1,Female,18,Aged 65 years,768
E07000064,Rother,1,Female,19,Aged 66 to 69 years,2878
E07000064,Rother,1,Female,20,Aged 70 to 74 years,4439
E07000064,Rother,1,Female,21,Aged 75 to 79 years,3340
E07000064,Rother,1,Female,22,Aged 80 to 84 years,2394
E07000064,Rother,1,Female,23,Aged 85 years and over,2843
E07000064,Rother,2,Male,1,Aged 2 years and under,1136
E07000064,Rother,2,Male,2,Aged 3 to 4 years,821
E07000064,Rother,2,Male,3,Aged 5 to 7 years,1275
E07000064,Rother,2,Male,4,Aged 8 to 9 years,942
E07000064,Rother,2,Male,5,Aged 10 to 14 years,2375
E07000064,Rother,2,Male,6,Aged 15 years,454
E07000064,Rother,2,Male,7,Aged 16 to 17 years,991
E07000064,Rother,2,Male,8,Aged 18 to 19 years,796
E07000064,Rother,2,Male,9,Aged 20 to 24 years,1917
E07000064,Rother,2,Male,10,Aged 25 to 29 years,1983
E07000064,Rother,2,Male,11,Aged 30 to 34 years,1917
E07000064,Rother,2,Male,12,Aged 35 to 39 years,1891
E07000064,Rother,2,Male,13,Aged 40 to 44 years,1940
E07000064,Rother,2,Male,14,Aged 45 to 49 years,2347
E07000064,Rother,2,Male,15,Aged 50 to 54 years,3055
E07000064,Rother,2,Male,16,Aged 55 to 59 years,3517
E07000064,Rother,2,Male,17,Aged 60 to 64 years,3334
E07000064,Rother,2,Male,18,Aged 65 years,611
E07000064,Rother,2,Male,19,Aged 66 to 69 years,2609
E07000064,Rother,2,Male,20,Aged 70 to 74 years,3882
E07000064,Rother,2,Male,21,Aged 75 to 79 years,2907
E07000064,Rother,2,Male,22,Aged 80 to 84 years,1862
E07000064,Rother,2,Male,23,Aged 85 years and over,1658
E07000065,Wealden,1,Female,1,Aged 2 years and under,2016
E07000065,Wealden,1,Female,2,Aged 3 to 4 years,1492
E07000065,Wealden,1,Female,3,Aged 5 to 7 years,2439
E07000065,Wealden,1,Female,4,Aged 8 to 9 years,1705
E07000065,Wealden,1,Female,5,Aged 10 to 14 years,4362
E07000065,Wealden,1,Female,6,Aged 15 years,932
E07000065,Wealden,1,Female,7,Aged 16 to 17 years,1752
E07000065,Wealden,1,Female,8,Aged 18 to 19 years,1257
E07000065,Wealden,1,Female,9,Aged 20 to 24 years,3211
E07000065,Wealden,1,Female,10,Aged 25 to 29 years,3747
E07000065,Wealden,1,Female,11,Aged 30 to 34 years,4192
E07000065,Wealden,1,Female,12,Aged 35 to 39 years,4227
E07000065,Wealden,1,Female,13,Aged 40 to 44 years,4437
E07000065,Wealden,1,Female,14,Aged 45 to 49 years,5192
E07000065,Wealden,1,Female,15,Aged 50 to 54 years,6269
E07000065,Wealden,1,Female,16,Aged 55 to 59 years,6661
E07000065,Wealden,1,Female,17,Aged 60 to 64 years,5934
E07000065,Wealden,1,Female,18,Aged 65 years,1077
E07000065,Wealden,1,Female,19,Aged 66 to 69 years,4388
E07000065,Wealden,1,Female,20,Aged 70 to 74 years,6222
E07000065,Wealden,1,Female,21,Aged 75 to 79 years,4711
E07000065,Wealden,1,Female,22,Aged 80 to 84 years,3179
E07000065,Wealden,1,Female,23,Aged 85 years and over,3612
E07000065,Wealden,2,Male,1,Aged 2 years and under,2111
E07000065,Wealden,2,Male,2,Aged 3 to 4 years,1562
E07000065,Wealden,2,Male,3,Aged 5 to 7 years,2553
E07000065,Wealden,2,Male,4,Aged 8 to 9 years,1767
E07000065,Wealden,2,Male,5,Aged 10 to 14 years,4677
E07000065,Wealden,2,Male,6,Aged 15 years,886
E07000065,Wealden,2,Male,7,Aged 16 to 17 years,1802
E07000065,Wealden,2,Male,8,Aged 18 to 19 years,1452
E07000065,Wealden,2,Male,9,Aged 20 to 24 years,3454
E07000065,Wealden,2,Male,10,Aged 25 to 29 years,3637
E07000065,Wealden,2,Male,11,Aged 30 to 34 years,3817
E07000065,Wealden,2,Male,12,Aged 35 to 39 years,3798
E07000065,Wealden,2,Male,13,Aged 40 to 44 years,3985
E07000065,Wealden,2,Male,14,Aged 45 to 49 years,4816
E07000065,Wealden,2,Male,15,Aged 50 to 54 years,5840
E07000065,Wealden,2,Male,16,Aged 55 to 59 years,6073
E07000065,Wealden,2,Male,17,Aged 60 to 64 years,5607
E07000065,Wealden,2,Male,18,Aged 65 years,1009
E07000065,Wealden,2,Male,19,Aged 66 to 69 years,3879
E07000065,Wealden,2,Male,20,Aged 70 to 74 years,5320
E07000065,Wealden,2,Male,21,Aged 75 to 79 years,4203
E07000065,Wealden,2,Male,22,Aged 80 to 84 years,2642
E07000065,Wealden,2,Male,23,Aged 85 years and over,2247
E07000066,Basildon,1,Female,1,Aged 2 years and under,3517
E07000066,Basildon,1,Female,2,Aged 3 to 4 years,2410
E07000066,Basildon,1,Female,3,Aged 5 to 7 years,3649
E07000066,Basildon,1,Female,4,Aged 8 to 9 years,2497
E07000066,Basildon,1,Female,5,Aged 10 to 14 years,5833
E07000066,Basildon,1,Female,6,Aged 15 years,1059
E07000066,Basildon,1,Female,7,Aged 16 to 17 years,2105
E07000066,Basildon,1,Female,8,Aged 18 to 19 years,1751
E07000066,Basildon,1,Female,9,Aged 20 to 24 years,4853
E07000066,Basildon,1,Female,10,Aged 25 to 29 years,6425
E07000066,Basildon,1,Female,11,Aged 30 to 34 years,7342
E07000066,Basildon,1,Female,12,Aged 35 to 39 years,6852
E07000066,Basildon,1,Female,13,Aged 40 to 44 years,6183
E07000066,Basildon,1,Female,14,Aged 45 to 49 years,6018
E07000066,Basildon,1,Female,15,Aged 50 to 54 years,6633
E07000066,Basildon,1,Female,16,Aged 55 to 59 years,6301
E07000066,Basildon,1,Female,17,Aged 60 to 64 years,5278
E07000066,Basildon,1,Female,18,Aged 65 years,882
E07000066,Basildon,1,Female,19,Aged 66 to 69 years,3598
E07000066,Basildon,1,Female,20,Aged 70 to 74 years,4706
E07000066,Basildon,1,Female,21,Aged 75 to 79 years,3382
E07000066,Basildon,1,Female,22,Aged 80 to 84 years,2526
E07000066,Basildon,1,Female,23,Aged 85 years and over,2706
E07000066,Basildon,2,Male,1,Aged 2 years and under,3719
E07000066,Basildon,2,Male,2,Aged 3 to 4 years,2550
E07000066,Basildon,2,Male,3,Aged 5 to 7 years,3777
E07000066,Basildon,2,Male,4,Aged 8 to 9 years,2557
E07000066,Basildon,2,Male,5,Aged 10 to 14 years,6193
E07000066,Basildon,2,Male,6,Aged 15 years,1148
E07000066,Basildon,2,Male,7,Aged 16 to 17 years,2263
E07000066,Basildon,2,Male,8,Aged 18 to 19 years,1870
E07000066,Basildon,2,Male,9,Aged 20 to 24 years,4786
E07000066,Basildon,2,Male,10,Aged 25 to 29 years,5839
E07000066,Basildon,2,Male,11,Aged 30 to 34 years,6649
E07000066,Basildon,2,Male,12,Aged 35 to 39 years,6294
E07000066,Basildon,2,Male,13,Aged 40 to 44 years,5874
E07000066,Basildon,2,Male,14,Aged 45 to 49 years,5884
E07000066,Basildon,2,Male,15,Aged 50 to 54 years,6401
E07000066,Basildon,2,Male,16,Aged 55 to 59 years,5989
E07000066,Basildon,2,Male,17,Aged 60 to 64 years,5178
E07000066,Basildon,2,Male,18,Aged 65 years,843
E07000066,Basildon,2,Male,19,Aged 66 to 69 years,3042
E07000066,Basildon,2,Male,20,Aged 70 to 74 years,4077
E07000066,Basildon,2,Male,21,Aged 75 to 79 years,2772
E07000066,Basildon,2,Male,22,Aged 80 to 84 years,1822
E07000066,Basildon,2,Male,23,Aged 85 years and over,1541
E07000067,Braintree,1,Female,1,Aged 2 years and under,2386
E07000067,Braintree,1,Female,2,Aged 3 to 4 years,1710
E07000067,Braintree,1,Female,3,Aged 5 to 7 years,2501
E07000067,Braintree,1,Female,4,Aged 8 to 9 years,1810
E07000067,Braintree,1,Female,5,Aged 10 to 14 years,4573
E07000067,Braintree,1,Female,6,Aged 15 years,942
E07000067,Braintree,1,Female,7,Aged 16 to 17 years,1785
E07000067,Braintree,1,Female,8,Aged 18 to 19 years,1254
E07000067,Braintree,1,Female,9,Aged 20 to 24 years,3632
E07000067,Braintree,1,Female,10,Aged 25 to 29 years,4669
E07000067,Braintree,1,Female,11,Aged 30 to 34 years,5132
E07000067,Braintree,1,Female,12,Aged 35 to 39 years,4972
E07000067,Braintree,1,Female,13,Aged 40 to 44 years,4865
E07000067,Braintree,1,Female,14,Aged 45 to 49 years,5330
E07000067,Braintree,1,Female,15,Aged 50 to 54 years,6008
E07000067,Braintree,1,Female,16,Aged 55 to 59 years,5684
E07000067,Braintree,1,Female,17,Aged 60 to 64 years,4776
E07000067,Braintree,1,Female,18,Aged 65 years,832
E07000067,Braintree,1,Female,19,Aged 66 to 69 years,3466
E07000067,Braintree,1,Female,20,Aged 70 to 74 years,4767
E07000067,Braintree,1,Female,21,Aged 75 to 79 years,3321
E07000067,Braintree,1,Female,22,Aged 80 to 84 years,2260
E07000067,Braintree,1,Female,23,Aged 85 years and over,2471
E07000067,Braintree,2,Male,1,Aged 2 years and under,2466
E07000067,Braintree,2,Male,2,Aged 3 to 4 years,1891
E07000067,Braintree,2,Male,3,Aged 5 to 7 years,2743
E07000067,Braintree,2,Male,4,Aged 8 to 9 years,1927
E07000067,Braintree,2,Male,5,Aged 10 to 14 years,4805
E07000067,Braintree,2,Male,6,Aged 15 years,945
E07000067,Braintree,2,Male,7,Aged 16 to 17 years,1736
E07000067,Braintree,2,Male,8,Aged 18 to 19 years,1520
E07000067,Braintree,2,Male,9,Aged 20 to 24 years,3903
E07000067,Braintree,2,Male,10,Aged 25 to 29 years,4493
E07000067,Braintree,2,Male,11,Aged 30 to 34 years,4801
E07000067,Braintree,2,Male,12,Aged 35 to 39 years,4679
E07000067,Braintree,2,Male,13,Aged 40 to 44 years,4588
E07000067,Braintree,2,Male,14,Aged 45 to 49 years,5181
E07000067,Braintree,2,Male,15,Aged 50 to 54 years,5852
E07000067,Braintree,2,Male,16,Aged 55 to 59 years,5389
E07000067,Braintree,2,Male,17,Aged 60 to 64 years,4574
E07000067,Braintree,2,Male,18,Aged 65 years,854
E07000067,Braintree,2,Male,19,Aged 66 to 69 years,3233
E07000067,Braintree,2,Male,20,Aged 70 to 74 years,4248
E07000067,Braintree,2,Male,21,Aged 75 to 79 years,3028
E07000067,Braintree,2,Male,22,Aged 80 to 84 years,1886
E07000067,Braintree,2,Male,23,Aged 85 years and over,1381
E07000068,Brentwood,1,Female,1,Aged 2 years and under,1235
E07000068,Brentwood,1,Female,2,Aged 3 to 4 years,825
E07000068,Brentwood,1,Female,3,Aged 5 to 7 years,1306
E07000068,Brentwood,1,Female,4,Aged 8 to 9 years,862
E07000068,Brentwood,1,Female,5,Aged 10 to 14 years,2178
E07000068,Brentwood,1,Female,6,Aged 15 years,435
E07000068,Brentwood,1,Female,7,Aged 16 to 17 years,885
E07000068,Brentwood,1,Female,8,Aged 18 to 19 years,601
E07000068,Brentwood,1,Female,9,Aged 20 to 24 years,1820
E07000068,Brentwood,1,Female,10,Aged 25 to 29 years,2381
E07000068,Brentwood,1,Female,11,Aged 30 to 34 years,2612
E07000068,Brentwood,1,Female,12,Aged 35 to 39 years,2678
E07000068,Brentwood,1,Female,13,Aged 40 to 44 years,2570
E07000068,Brentwood,1,Female,14,Aged 45 to 49 years,2574
E07000068,Brentwood,1,Female,15,Aged 50 to 54 years,2853
E07000068,Brentwood,1,Female,16,Aged 55 to 59 years,2894
E07000068,Brentwood,1,Female,17,Aged 60 to 64 years,2294
E07000068,Brentwood,1,Female,18,Aged 65 years,423
E07000068,Brentwood,1,Female,19,Aged 66 to 69 years,1512
E07000068,Brentwood,1,Female,20,Aged 70 to 74 years,2089
E07000068,Brentwood,1,Female,21,Aged 75 to 79 years,1608
E07000068,Brentwood,1,Female,22,Aged 80 to 84 years,1312
E07000068,Brentwood,1,Female,23,Aged 85 years and over,1642
E07000068,Brentwood,2,Male,1,Aged 2 years and under,1303
E07000068,Brentwood,2,Male,2,Aged 3 to 4 years,917
E07000068,Brentwood,2,Male,3,Aged 5 to 7 years,1429
E07000068,Brentwood,2,Male,4,Aged 8 to 9 years,980
E07000068,Brentwood,2,Male,5,Aged 10 to 14 years,2283
E07000068,Brentwood,2,Male,6,Aged 15 years,427
E07000068,Brentwood,2,Male,7,Aged 16 to 17 years,915
E07000068,Brentwood,2,Male,8,Aged 18 to 19 years,664
E07000068,Brentwood,2,Male,9,Aged 20 to 24 years,1816
E07000068,Brentwood,2,Male,10,Aged 25 to 29 years,2329
E07000068,Brentwood,2,Male,11,Aged 30 to 34 years,2548
E07000068,Brentwood,2,Male,12,Aged 35 to 39 years,2348
E07000068,Brentwood,2,Male,13,Aged 40 to 44 years,2419
E07000068,Brentwood,2,Male,14,Aged 45 to 49 years,2467
E07000068,Brentwood,2,Male,15,Aged 50 to 54 years,2714
E07000068,Brentwood,2,Male,16,Aged 55 to 59 years,2737
E07000068,Brentwood,2,Male,17,Aged 60 to 64 years,2217
E07000068,Brentwood,2,Male,18,Aged 65 years,382
E07000068,Brentwood,2,Male,19,Aged 66 to 69 years,1475
E07000068,Brentwood,2,Male,20,Aged 70 to 74 years,1883
E07000068,Brentwood,2,Male,21,Aged 75 to 79 years,1323
E07000068,Brentwood,2,Male,22,Aged 80 to 84 years,924
E07000068,Brentwood,2,Male,23,Aged 85 years and over,961
E07000069,Castle Point,1,Female,1,Aged 2 years and under,1209
E07000069,Castle Point,1,Female,2,Aged 3 to 4 years,868
E07000069,Castle Point,1,Female,3,Aged 5 to 7 years,1394
E07000069,Castle Point,1,Female,4,Aged 8 to 9 years,949
E07000069,Castle Point,1,Female,5,Aged 10 to 14 years,2532
E07000069,Castle Point,1,Female,6,Aged 15 years,471
E07000069,Castle Point,1,Female,7,Aged 16 to 17 years,965
E07000069,Castle Point,1,Female,8,Aged 18 to 19 years,795
E07000069,Castle Point,1,Female,9,Aged 20 to 24 years,2165
E07000069,Castle Point,1,Female,10,Aged 25 to 29 years,2412
E07000069,Castle Point,1,Female,11,Aged 30 to 34 years,2598
E07000069,Castle Point,1,Female,12,Aged 35 to 39 years,2591
E07000069,Castle Point,1,Female,13,Aged 40 to 44 years,2527
E07000069,Castle Point,1,Female,14,Aged 45 to 49 years,2767
E07000069,Castle Point,1,Female,15,Aged 50 to 54 years,3278
E07000069,Castle Point,1,Female,16,Aged 55 to 59 years,3253
E07000069,Castle Point,1,Female,17,Aged 60 to 64 years,2887
E07000069,Castle Point,1,Female,18,Aged 65 years,524
E07000069,Castle Point,1,Female,19,Aged 66 to 69 years,2290
E07000069,Castle Point,1,Female,20,Aged 70 to 74 years,3487
E07000069,Castle Point,1,Female,21,Aged 75 to 79 years,2627
E07000069,Castle Point,1,Female,22,Aged 80 to 84 years,1881
E07000069,Castle Point,1,Female,23,Aged 85 years and over,1753
E07000069,Castle Point,2,Male,1,Aged 2 years and under,1294
E07000069,Castle Point,2,Male,2,Aged 3 to 4 years,942
E07000069,Castle Point,2,Male,3,Aged 5 to 7 years,1474
E07000069,Castle Point,2,Male,4,Aged 8 to 9 years,1019
E07000069,Castle Point,2,Male,5,Aged 10 to 14 years,2531
E07000069,Castle Point,2,Male,6,Aged 15 years,492
E07000069,Castle Point,2,Male,7,Aged 16 to 17 years,1051
E07000069,Castle Point,2,Male,8,Aged 18 to 19 years,833
E07000069,Castle Point,2,Male,9,Aged 20 to 24 years,2382
E07000069,Castle Point,2,Male,10,Aged 25 to 29 years,2426
E07000069,Castle Point,2,Male,11,Aged 30 to 34 years,2391
E07000069,Castle Point,2,Male,12,Aged 35 to 39 years,2416
E07000069,Castle Point,2,Male,13,Aged 40 to 44 years,2363
E07000069,Castle Point,2,Male,14,Aged 45 to 49 years,2601
E07000069,Castle Point,2,Male,15,Aged 50 to 54 years,3156
E07000069,Castle Point,2,Male,16,Aged 55 to 59 years,3160
E07000069,Castle Point,2,Male,17,Aged 60 to 64 years,2796
E07000069,Castle Point,2,Male,18,Aged 65 years,484
E07000069,Castle Point,2,Male,19,Aged 66 to 69 years,1961
E07000069,Castle Point,2,Male,20,Aged 70 to 74 years,2950
E07000069,Castle Point,2,Male,21,Aged 75 to 79 years,2204
E07000069,Castle Point,2,Male,22,Aged 80 to 84 years,1350
E07000069,Castle Point,2,Male,23,Aged 85 years and over,1087
E07000070,Chelmsford,1,Female,1,Aged 2 years and under,2731
E07000070,Chelmsford,1,Female,2,Aged 3 to 4 years,2127
E07000070,Chelmsford,1,Female,3,Aged 5 to 7 years,3028
E07000070,Chelmsford,1,Female,4,Aged 8 to 9 years,2133
E07000070,Chelmsford,1,Female,5,Aged 10 to 14 years,5360
E07000070,Chelmsford,1,Female,6,Aged 15 years,1025
E07000070,Chelmsford,1,Female,7,Aged 16 to 17 years,2021
E07000070,Chelmsford,1,Female,8,Aged 18 to 19 years,1692
E07000070,Chelmsford,1,Female,9,Aged 20 to 24 years,4503
E07000070,Chelmsford,1,Female,10,Aged 25 to 29 years,5883
E07000070,Chelmsford,1,Female,11,Aged 30 to 34 years,6445
E07000070,Chelmsford,1,Female,12,Aged 35 to 39 years,6328
E07000070,Chelmsford,1,Female,13,Aged 40 to 44 years,6230
E07000070,Chelmsford,1,Female,14,Aged 45 to 49 years,6202
E07000070,Chelmsford,1,Female,15,Aged 50 to 54 years,6525
E07000070,Chelmsford,1,Female,16,Aged 55 to 59 years,6084
E07000070,Chelmsford,1,Female,17,Aged 60 to 64 years,5131
E07000070,Chelmsford,1,Female,18,Aged 65 years,978
E07000070,Chelmsford,1,Female,19,Aged 66 to 69 years,3531
E07000070,Chelmsford,1,Female,20,Aged 70 to 74 years,5165
E07000070,Chelmsford,1,Female,21,Aged 75 to 79 years,3703
E07000070,Chelmsford,1,Female,22,Aged 80 to 84 years,2729
E07000070,Chelmsford,1,Female,23,Aged 85 years and over,2932
E07000070,Chelmsford,2,Male,1,Aged 2 years and under,2908
E07000070,Chelmsford,2,Male,2,Aged 3 to 4 years,2115
E07000070,Chelmsford,2,Male,3,Aged 5 to 7 years,3361
E07000070,Chelmsford,2,Male,4,Aged 8 to 9 years,2270
E07000070,Chelmsford,2,Male,5,Aged 10 to 14 years,5593
E07000070,Chelmsford,2,Male,6,Aged 15 years,1134
E07000070,Chelmsford,2,Male,7,Aged 16 to 17 years,2145
E07000070,Chelmsford,2,Male,8,Aged 18 to 19 years,1753
E07000070,Chelmsford,2,Male,9,Aged 20 to 24 years,4604
E07000070,Chelmsford,2,Male,10,Aged 25 to 29 years,5630
E07000070,Chelmsford,2,Male,11,Aged 30 to 34 years,5881
E07000070,Chelmsford,2,Male,12,Aged 35 to 39 years,5966
E07000070,Chelmsford,2,Male,13,Aged 40 to 44 years,5917
E07000070,Chelmsford,2,Male,14,Aged 45 to 49 years,6247
E07000070,Chelmsford,2,Male,15,Aged 50 to 54 years,6371
E07000070,Chelmsford,2,Male,16,Aged 55 to 59 years,5984
E07000070,Chelmsford,2,Male,17,Aged 60 to 64 years,5039
E07000070,Chelmsford,2,Male,18,Aged 65 years,933
E07000070,Chelmsford,2,Male,19,Aged 66 to 69 years,3337
E07000070,Chelmsford,2,Male,20,Aged 70 to 74 years,4490
E07000070,Chelmsford,2,Male,21,Aged 75 to 79 years,3300
E07000070,Chelmsford,2,Male,22,Aged 80 to 84 years,2156
E07000070,Chelmsford,2,Male,23,Aged 85 years and over,1900
E07000071,Colchester,1,Female,1,Aged 2 years and under,3075
E07000071,Colchester,1,Female,2,Aged 3 to 4 years,2194
E07000071,Colchester,1,Female,3,Aged 5 to 7 years,3427
E07000071,Colchester,1,Female,4,Aged 8 to 9 years,2347
E07000071,Colchester,1,Female,5,Aged 10 to 14 years,5672
E07000071,Colchester,1,Female,6,Aged 15 years,1037
E07000071,Colchester,1,Female,7,Aged 16 to 17 years,2032
E07000071,Colchester,1,Female,8,Aged 18 to 19 years,2503
E07000071,Colchester,1,Female,9,Aged 20 to 24 years,6806
E07000071,Colchester,1,Female,10,Aged 25 to 29 years,6401
E07000071,Colchester,1,Female,11,Aged 30 to 34 years,7010
E07000071,Colchester,1,Female,12,Aged 35 to 39 years,6712
E07000071,Colchester,1,Female,13,Aged 40 to 44 years,6418
E07000071,Colchester,1,Female,14,Aged 45 to 49 years,6193
E07000071,Colchester,1,Female,15,Aged 50 to 54 years,6628
E07000071,Colchester,1,Female,16,Aged 55 to 59 years,6125
E07000071,Colchester,1,Female,17,Aged 60 to 64 years,5143
E07000071,Colchester,1,Female,18,Aged 65 years,883
E07000071,Colchester,1,Female,19,Aged 66 to 69 years,3608
E07000071,Colchester,1,Female,20,Aged 70 to 74 years,5173
E07000071,Colchester,1,Female,21,Aged 75 to 79 years,3708
E07000071,Colchester,1,Female,22,Aged 80 to 84 years,2554
E07000071,Colchester,1,Female,23,Aged 85 years and over,2800
E07000071,Colchester,2,Male,1,Aged 2 years and under,3235
E07000071,Colchester,2,Male,2,Aged 3 to 4 years,2327
E07000071,Colchester,2,Male,3,Aged 5 to 7 years,3587
E07000071,Colchester,2,Male,4,Aged 8 to 9 years,2432
E07000071,Colchester,2,Male,5,Aged 10 to 14 years,5941
E07000071,Colchester,2,Male,6,Aged 15 years,1100
E07000071,Colchester,2,Male,7,Aged 16 to 17 years,2150
E07000071,Colchester,2,Male,8,Aged 18 to 19 years,2439
E07000071,Colchester,2,Male,9,Aged 20 to 24 years,7071
E07000071,Colchester,2,Male,10,Aged 25 to 29 years,6170
E07000071,Colchester,2,Male,11,Aged 30 to 34 years,6502
E07000071,Colchester,2,Male,12,Aged 35 to 39 years,6194
E07000071,Colchester,2,Male,13,Aged 40 to 44 years,6160
E07000071,Colchester,2,Male,14,Aged 45 to 49 years,6223
E07000071,Colchester,2,Male,15,Aged 50 to 54 years,6402
E07000071,Colchester,2,Male,16,Aged 55 to 59 years,5869
E07000071,Colchester,2,Male,17,Aged 60 to 64 years,4879
E07000071,Colchester,2,Male,18,Aged 65 years,828
E07000071,Colchester,2,Male,19,Aged 66 to 69 years,3272
E07000071,Colchester,2,Male,20,Aged 70 to 74 years,4531
E07000071,Colchester,2,Male,21,Aged 75 to 79 years,3224
E07000071,Colchester,2,Male,22,Aged 80 to 84 years,2013
E07000071,Colchester,2,Male,23,Aged 85 years and over,1719
E07000072,Epping Forest,1,Female,1,Aged 2 years and under,2256
E07000072,Epping Forest,1,Female,2,Aged 3 to 4 years,1560
E07000072,Epping Forest,1,Female,3,Aged 5 to 7 years,2291
E07000072,Epping Forest,1,Female,4,Aged 8 to 9 years,1536
E07000072,Epping Forest,1,Female,5,Aged 10 to 14 years,3803
E07000072,Epping Forest,1,Female,6,Aged 15 years,738
E07000072,Epping Forest,1,Female,7,Aged 16 to 17 years,1497
E07000072,Epping Forest,1,Female,8,Aged 18 to 19 years,1122
E07000072,Epping Forest,1,Female,9,Aged 20 to 24 years,3285
E07000072,Epping Forest,1,Female,10,Aged 25 to 29 years,3871
E07000072,Epping Forest,1,Female,11,Aged 30 to 34 years,4667
E07000072,Epping Forest,1,Female,12,Aged 35 to 39 years,4763
E07000072,Epping Forest,1,Female,13,Aged 40 to 44 years,4676
E07000072,Epping Forest,1,Female,14,Aged 45 to 49 years,4567
E07000072,Epping Forest,1,Female,15,Aged 50 to 54 years,5208
E07000072,Epping Forest,1,Female,16,Aged 55 to 59 years,5114
E07000072,Epping Forest,1,Female,17,Aged 60 to 64 years,4081
E07000072,Epping Forest,1,Female,18,Aged 65 years,716
E07000072,Epping Forest,1,Female,19,Aged 66 to 69 years,2828
E07000072,Epping Forest,1,Female,20,Aged 70 to 74 years,3642
E07000072,Epping Forest,1,Female,21,Aged 75 to 79 years,2773
E07000072,Epping Forest,1,Female,22,Aged 80 to 84 years,2025
E07000072,Epping Forest,1,Female,23,Aged 85 years and over,2372
E07000072,Epping Forest,2,Male,1,Aged 2 years and under,2535
E07000072,Epping Forest,2,Male,2,Aged 3 to 4 years,1570
E07000072,Epping Forest,2,Male,3,Aged 5 to 7 years,2248
E07000072,Epping Forest,2,Male,4,Aged 8 to 9 years,1612
E07000072,Epping Forest,2,Male,5,Aged 10 to 14 years,4099
E07000072,Epping Forest,2,Male,6,Aged 15 years,800
E07000072,Epping Forest,2,Male,7,Aged 16 to 17 years,1567
E07000072,Epping Forest,2,Male,8,Aged 18 to 19 years,1309
E07000072,Epping Forest,2,Male,9,Aged 20 to 24 years,3558
E07000072,Epping Forest,2,Male,10,Aged 25 to 29 years,3705
E07000072,Epping Forest,2,Male,11,Aged 30 to 34 years,4191
E07000072,Epping Forest,2,Male,12,Aged 35 to 39 years,4233
E07000072,Epping Forest,2,Male,13,Aged 40 to 44 years,4413
E07000072,Epping Forest,2,Male,14,Aged 45 to 49 years,4335
E07000072,Epping Forest,2,Male,15,Aged 50 to 54 years,4757
E07000072,Epping Forest,2,Male,16,Aged 55 to 59 years,4730
E07000072,Epping Forest,2,Male,17,Aged 60 to 64 years,4020
E07000072,Epping Forest,2,Male,18,Aged 65 years,688
E07000072,Epping Forest,2,Male,19,Aged 66 to 69 years,2504
E07000072,Epping Forest,2,Male,20,Aged 70 to 74 years,3349
E07000072,Epping Forest,2,Male,21,Aged 75 to 79 years,2398
E07000072,Epping Forest,2,Male,22,Aged 80 to 84 years,1577
E07000072,Epping Forest,2,Male,23,Aged 85 years and over,1394
E07000073,Harlow,1,Female,1,Aged 2 years and under,1782
E07000073,Harlow,1,Female,2,Aged 3 to 4 years,1276
E07000073,Harlow,1,Female,3,Aged 5 to 7 years,1912
E07000073,Harlow,1,Female,4,Aged 8 to 9 years,1280
E07000073,Harlow,1,Female,5,Aged 10 to 14 years,3077
E07000073,Harlow,1,Female,6,Aged 15 years,511
E07000073,Harlow,1,Female,7,Aged 16 to 17 years,1029
E07000073,Harlow,1,Female,8,Aged 18 to 19 years,877
E07000073,Harlow,1,Female,9,Aged 20 to 24 years,2416
E07000073,Harlow,1,Female,10,Aged 25 to 29 years,3437
E07000073,Harlow,1,Female,11,Aged 30 to 34 years,4138
E07000073,Harlow,1,Female,12,Aged 35 to 39 years,3862
E07000073,Harlow,1,Female,13,Aged 40 to 44 years,3288
E07000073,Harlow,1,Female,14,Aged 45 to 49 years,2867
E07000073,Harlow,1,Female,15,Aged 50 to 54 years,3098
E07000073,Harlow,1,Female,16,Aged 55 to 59 years,2909
E07000073,Harlow,1,Female,17,Aged 60 to 64 years,2548
E07000073,Harlow,1,Female,18,Aged 65 years,444
E07000073,Harlow,1,Female,19,Aged 66 to 69 years,1609
E07000073,Harlow,1,Female,20,Aged 70 to 74 years,1822
E07000073,Harlow,1,Female,21,Aged 75 to 79 years,1395
E07000073,Harlow,1,Female,22,Aged 80 to 84 years,1064
E07000073,Harlow,1,Female,23,Aged 85 years and over,1278
E07000073,Harlow,2,Male,1,Aged 2 years and under,1880
E07000073,Harlow,2,Male,2,Aged 3 to 4 years,1313
E07000073,Harlow,2,Male,3,Aged 5 to 7 years,2006
E07000073,Harlow,2,Male,4,Aged 8 to 9 years,1366
E07000073,Harlow,2,Male,5,Aged 10 to 14 years,3261
E07000073,Harlow,2,Male,6,Aged 15 years,562
E07000073,Harlow,2,Male,7,Aged 16 to 17 years,1130
E07000073,Harlow,2,Male,8,Aged 18 to 19 years,951
E07000073,Harlow,2,Male,9,Aged 20 to 24 years,2480
E07000073,Harlow,2,Male,10,Aged 25 to 29 years,3000
E07000073,Harlow,2,Male,11,Aged 30 to 34 years,3604
E07000073,Harlow,2,Male,12,Aged 35 to 39 years,3585
E07000073,Harlow,2,Male,13,Aged 40 to 44 years,3214
E07000073,Harlow,2,Male,14,Aged 45 to 49 years,2760
E07000073,Harlow,2,Male,15,Aged 50 to 54 years,2932
E07000073,Harlow,2,Male,16,Aged 55 to 59 years,2935
E07000073,Harlow,2,Male,17,Aged 60 to 64 years,2427
E07000073,Harlow,2,Male,18,Aged 65 years,462
E07000073,Harlow,2,Male,19,Aged 66 to 69 years,1511
E07000073,Harlow,2,Male,20,Aged 70 to 74 years,1584
E07000073,Harlow,2,Male,21,Aged 75 to 79 years,1044
E07000073,Harlow,2,Male,22,Aged 80 to 84 years,736
E07000073,Harlow,2,Male,23,Aged 85 years and over,665
E07000074,Maldon,1,Female,1,Aged 2 years and under,890
E07000074,Maldon,1,Female,2,Aged 3 to 4 years,618
E07000074,Maldon,1,Female,3,Aged 5 to 7 years,969
E07000074,Maldon,1,Female,4,Aged 8 to 9 years,685
E07000074,Maldon,1,Female,5,Aged 10 to 14 years,1771
E07000074,Maldon,1,Female,6,Aged 15 years,315
E07000074,Maldon,1,Female,7,Aged 16 to 17 years,696
E07000074,Maldon,1,Female,8,Aged 18 to 19 years,588
E07000074,Maldon,1,Female,9,Aged 20 to 24 years,1501
E07000074,Maldon,1,Female,10,Aged 25 to 29 years,1689
E07000074,Maldon,1,Female,11,Aged 30 to 34 years,1767
E07000074,Maldon,1,Female,12,Aged 35 to 39 years,1728
E07000074,Maldon,1,Female,13,Aged 40 to 44 years,1806
E07000074,Maldon,1,Female,14,Aged 45 to 49 years,2216
E07000074,Maldon,1,Female,15,Aged 50 to 54 years,2773
E07000074,Maldon,1,Female,16,Aged 55 to 59 years,2624
E07000074,Maldon,1,Female,17,Aged 60 to 64 years,2407
E07000074,Maldon,1,Female,18,Aged 65 years,447
E07000074,Maldon,1,Female,19,Aged 66 to 69 years,1668
E07000074,Maldon,1,Female,20,Aged 70 to 74 years,2429
E07000074,Maldon,1,Female,21,Aged 75 to 79 years,1778
E07000074,Maldon,1,Female,22,Aged 80 to 84 years,1218
E07000074,Maldon,1,Female,23,Aged 85 years and over,1232
E07000074,Maldon,2,Male,1,Aged 2 years and under,852
E07000074,Maldon,2,Male,2,Aged 3 to 4 years,682
E07000074,Maldon,2,Male,3,Aged 5 to 7 years,1047
E07000074,Maldon,2,Male,4,Aged 8 to 9 years,717
E07000074,Maldon,2,Male,5,Aged 10 to 14 years,1859
E07000074,Maldon,2,Male,6,Aged 15 years,373
E07000074,Maldon,2,Male,7,Aged 16 to 17 years,764
E07000074,Maldon,2,Male,8,Aged 18 to 19 years,640
E07000074,Maldon,2,Male,9,Aged 20 to 24 years,1628
E07000074,Maldon,2,Male,10,Aged 25 to 29 years,1667
E07000074,Maldon,2,Male,11,Aged 30 to 34 years,1617
E07000074,Maldon,2,Male,12,Aged 35 to 39 years,1649
E07000074,Maldon,2,Male,13,Aged 40 to 44 years,1638
E07000074,Maldon,2,Male,14,Aged 45 to 49 years,1968
E07000074,Maldon,2,Male,15,Aged 50 to 54 years,2522
E07000074,Maldon,2,Male,16,Aged 55 to 59 years,2597
E07000074,Maldon,2,Male,17,Aged 60 to 64 years,2394
E07000074,Maldon,2,Male,18,Aged 65 years,437
E07000074,Maldon,2,Male,19,Aged 66 to 69 years,1629
E07000074,Maldon,2,Male,20,Aged 70 to 74 years,2255
E07000074,Maldon,2,Male,21,Aged 75 to 79 years,1640
E07000074,Maldon,2,Male,22,Aged 80 to 84 years,1028
E07000074,Maldon,2,Male,23,Aged 85 years and over,792
E07000075,Rochford,1,Female,1,Aged 2 years and under,1290
E07000075,Rochford,1,Female,2,Aged 3 to 4 years,857
E07000075,Rochford,1,Female,3,Aged 5 to 7 years,1354
E07000075,Rochford,1,Female,4,Aged 8 to 9 years,888
E07000075,Rochford,1,Female,5,Aged 10 to 14 years,2478
E07000075,Rochford,1,Female,6,Aged 15 years,462
E07000075,Rochford,1,Female,7,Aged 16 to 17 years,965
E07000075,Rochford,1,Female,8,Aged 18 to 19 years,730
E07000075,Rochford,1,Female,9,Aged 20 to 24 years,1999
E07000075,Rochford,1,Female,10,Aged 25 to 29 years,2266
E07000075,Rochford,1,Female,11,Aged 30 to 34 years,2447
E07000075,Rochford,1,Female,12,Aged 35 to 39 years,2512
E07000075,Rochford,1,Female,13,Aged 40 to 44 years,2632
E07000075,Rochford,1,Female,14,Aged 45 to 49 years,2865
E07000075,Rochford,1,Female,15,Aged 50 to 54 years,3405
E07000075,Rochford,1,Female,16,Aged 55 to 59 years,3237
E07000075,Rochford,1,Female,17,Aged 60 to 64 years,2768
E07000075,Rochford,1,Female,18,Aged 65 years,507
E07000075,Rochford,1,Female,19,Aged 66 to 69 years,1982
E07000075,Rochford,1,Female,20,Aged 70 to 74 years,2961
E07000075,Rochford,1,Female,21,Aged 75 to 79 years,2260
E07000075,Rochford,1,Female,22,Aged 80 to 84 years,1567
E07000075,Rochford,1,Female,23,Aged 85 years and over,1724
E07000075,Rochford,2,Male,1,Aged 2 years and under,1170
E07000075,Rochford,2,Male,2,Aged 3 to 4 years,941
E07000075,Rochford,2,Male,3,Aged 5 to 7 years,1350
E07000075,Rochford,2,Male,4,Aged 8 to 9 years,1022
E07000075,Rochford,2,Male,5,Aged 10 to 14 years,2664
E07000075,Rochford,2,Male,6,Aged 15 years,474
E07000075,Rochford,2,Male,7,Aged 16 to 17 years,1015
E07000075,Rochford,2,Male,8,Aged 18 to 19 years,806
E07000075,Rochford,2,Male,9,Aged 20 to 24 years,2198
E07000075,Rochford,2,Male,10,Aged 25 to 29 years,2207
E07000075,Rochford,2,Male,11,Aged 30 to 34 years,2221
E07000075,Rochford,2,Male,12,Aged 35 to 39 years,2375
E07000075,Rochford,2,Male,13,Aged 40 to 44 years,2397
E07000075,Rochford,2,Male,14,Aged 45 to 49 years,2707
E07000075,Rochford,2,Male,15,Aged 50 to 54 years,3153
E07000075,Rochford,2,Male,16,Aged 55 to 59 years,3107
E07000075,Rochford,2,Male,17,Aged 60 to 64 years,2699
E07000075,Rochford,2,Male,18,Aged 65 years,468
E07000075,Rochford,2,Male,19,Aged 66 to 69 years,1793
E07000075,Rochford,2,Male,20,Aged 70 to 74 years,2582
E07000075,Rochford,2,Male,21,Aged 75 to 79 years,1852
E07000075,Rochford,2,Male,22,Aged 80 to 84 years,1269
E07000075,Rochford,2,Male,23,Aged 85 years and over,1034
E07000076,Tendring,1,Female,1,Aged 2 years and under,1881
E07000076,Tendring,1,Female,2,Aged 3 to 4 years,1377
E07000076,Tendring,1,Female,3,Aged 5 to 7 years,2108
E07000076,Tendring,1,Female,4,Aged 8 to 9 years,1563
E07000076,Tendring,1,Female,5,Aged 10 to 14 years,3844
E07000076,Tendring,1,Female,6,Aged 15 years,697
E07000076,Tendring,1,Female,7,Aged 16 to 17 years,1405
E07000076,Tendring,1,Female,8,Aged 18 to 19 years,1180
E07000076,Tendring,1,Female,9,Aged 20 to 24 years,3304
E07000076,Tendring,1,Female,10,Aged 25 to 29 years,3737
E07000076,Tendring,1,Female,11,Aged 30 to 34 years,3902
E07000076,Tendring,1,Female,12,Aged 35 to 39 years,3592
E07000076,Tendring,1,Female,13,Aged 40 to 44 years,3682
E07000076,Tendring,1,Female,14,Aged 45 to 49 years,4249
E07000076,Tendring,1,Female,15,Aged 50 to 54 years,5170
E07000076,Tendring,1,Female,16,Aged 55 to 59 years,5803
E07000076,Tendring,1,Female,17,Aged 60 to 64 years,5533
E07000076,Tendring,1,Female,18,Aged 65 years,1053
E07000076,Tendring,1,Female,19,Aged 66 to 69 years,4359
E07000076,Tendring,1,Female,20,Aged 70 to 74 years,6408
E07000076,Tendring,1,Female,21,Aged 75 to 79 years,4893
E07000076,Tendring,1,Female,22,Aged 80 to 84 years,3361
E07000076,Tendring,1,Female,23,Aged 85 years and over,3716
E07000076,Tendring,2,Male,1,Aged 2 years and under,1985
E07000076,Tendring,2,Male,2,Aged 3 to 4 years,1447
E07000076,Tendring,2,Male,3,Aged 5 to 7 years,2281
E07000076,Tendring,2,Male,4,Aged 8 to 9 years,1575
E07000076,Tendring,2,Male,5,Aged 10 to 14 years,3917
E07000076,Tendring,2,Male,6,Aged 15 years,726
E07000076,Tendring,2,Male,7,Aged 16 to 17 years,1556
E07000076,Tendring,2,Male,8,Aged 18 to 19 years,1320
E07000076,Tendring,2,Male,9,Aged 20 to 24 years,3463
E07000076,Tendring,2,Male,10,Aged 25 to 29 years,3499
E07000076,Tendring,2,Male,11,Aged 30 to 34 years,3658
E07000076,Tendring,2,Male,12,Aged 35 to 39 years,3309
E07000076,Tendring,2,Male,13,Aged 40 to 44 years,3291
E07000076,Tendring,2,Male,14,Aged 45 to 49 years,3898
E07000076,Tendring,2,Male,15,Aged 50 to 54 years,4935
E07000076,Tendring,2,Male,16,Aged 55 to 59 years,5304
E07000076,Tendring,2,Male,17,Aged 60 to 64 years,5229
E07000076,Tendring,2,Male,18,Aged 65 years,933
E07000076,Tendring,2,Male,19,Aged 66 to 69 years,3973
E07000076,Tendring,2,Male,20,Aged 70 to 74 years,5671
E07000076,Tendring,2,Male,21,Aged 75 to 79 years,4337
E07000076,Tendring,2,Male,22,Aged 80 to 84 years,2878
E07000076,Tendring,2,Male,23,Aged 85 years and over,2289
E07000077,Uttlesford,1,Female,1,Aged 2 years and under,1360
E07000077,Uttlesford,1,Female,2,Aged 3 to 4 years,1062
E07000077,Uttlesford,1,Female,3,Aged 5 to 7 years,1682
E07000077,Uttlesford,1,Female,4,Aged 8 to 9 years,1142
E07000077,Uttlesford,1,Female,5,Aged 10 to 14 years,2856
E07000077,Uttlesford,1,Female,6,Aged 15 years,572
E07000077,Uttlesford,1,Female,7,Aged 16 to 17 years,1142
E07000077,Uttlesford,1,Female,8,Aged 18 to 19 years,730
E07000077,Uttlesford,1,Female,9,Aged 20 to 24 years,1884
E07000077,Uttlesford,1,Female,10,Aged 25 to 29 years,2224
E07000077,Uttlesford,1,Female,11,Aged 30 to 34 years,2781
E07000077,Uttlesford,1,Female,12,Aged 35 to 39 years,3010
E07000077,Uttlesford,1,Female,13,Aged 40 to 44 years,3074
E07000077,Uttlesford,1,Female,14,Aged 45 to 49 years,3257
E07000077,Uttlesford,1,Female,15,Aged 50 to 54 years,3621
E07000077,Uttlesford,1,Female,16,Aged 55 to 59 years,3521
E07000077,Uttlesford,1,Female,17,Aged 60 to 64 years,2936
E07000077,Uttlesford,1,Female,18,Aged 65 years,512
E07000077,Uttlesford,1,Female,19,Aged 66 to 69 years,1929
E07000077,Uttlesford,1,Female,20,Aged 70 to 74 years,2575
E07000077,Uttlesford,1,Female,21,Aged 75 to 79 years,1898
E07000077,Uttlesford,1,Female,22,Aged 80 to 84 years,1303
E07000077,Uttlesford,1,Female,23,Aged 85 years and over,1626
E07000077,Uttlesford,2,Male,1,Aged 2 years and under,1516
E07000077,Uttlesford,2,Male,2,Aged 3 to 4 years,1088
E07000077,Uttlesford,2,Male,3,Aged 5 to 7 years,1696
E07000077,Uttlesford,2,Male,4,Aged 8 to 9 years,1195
E07000077,Uttlesford,2,Male,5,Aged 10 to 14 years,3058
E07000077,Uttlesford,2,Male,6,Aged 15 years,593
E07000077,Uttlesford,2,Male,7,Aged 16 to 17 years,1123
E07000077,Uttlesford,2,Male,8,Aged 18 to 19 years,840
E07000077,Uttlesford,2,Male,9,Aged 20 to 24 years,2030
E07000077,Uttlesford,2,Male,10,Aged 25 to 29 years,2172
E07000077,Uttlesford,2,Male,11,Aged 30 to 34 years,2379
E07000077,Uttlesford,2,Male,12,Aged 35 to 39 years,2737
E07000077,Uttlesford,2,Male,13,Aged 40 to 44 years,2910
E07000077,Uttlesford,2,Male,14,Aged 45 to 49 years,3051
E07000077,Uttlesford,2,Male,15,Aged 50 to 54 years,3452
E07000077,Uttlesford,2,Male,16,Aged 55 to 59 years,3310
E07000077,Uttlesford,2,Male,17,Aged 60 to 64 years,2910
E07000077,Uttlesford,2,Male,18,Aged 65 years,510
E07000077,Uttlesford,2,Male,19,Aged 66 to 69 years,1870
E07000077,Uttlesford,2,Male,20,Aged 70 to 74 years,2409
E07000077,Uttlesford,2,Male,21,Aged 75 to 79 years,1778
E07000077,Uttlesford,2,Male,22,Aged 80 to 84 years,1081
E07000077,Uttlesford,2,Male,23,Aged 85 years and over,938
E07000078,Cheltenham,1,Female,1,Aged 2 years and under,1678
E07000078,Cheltenham,1,Female,2,Aged 3 to 4 years,1177
E07000078,Cheltenham,1,Female,3,Aged 5 to 7 years,1833
E07000078,Cheltenham,1,Female,4,Aged 8 to 9 years,1282
E07000078,Cheltenham,1,Female,5,Aged 10 to 14 years,3517
E07000078,Cheltenham,1,Female,6,Aged 15 years,651
E07000078,Cheltenham,1,Female,7,Aged 16 to 17 years,1365
E07000078,Cheltenham,1,Female,8,Aged 18 to 19 years,1436
E07000078,Cheltenham,1,Female,9,Aged 20 to 24 years,3955
E07000078,Cheltenham,1,Female,10,Aged 25 to 29 years,3908
E07000078,Cheltenham,1,Female,11,Aged 30 to 34 years,4206
E07000078,Cheltenham,1,Female,12,Aged 35 to 39 years,4131
E07000078,Cheltenham,1,Female,13,Aged 40 to 44 years,3798
E07000078,Cheltenham,1,Female,14,Aged 45 to 49 years,3808
E07000078,Cheltenham,1,Female,15,Aged 50 to 54 years,3982
E07000078,Cheltenham,1,Female,16,Aged 55 to 59 years,4072
E07000078,Cheltenham,1,Female,17,Aged 60 to 64 years,3251
E07000078,Cheltenham,1,Female,18,Aged 65 years,595
E07000078,Cheltenham,1,Female,19,Aged 66 to 69 years,2366
E07000078,Cheltenham,1,Female,20,Aged 70 to 74 years,3056
E07000078,Cheltenham,1,Female,21,Aged 75 to 79 years,2438
E07000078,Cheltenham,1,Female,22,Aged 80 to 84 years,1846
E07000078,Cheltenham,1,Female,23,Aged 85 years and over,2400
E07000078,Cheltenham,2,Male,1,Aged 2 years and under,1718
E07000078,Cheltenham,2,Male,2,Aged 3 to 4 years,1284
E07000078,Cheltenham,2,Male,3,Aged 5 to 7 years,1968
E07000078,Cheltenham,2,Male,4,Aged 8 to 9 years,1295
E07000078,Cheltenham,2,Male,5,Aged 10 to 14 years,3385
E07000078,Cheltenham,2,Male,6,Aged 15 years,613
E07000078,Cheltenham,2,Male,7,Aged 16 to 17 years,1267
E07000078,Cheltenham,2,Male,8,Aged 18 to 19 years,1361
E07000078,Cheltenham,2,Male,9,Aged 20 to 24 years,3942
E07000078,Cheltenham,2,Male,10,Aged 25 to 29 years,4227
E07000078,Cheltenham,2,Male,11,Aged 30 to 34 years,4104
E07000078,Cheltenham,2,Male,12,Aged 35 to 39 years,4074
E07000078,Cheltenham,2,Male,13,Aged 40 to 44 years,3784
E07000078,Cheltenham,2,Male,14,Aged 45 to 49 years,3619
E07000078,Cheltenham,2,Male,15,Aged 50 to 54 years,3914
E07000078,Cheltenham,2,Male,16,Aged 55 to 59 years,3958
E07000078,Cheltenham,2,Male,17,Aged 60 to 64 years,3390
E07000078,Cheltenham,2,Male,18,Aged 65 years,550
E07000078,Cheltenham,2,Male,19,Aged 66 to 69 years,2113
E07000078,Cheltenham,2,Male,20,Aged 70 to 74 years,2768
E07000078,Cheltenham,2,Male,21,Aged 75 to 79 years,1989
E07000078,Cheltenham,2,Male,22,Aged 80 to 84 years,1491
E07000078,Cheltenham,2,Male,23,Aged 85 years and over,1271
E07000079,Cotswold,1,Female,1,Aged 2 years and under,1112
E07000079,Cotswold,1,Female,2,Aged 3 to 4 years,827
E07000079,Cotswold,1,Female,3,Aged 5 to 7 years,1340
E07000079,Cotswold,1,Female,4,Aged 8 to 9 years,960
E07000079,Cotswold,1,Female,5,Aged 10 to 14 years,2462
E07000079,Cotswold,1,Female,6,Aged 15 years,474
E07000079,Cotswold,1,Female,7,Aged 16 to 17 years,949
E07000079,Cotswold,1,Female,8,Aged 18 to 19 years,784
E07000079,Cotswold,1,Female,9,Aged 20 to 24 years,1904
E07000079,Cotswold,1,Female,10,Aged 25 to 29 years,2041
E07000079,Cotswold,1,Female,11,Aged 30 to 34 years,2399
E07000079,Cotswold,1,Female,12,Aged 35 to 39 years,2524
E07000079,Cotswold,1,Female,13,Aged 40 to 44 years,2664
E07000079,Cotswold,1,Female,14,Aged 45 to 49 years,3092
E07000079,Cotswold,1,Female,15,Aged 50 to 54 years,3622
E07000079,Cotswold,1,Female,16,Aged 55 to 59 years,3846
E07000079,Cotswold,1,Female,17,Aged 60 to 64 years,3361
E07000079,Cotswold,1,Female,18,Aged 65 years,580
E07000079,Cotswold,1,Female,19,Aged 66 to 69 years,2518
E07000079,Cotswold,1,Female,20,Aged 70 to 74 years,3271
E07000079,Cotswold,1,Female,21,Aged 75 to 79 years,2559
E07000079,Cotswold,1,Female,22,Aged 80 to 84 years,1774
E07000079,Cotswold,1,Female,23,Aged 85 years and over,1997
E07000079,Cotswold,2,Male,1,Aged 2 years and under,1207
E07000079,Cotswold,2,Male,2,Aged 3 to 4 years,869
E07000079,Cotswold,2,Male,3,Aged 5 to 7 years,1351
E07000079,Cotswold,2,Male,4,Aged 8 to 9 years,964
E07000079,Cotswold,2,Male,5,Aged 10 to 14 years,2504
E07000079,Cotswold,2,Male,6,Aged 15 years,447
E07000079,Cotswold,2,Male,7,Aged 16 to 17 years,919
E07000079,Cotswold,2,Male,8,Aged 18 to 19 years,811
E07000079,Cotswold,2,Male,9,Aged 20 to 24 years,2060
E07000079,Cotswold,2,Male,10,Aged 25 to 29 years,1969
E07000079,Cotswold,2,Male,11,Aged 30 to 34 years,2167
E07000079,Cotswold,2,Male,12,Aged 35 to 39 years,2352
E07000079,Cotswold,2,Male,13,Aged 40 to 44 years,2430
E07000079,Cotswold,2,Male,14,Aged 45 to 49 years,2810
E07000079,Cotswold,2,Male,15,Aged 50 to 54 years,3250
E07000079,Cotswold,2,Male,16,Aged 55 to 59 years,3567
E07000079,Cotswold,2,Male,17,Aged 60 to 64 years,3128
E07000079,Cotswold,2,Male,18,Aged 65 years,589
E07000079,Cotswold,2,Male,19,Aged 66 to 69 years,2321
E07000079,Cotswold,2,Male,20,Aged 70 to 74 years,3041
E07000079,Cotswold,2,Male,21,Aged 75 to 79 years,2268
E07000079,Cotswold,2,Male,22,Aged 80 to 84 years,1482
E07000079,Cotswold,2,Male,23,Aged 85 years and over,1265
E07000080,Forest of Dean,1,Female,1,Aged 2 years and under,1130
E07000080,Forest of Dean,1,Female,2,Aged 3 to 4 years,794
E07000080,Forest of Dean,1,Female,3,Aged 5 to 7 years,1318
E07000080,Forest of Dean,1,Female,4,Aged 8 to 9 years,901
E07000080,Forest of Dean,1,Female,5,Aged 10 to 14 years,2338
E07000080,Forest of Dean,1,Female,6,Aged 15 years,428
E07000080,Forest of Dean,1,Female,7,Aged 16 to 17 years,1208
E07000080,Forest of Dean,1,Female,8,Aged 18 to 19 years,930
E07000080,Forest of Dean,1,Female,9,Aged 20 to 24 years,1901
E07000080,Forest of Dean,1,Female,10,Aged 25 to 29 years,2189
E07000080,Forest of Dean,1,Female,11,Aged 30 to 34 years,2423
E07000080,Forest of Dean,1,Female,12,Aged 35 to 39 years,2364
E07000080,Forest of Dean,1,Female,13,Aged 40 to 44 years,2260
E07000080,Forest of Dean,1,Female,14,Aged 45 to 49 years,2684
E07000080,Forest of Dean,1,Female,15,Aged 50 to 54 years,3374
E07000080,Forest of Dean,1,Female,16,Aged 55 to 59 years,3500
E07000080,Forest of Dean,1,Female,17,Aged 60 to 64 years,3180
E07000080,Forest of Dean,1,Female,18,Aged 65 years,596
E07000080,Forest of Dean,1,Female,19,Aged 66 to 69 years,2366
E07000080,Forest of Dean,1,Female,20,Aged 70 to 74 years,3093
E07000080,Forest of Dean,1,Female,21,Aged 75 to 79 years,2290
E07000080,Forest of Dean,1,Female,22,Aged 80 to 84 years,1533
E07000080,Forest of Dean,1,Female,23,Aged 85 years and over,1640
E07000080,Forest of Dean,2,Male,1,Aged 2 years and under,1195
E07000080,Forest of Dean,2,Male,2,Aged 3 to 4 years,857
E07000080,Forest of Dean,2,Male,3,Aged 5 to 7 years,1285
E07000080,Forest of Dean,2,Male,4,Aged 8 to 9 years,945
E07000080,Forest of Dean,2,Male,5,Aged 10 to 14 years,2309
E07000080,Forest of Dean,2,Male,6,Aged 15 years,453
E07000080,Forest of Dean,2,Male,7,Aged 16 to 17 years,1100
E07000080,Forest of Dean,2,Male,8,Aged 18 to 19 years,951
E07000080,Forest of Dean,2,Male,9,Aged 20 to 24 years,2118
E07000080,Forest of Dean,2,Male,10,Aged 25 to 29 years,2206
E07000080,Forest of Dean,2,Male,11,Aged 30 to 34 years,2394
E07000080,Forest of Dean,2,Male,12,Aged 35 to 39 years,2183
E07000080,Forest of Dean,2,Male,13,Aged 40 to 44 years,2072
E07000080,Forest of Dean,2,Male,14,Aged 45 to 49 years,2506
E07000080,Forest of Dean,2,Male,15,Aged 50 to 54 years,3183
E07000080,Forest of Dean,2,Male,16,Aged 55 to 59 years,3451
E07000080,Forest of Dean,2,Male,17,Aged 60 to 64 years,3065
E07000080,Forest of Dean,2,Male,18,Aged 65 years,553
E07000080,Forest of Dean,2,Male,19,Aged 66 to 69 years,2271
E07000080,Forest of Dean,2,Male,20,Aged 70 to 74 years,2941
E07000080,Forest of Dean,2,Male,21,Aged 75 to 79 years,2160
E07000080,Forest of Dean,2,Male,22,Aged 80 to 84 years,1407
E07000080,Forest of Dean,2,Male,23,Aged 85 years and over,963
E07000081,Gloucester,1,Female,1,Aged 2 years and under,2132
E07000081,Gloucester,1,Female,2,Aged 3 to 4 years,1488
E07000081,Gloucester,1,Female,3,Aged 5 to 7 years,2397
E07000081,Gloucester,1,Female,4,Aged 8 to 9 years,1665
E07000081,Gloucester,1,Female,5,Aged 10 to 14 years,4010
E07000081,Gloucester,1,Female,6,Aged 15 years,706
E07000081,Gloucester,1,Female,7,Aged 16 to 17 years,1527
E07000081,Gloucester,1,Female,8,Aged 18 to 19 years,1521
E07000081,Gloucester,1,Female,9,Aged 20 to 24 years,4265
E07000081,Gloucester,1,Female,10,Aged 25 to 29 years,4466
E07000081,Gloucester,1,Female,11,Aged 30 to 34 years,5020
E07000081,Gloucester,1,Female,12,Aged 35 to 39 years,4585
E07000081,Gloucester,1,Female,13,Aged 40 to 44 years,4151
E07000081,Gloucester,1,Female,14,Aged 45 to 49 years,4072
E07000081,Gloucester,1,Female,15,Aged 50 to 54 years,4668
E07000081,Gloucester,1,Female,16,Aged 55 to 59 years,4504
E07000081,Gloucester,1,Female,17,Aged 60 to 64 years,3760
E07000081,Gloucester,1,Female,18,Aged 65 years,640
E07000081,Gloucester,1,Female,19,Aged 66 to 69 years,2408
E07000081,Gloucester,1,Female,20,Aged 70 to 74 years,2975
E07000081,Gloucester,1,Female,21,Aged 75 to 79 years,2414
E07000081,Gloucester,1,Female,22,Aged 80 to 84 years,1678
E07000081,Gloucester,1,Female,23,Aged 85 years and over,1864
E07000081,Gloucester,2,Male,1,Aged 2 years and under,2209
E07000081,Gloucester,2,Male,2,Aged 3 to 4 years,1630
E07000081,Gloucester,2,Male,3,Aged 5 to 7 years,2475
E07000081,Gloucester,2,Male,4,Aged 8 to 9 years,1794
E07000081,Gloucester,2,Male,5,Aged 10 to 14 years,4160
E07000081,Gloucester,2,Male,6,Aged 15 years,811
E07000081,Gloucester,2,Male,7,Aged 16 to 17 years,1498
E07000081,Gloucester,2,Male,8,Aged 18 to 19 years,1567
E07000081,Gloucester,2,Male,9,Aged 20 to 24 years,4221
E07000081,Gloucester,2,Male,10,Aged 25 to 29 years,4413
E07000081,Gloucester,2,Male,11,Aged 30 to 34 years,4787
E07000081,Gloucester,2,Male,12,Aged 35 to 39 years,4582
E07000081,Gloucester,2,Male,13,Aged 40 to 44 years,4201
E07000081,Gloucester,2,Male,14,Aged 45 to 49 years,4157
E07000081,Gloucester,2,Male,15,Aged 50 to 54 years,4528
E07000081,Gloucester,2,Male,16,Aged 55 to 59 years,4503
E07000081,Gloucester,2,Male,17,Aged 60 to 64 years,3825
E07000081,Gloucester,2,Male,18,Aged 65 years,653
E07000081,Gloucester,2,Male,19,Aged 66 to 69 years,2241
E07000081,Gloucester,2,Male,20,Aged 70 to 74 years,2745
E07000081,Gloucester,2,Male,21,Aged 75 to 79 years,2052
E07000081,Gloucester,2,Male,22,Aged 80 to 84 years,1331
E07000081,Gloucester,2,Male,23,Aged 85 years and over,1117
E07000082,Stroud,1,Female,1,Aged 2 years and under,1527
E07000082,Stroud,1,Female,2,Aged 3 to 4 years,1182
E07000082,Stroud,1,Female,3,Aged 5 to 7 years,1920
E07000082,Stroud,1,Female,4,Aged 8 to 9 years,1334
E07000082,Stroud,1,Female,5,Aged 10 to 14 years,3525
E07000082,Stroud,1,Female,6,Aged 15 years,667
E07000082,Stroud,1,Female,7,Aged 16 to 17 years,1338
E07000082,Stroud,1,Female,8,Aged 18 to 19 years,1027
E07000082,Stroud,1,Female,9,Aged 20 to 24 years,2419
E07000082,Stroud,1,Female,10,Aged 25 to 29 years,3052
E07000082,Stroud,1,Female,11,Aged 30 to 34 years,3401
E07000082,Stroud,1,Female,12,Aged 35 to 39 years,3457
E07000082,Stroud,1,Female,13,Aged 40 to 44 years,3672
E07000082,Stroud,1,Female,14,Aged 45 to 49 years,4241
E07000082,Stroud,1,Female,15,Aged 50 to 54 years,4834
E07000082,Stroud,1,Female,16,Aged 55 to 59 years,4817
E07000082,Stroud,1,Female,17,Aged 60 to 64 years,4335
E07000082,Stroud,1,Female,18,Aged 65 years,746
E07000082,Stroud,1,Female,19,Aged 66 to 69 years,3020
E07000082,Stroud,1,Female,20,Aged 70 to 74 years,4069
E07000082,Stroud,1,Female,21,Aged 75 to 79 years,2922
E07000082,Stroud,1,Female,22,Aged 80 to 84 years,2046
E07000082,Stroud,1,Female,23,Aged 85 years and over,2320
E07000082,Stroud,2,Male,1,Aged 2 years and under,1705
E07000082,Stroud,2,Male,2,Aged 3 to 4 years,1229
E07000082,Stroud,2,Male,3,Aged 5 to 7 years,1921
E07000082,Stroud,2,Male,4,Aged 8 to 9 years,1484
E07000082,Stroud,2,Male,5,Aged 10 to 14 years,3730
E07000082,Stroud,2,Male,6,Aged 15 years,685
E07000082,Stroud,2,Male,7,Aged 16 to 17 years,1409
E07000082,Stroud,2,Male,8,Aged 18 to 19 years,1160
E07000082,Stroud,2,Male,9,Aged 20 to 24 years,2596
E07000082,Stroud,2,Male,10,Aged 25 to 29 years,3020
E07000082,Stroud,2,Male,11,Aged 30 to 34 years,3135
E07000082,Stroud,2,Male,12,Aged 35 to 39 years,3283
E07000082,Stroud,2,Male,13,Aged 40 to 44 years,3423
E07000082,Stroud,2,Male,14,Aged 45 to 49 years,3979
E07000082,Stroud,2,Male,15,Aged 50 to 54 years,4655
E07000082,Stroud,2,Male,16,Aged 55 to 59 years,4565
E07000082,Stroud,2,Male,17,Aged 60 to 64 years,4149
E07000082,Stroud,2,Male,18,Aged 65 years,767
E07000082,Stroud,2,Male,19,Aged 66 to 69 years,2876
E07000082,Stroud,2,Male,20,Aged 70 to 74 years,3676
E07000082,Stroud,2,Male,21,Aged 75 to 79 years,2639
E07000082,Stroud,2,Male,22,Aged 80 to 84 years,1720
E07000082,Stroud,2,Male,23,Aged 85 years and over,1429
E07000083,Tewkesbury,1,Female,1,Aged 2 years and under,1470
E07000083,Tewkesbury,1,Female,2,Aged 3 to 4 years,1087
E07000083,Tewkesbury,1,Female,3,Aged 5 to 7 years,1690
E07000083,Tewkesbury,1,Female,4,Aged 8 to 9 years,1088
E07000083,Tewkesbury,1,Female,5,Aged 10 to 14 years,2679
E07000083,Tewkesbury,1,Female,6,Aged 15 years,453
E07000083,Tewkesbury,1,Female,7,Aged 16 to 17 years,1027
E07000083,Tewkesbury,1,Female,8,Aged 18 to 19 years,713
E07000083,Tewkesbury,1,Female,9,Aged 20 to 24 years,2022
E07000083,Tewkesbury,1,Female,10,Aged 25 to 29 years,2723
E07000083,Tewkesbury,1,Female,11,Aged 30 to 34 years,3287
E07000083,Tewkesbury,1,Female,12,Aged 35 to 39 years,3117
E07000083,Tewkesbury,1,Female,13,Aged 40 to 44 years,2997
E07000083,Tewkesbury,1,Female,14,Aged 45 to 49 years,2994
E07000083,Tewkesbury,1,Female,15,Aged 50 to 54 years,3438
E07000083,Tewkesbury,1,Female,16,Aged 55 to 59 years,3520
E07000083,Tewkesbury,1,Female,17,Aged 60 to 64 years,3121
E07000083,Tewkesbury,1,Female,18,Aged 65 years,537
E07000083,Tewkesbury,1,Female,19,Aged 66 to 69 years,2291
E07000083,Tewkesbury,1,Female,20,Aged 70 to 74 years,2933
E07000083,Tewkesbury,1,Female,21,Aged 75 to 79 years,2262
E07000083,Tewkesbury,1,Female,22,Aged 80 to 84 years,1649
E07000083,Tewkesbury,1,Female,23,Aged 85 years and over,1697
E07000083,Tewkesbury,2,Male,1,Aged 2 years and under,1626
E07000083,Tewkesbury,2,Male,2,Aged 3 to 4 years,1131
E07000083,Tewkesbury,2,Male,3,Aged 5 to 7 years,1782
E07000083,Tewkesbury,2,Male,4,Aged 8 to 9 years,1193
E07000083,Tewkesbury,2,Male,5,Aged 10 to 14 years,2828
E07000083,Tewkesbury,2,Male,6,Aged 15 years,504
E07000083,Tewkesbury,2,Male,7,Aged 16 to 17 years,1034
E07000083,Tewkesbury,2,Male,8,Aged 18 to 19 years,776
E07000083,Tewkesbury,2,Male,9,Aged 20 to 24 years,2084
E07000083,Tewkesbury,2,Male,10,Aged 25 to 29 years,2530
E07000083,Tewkesbury,2,Male,11,Aged 30 to 34 years,2907
E07000083,Tewkesbury,2,Male,12,Aged 35 to 39 years,2850
E07000083,Tewkesbury,2,Male,13,Aged 40 to 44 years,2785
E07000083,Tewkesbury,2,Male,14,Aged 45 to 49 years,2881
E07000083,Tewkesbury,2,Male,15,Aged 50 to 54 years,3239
E07000083,Tewkesbury,2,Male,16,Aged 55 to 59 years,3398
E07000083,Tewkesbury,2,Male,17,Aged 60 to 64 years,2801
E07000083,Tewkesbury,2,Male,18,Aged 65 years,556
E07000083,Tewkesbury,2,Male,19,Aged 66 to 69 years,2007
E07000083,Tewkesbury,2,Male,20,Aged 70 to 74 years,2694
E07000083,Tewkesbury,2,Male,21,Aged 75 to 79 years,2050
E07000083,Tewkesbury,2,Male,22,Aged 80 to 84 years,1388
E07000083,Tewkesbury,2,Male,23,Aged 85 years and over,1047
E07000084,Basingstoke and Deane,1,Female,1,Aged 2 years and under,3009
E07000084,Basingstoke and Deane,1,Female,2,Aged 3 to 4 years,2167
E07000084,Basingstoke and Deane,1,Female,3,Aged 5 to 7 years,3263
E07000084,Basingstoke and Deane,1,Female,4,Aged 8 to 9 years,2308
E07000084,Basingstoke and Deane,1,Female,5,Aged 10 to 14 years,5416
E07000084,Basingstoke and Deane,1,Female,6,Aged 15 years,999
E07000084,Basingstoke and Deane,1,Female,7,Aged 16 to 17 years,1940
E07000084,Basingstoke and Deane,1,Female,8,Aged 18 to 19 years,1455
E07000084,Basingstoke and Deane,1,Female,9,Aged 20 to 24 years,4549
E07000084,Basingstoke and Deane,1,Female,10,Aged 25 to 29 years,6091
E07000084,Basingstoke and Deane,1,Female,11,Aged 30 to 34 years,7035
E07000084,Basingstoke and Deane,1,Female,12,Aged 35 to 39 years,6710
E07000084,Basingstoke and Deane,1,Female,13,Aged 40 to 44 years,6372
E07000084,Basingstoke and Deane,1,Female,14,Aged 45 to 49 years,6503
E07000084,Basingstoke and Deane,1,Female,15,Aged 50 to 54 years,6704
E07000084,Basingstoke and Deane,1,Female,16,Aged 55 to 59 years,6515
E07000084,Basingstoke and Deane,1,Female,17,Aged 60 to 64 years,5231
E07000084,Basingstoke and Deane,1,Female,18,Aged 65 years,837
E07000084,Basingstoke and Deane,1,Female,19,Aged 66 to 69 years,3531
E07000084,Basingstoke and Deane,1,Female,20,Aged 70 to 74 years,4716
E07000084,Basingstoke and Deane,1,Female,21,Aged 75 to 79 years,3425
E07000084,Basingstoke and Deane,1,Female,22,Aged 80 to 84 years,2362
E07000084,Basingstoke and Deane,1,Female,23,Aged 85 years and over,2347
E07000084,Basingstoke and Deane,2,Male,1,Aged 2 years and under,3159
E07000084,Basingstoke and Deane,2,Male,2,Aged 3 to 4 years,2220
E07000084,Basingstoke and Deane,2,Male,3,Aged 5 to 7 years,3424
E07000084,Basingstoke and Deane,2,Male,4,Aged 8 to 9 years,2555
E07000084,Basingstoke and Deane,2,Male,5,Aged 10 to 14 years,5808
E07000084,Basingstoke and Deane,2,Male,6,Aged 15 years,1019
E07000084,Basingstoke and Deane,2,Male,7,Aged 16 to 17 years,2012
E07000084,Basingstoke and Deane,2,Male,8,Aged 18 to 19 years,1664
E07000084,Basingstoke and Deane,2,Male,9,Aged 20 to 24 years,4684
E07000084,Basingstoke and Deane,2,Male,10,Aged 25 to 29 years,5833
E07000084,Basingstoke and Deane,2,Male,11,Aged 30 to 34 years,6687
E07000084,Basingstoke and Deane,2,Male,12,Aged 35 to 39 years,6491
E07000084,Basingstoke and Deane,2,Male,13,Aged 40 to 44 years,6307
E07000084,Basingstoke and Deane,2,Male,14,Aged 45 to 49 years,6432
E07000084,Basingstoke and Deane,2,Male,15,Aged 50 to 54 years,6993
E07000084,Basingstoke and Deane,2,Male,16,Aged 55 to 59 years,6443
E07000084,Basingstoke and Deane,2,Male,17,Aged 60 to 64 years,5146
E07000084,Basingstoke and Deane,2,Male,18,Aged 65 years,872
E07000084,Basingstoke and Deane,2,Male,19,Aged 66 to 69 years,3279
E07000084,Basingstoke and Deane,2,Male,20,Aged 70 to 74 years,4223
E07000084,Basingstoke and Deane,2,Male,21,Aged 75 to 79 years,2959
E07000084,Basingstoke and Deane,2,Male,22,Aged 80 to 84 years,1946
E07000084,Basingstoke and Deane,2,Male,23,Aged 85 years and over,1515
E07000085,East Hampshire,1,Female,1,Aged 2 years and under,1654
E07000085,East Hampshire,1,Female,2,Aged 3 to 4 years,1278
E07000085,East Hampshire,1,Female,3,Aged 5 to 7 years,1936
E07000085,East Hampshire,1,Female,4,Aged 8 to 9 years,1428
E07000085,East Hampshire,1,Female,5,Aged 10 to 14 years,3698
E07000085,East Hampshire,1,Female,6,Aged 15 years,714
E07000085,East Hampshire,1,Female,7,Aged 16 to 17 years,1508
E07000085,East Hampshire,1,Female,8,Aged 18 to 19 years,1077
E07000085,East Hampshire,1,Female,9,Aged 20 to 24 years,2673
E07000085,East Hampshire,1,Female,10,Aged 25 to 29 years,3136
E07000085,East Hampshire,1,Female,11,Aged 30 to 34 years,3443
E07000085,East Hampshire,1,Female,12,Aged 35 to 39 years,3538
E07000085,East Hampshire,1,Female,13,Aged 40 to 44 years,3952
E07000085,East Hampshire,1,Female,14,Aged 45 to 49 years,4338
E07000085,East Hampshire,1,Female,15,Aged 50 to 54 years,5048
E07000085,East Hampshire,1,Female,16,Aged 55 to 59 years,5157
E07000085,East Hampshire,1,Female,17,Aged 60 to 64 years,4395
E07000085,East Hampshire,1,Female,18,Aged 65 years,796
E07000085,East Hampshire,1,Female,19,Aged 66 to 69 years,2933
E07000085,East Hampshire,1,Female,20,Aged 70 to 74 years,4085
E07000085,East Hampshire,1,Female,21,Aged 75 to 79 years,3114
E07000085,East Hampshire,1,Female,22,Aged 80 to 84 years,2354
E07000085,East Hampshire,1,Female,23,Aged 85 years and over,2480
E07000085,East Hampshire,2,Male,1,Aged 2 years and under,1782
E07000085,East Hampshire,2,Male,2,Aged 3 to 4 years,1295
E07000085,East Hampshire,2,Male,3,Aged 5 to 7 years,2003
E07000085,East Hampshire,2,Male,4,Aged 8 to 9 years,1578
E07000085,East Hampshire,2,Male,5,Aged 10 to 14 years,3800
E07000085,East Hampshire,2,Male,6,Aged 15 years,748
E07000085,East Hampshire,2,Male,7,Aged 16 to 17 years,1551
E07000085,East Hampshire,2,Male,8,Aged 18 to 19 years,1173
E07000085,East Hampshire,2,Male,9,Aged 20 to 24 years,2733
E07000085,East Hampshire,2,Male,10,Aged 25 to 29 years,3050
E07000085,East Hampshire,2,Male,11,Aged 30 to 34 years,3318
E07000085,East Hampshire,2,Male,12,Aged 35 to 39 years,3432
E07000085,East Hampshire,2,Male,13,Aged 40 to 44 years,3568
E07000085,East Hampshire,2,Male,14,Aged 45 to 49 years,4067
E07000085,East Hampshire,2,Male,15,Aged 50 to 54 years,4582
E07000085,East Hampshire,2,Male,16,Aged 55 to 59 years,4704
E07000085,East Hampshire,2,Male,17,Aged 60 to 64 years,4327
E07000085,East Hampshire,2,Male,18,Aged 65 years,752
E07000085,East Hampshire,2,Male,19,Aged 66 to 69 years,2820
E07000085,East Hampshire,2,Male,20,Aged 70 to 74 years,3646
E07000085,East Hampshire,2,Male,21,Aged 75 to 79 years,2756
E07000085,East Hampshire,2,Male,22,Aged 80 to 84 years,1758
E07000085,East Hampshire,2,Male,23,Aged 85 years and over,1566
E07000086,Eastleigh,1,Female,1,Aged 2 years and under,2243
E07000086,Eastleigh,1,Female,2,Aged 3 to 4 years,1530
E07000086,Eastleigh,1,Female,3,Aged 5 to 7 years,2448
E07000086,Eastleigh,1,Female,4,Aged 8 to 9 years,1713
E07000086,Eastleigh,1,Female,5,Aged 10 to 14 years,4125
E07000086,Eastleigh,1,Female,6,Aged 15 years,736
E07000086,Eastleigh,1,Female,7,Aged 16 to 17 years,1401
E07000086,Eastleigh,1,Female,8,Aged 18 to 19 years,1086
E07000086,Eastleigh,1,Female,9,Aged 20 to 24 years,3102
E07000086,Eastleigh,1,Female,10,Aged 25 to 29 years,4343
E07000086,Eastleigh,1,Female,11,Aged 30 to 34 years,4982
E07000086,Eastleigh,1,Female,12,Aged 35 to 39 years,4771
E07000086,Eastleigh,1,Female,13,Aged 40 to 44 years,4632
E07000086,Eastleigh,1,Female,14,Aged 45 to 49 years,4464
E07000086,Eastleigh,1,Female,15,Aged 50 to 54 years,4792
E07000086,Eastleigh,1,Female,16,Aged 55 to 59 years,4795
E07000086,Eastleigh,1,Female,17,Aged 60 to 64 years,4131
E07000086,Eastleigh,1,Female,18,Aged 65 years,716
E07000086,Eastleigh,1,Female,19,Aged 66 to 69 years,2872
E07000086,Eastleigh,1,Female,20,Aged 70 to 74 years,3758
E07000086,Eastleigh,1,Female,21,Aged 75 to 79 years,2754
E07000086,Eastleigh,1,Female,22,Aged 80 to 84 years,2091
E07000086,Eastleigh,1,Female,23,Aged 85 years and over,2261
E07000086,Eastleigh,2,Male,1,Aged 2 years and under,2179
E07000086,Eastleigh,2,Male,2,Aged 3 to 4 years,1639
E07000086,Eastleigh,2,Male,3,Aged 5 to 7 years,2581
E07000086,Eastleigh,2,Male,4,Aged 8 to 9 years,1787
E07000086,Eastleigh,2,Male,5,Aged 10 to 14 years,4292
E07000086,Eastleigh,2,Male,6,Aged 15 years,838
E07000086,Eastleigh,2,Male,7,Aged 16 to 17 years,1589
E07000086,Eastleigh,2,Male,8,Aged 18 to 19 years,1261
E07000086,Eastleigh,2,Male,9,Aged 20 to 24 years,3313
E07000086,Eastleigh,2,Male,10,Aged 25 to 29 years,3987
E07000086,Eastleigh,2,Male,11,Aged 30 to 34 years,4524
E07000086,Eastleigh,2,Male,12,Aged 35 to 39 years,4503
E07000086,Eastleigh,2,Male,13,Aged 40 to 44 years,4395
E07000086,Eastleigh,2,Male,14,Aged 45 to 49 years,4367
E07000086,Eastleigh,2,Male,15,Aged 50 to 54 years,4741
E07000086,Eastleigh,2,Male,16,Aged 55 to 59 years,4545
E07000086,Eastleigh,2,Male,17,Aged 60 to 64 years,3978
E07000086,Eastleigh,2,Male,18,Aged 65 years,714
E07000086,Eastleigh,2,Male,19,Aged 66 to 69 years,2647
E07000086,Eastleigh,2,Male,20,Aged 70 to 74 years,3313
E07000086,Eastleigh,2,Male,21,Aged 75 to 79 years,2395
E07000086,Eastleigh,2,Male,22,Aged 80 to 84 years,1678
E07000086,Eastleigh,2,Male,23,Aged 85 years and over,1434
E07000087,Fareham,1,Female,1,Aged 2 years and under,1414
E07000087,Fareham,1,Female,2,Aged 3 to 4 years,1080
E07000087,Fareham,1,Female,3,Aged 5 to 7 years,1806
E07000087,Fareham,1,Female,4,Aged 8 to 9 years,1276
E07000087,Fareham,1,Female,5,Aged 10 to 14 years,3147
E07000087,Fareham,1,Female,6,Aged 15 years,556
E07000087,Fareham,1,Female,7,Aged 16 to 17 years,1211
E07000087,Fareham,1,Female,8,Aged 18 to 19 years,848
E07000087,Fareham,1,Female,9,Aged 20 to 24 years,2353
E07000087,Fareham,1,Female,10,Aged 25 to 29 years,2782
E07000087,Fareham,1,Female,11,Aged 30 to 34 years,3452
E07000087,Fareham,1,Female,12,Aged 35 to 39 years,3362
E07000087,Fareham,1,Female,13,Aged 40 to 44 years,3389
E07000087,Fareham,1,Female,14,Aged 45 to 49 years,3748
E07000087,Fareham,1,Female,15,Aged 50 to 54 years,4312
E07000087,Fareham,1,Female,16,Aged 55 to 59 years,4605
E07000087,Fareham,1,Female,17,Aged 60 to 64 years,3988
E07000087,Fareham,1,Female,18,Aged 65 years,684
E07000087,Fareham,1,Female,19,Aged 66 to 69 years,2752
E07000087,Fareham,1,Female,20,Aged 70 to 74 years,3910
E07000087,Fareham,1,Female,21,Aged 75 to 79 years,3135
E07000087,Fareham,1,Female,22,Aged 80 to 84 years,2281
E07000087,Fareham,1,Female,23,Aged 85 years and over,2627
E07000087,Fareham,2,Male,1,Aged 2 years and under,1468
E07000087,Fareham,2,Male,2,Aged 3 to 4 years,1196
E07000087,Fareham,2,Male,3,Aged 5 to 7 years,1867
E07000087,Fareham,2,Male,4,Aged 8 to 9 years,1255
E07000087,Fareham,2,Male,5,Aged 10 to 14 years,3202
E07000087,Fareham,2,Male,6,Aged 15 years,606
E07000087,Fareham,2,Male,7,Aged 16 to 17 years,1323
E07000087,Fareham,2,Male,8,Aged 18 to 19 years,1049
E07000087,Fareham,2,Male,9,Aged 20 to 24 years,2892
E07000087,Fareham,2,Male,10,Aged 25 to 29 years,2772
E07000087,Fareham,2,Male,11,Aged 30 to 34 years,3226
E07000087,Fareham,2,Male,12,Aged 35 to 39 years,3270
E07000087,Fareham,2,Male,13,Aged 40 to 44 years,3147
E07000087,Fareham,2,Male,14,Aged 45 to 49 years,3439
E07000087,Fareham,2,Male,15,Aged 50 to 54 years,4100
E07000087,Fareham,2,Male,16,Aged 55 to 59 years,4336
E07000087,Fareham,2,Male,17,Aged 60 to 64 years,3932
E07000087,Fareham,2,Male,18,Aged 65 years,741
E07000087,Fareham,2,Male,19,Aged 66 to 69 years,2448
E07000087,Fareham,2,Male,20,Aged 70 to 74 years,3529
E07000087,Fareham,2,Male,21,Aged 75 to 79 years,2635
E07000087,Fareham,2,Male,22,Aged 80 to 84 years,1770
E07000087,Fareham,2,Male,23,Aged 85 years and over,1591
E07000088,Gosport,1,Female,1,Aged 2 years and under,1168
E07000088,Gosport,1,Female,2,Aged 3 to 4 years,861
E07000088,Gosport,1,Female,3,Aged 5 to 7 years,1357
E07000088,Gosport,1,Female,4,Aged 8 to 9 years,871
E07000088,Gosport,1,Female,5,Aged 10 to 14 years,2345
E07000088,Gosport,1,Female,6,Aged 15 years,427
E07000088,Gosport,1,Female,7,Aged 16 to 17 years,854
E07000088,Gosport,1,Female,8,Aged 18 to 19 years,729
E07000088,Gosport,1,Female,9,Aged 20 to 24 years,2001
E07000088,Gosport,1,Female,10,Aged 25 to 29 years,2460
E07000088,Gosport,1,Female,11,Aged 30 to 34 years,2694
E07000088,Gosport,1,Female,12,Aged 35 to 39 years,2633
E07000088,Gosport,1,Female,13,Aged 40 to 44 years,2405
E07000088,Gosport,1,Female,14,Aged 45 to 49 years,2579
E07000088,Gosport,1,Female,15,Aged 50 to 54 years,3027
E07000088,Gosport,1,Female,16,Aged 55 to 59 years,3075
E07000088,Gosport,1,Female,17,Aged 60 to 64 years,2779
E07000088,Gosport,1,Female,18,Aged 65 years,466
E07000088,Gosport,1,Female,19,Aged 66 to 69 years,1903
E07000088,Gosport,1,Female,20,Aged 70 to 74 years,2525
E07000088,Gosport,1,Female,21,Aged 75 to 79 years,1886
E07000088,Gosport,1,Female,22,Aged 80 to 84 years,1282
E07000088,Gosport,1,Female,23,Aged 85 years and over,1515
E07000088,Gosport,2,Male,1,Aged 2 years and under,1336
E07000088,Gosport,2,Male,2,Aged 3 to 4 years,876
E07000088,Gosport,2,Male,3,Aged 5 to 7 years,1391
E07000088,Gosport,2,Male,4,Aged 8 to 9 years,1060
E07000088,Gosport,2,Male,5,Aged 10 to 14 years,2580
E07000088,Gosport,2,Male,6,Aged 15 years,469
E07000088,Gosport,2,Male,7,Aged 16 to 17 years,932
E07000088,Gosport,2,Male,8,Aged 18 to 19 years,800
E07000088,Gosport,2,Male,9,Aged 20 to 24 years,2249
E07000088,Gosport,2,Male,10,Aged 25 to 29 years,2430
E07000088,Gosport,2,Male,11,Aged 30 to 34 years,2491
E07000088,Gosport,2,Male,12,Aged 35 to 39 years,2474
E07000088,Gosport,2,Male,13,Aged 40 to 44 years,2280
E07000088,Gosport,2,Male,14,Aged 45 to 49 years,2396
E07000088,Gosport,2,Male,15,Aged 50 to 54 years,2807
E07000088,Gosport,2,Male,16,Aged 55 to 59 years,2956
E07000088,Gosport,2,Male,17,Aged 60 to 64 years,2649
E07000088,Gosport,2,Male,18,Aged 65 years,469
E07000088,Gosport,2,Male,19,Aged 66 to 69 years,1679
E07000088,Gosport,2,Male,20,Aged 70 to 74 years,2321
E07000088,Gosport,2,Male,21,Aged 75 to 79 years,1570
E07000088,Gosport,2,Male,22,Aged 80 to 84 years,1061
E07000088,Gosport,2,Male,23,Aged 85 years and over,836
E07000089,Hart,1,Female,1,Aged 2 years and under,1444
E07000089,Hart,1,Female,2,Aged 3 to 4 years,1065
E07000089,Hart,1,Female,3,Aged 5 to 7 years,1769
E07000089,Hart,1,Female,4,Aged 8 to 9 years,1279
E07000089,Hart,1,Female,5,Aged 10 to 14 years,3159
E07000089,Hart,1,Female,6,Aged 15 years,602
E07000089,Hart,1,Female,7,Aged 16 to 17 years,1165
E07000089,Hart,1,Female,8,Aged 18 to 19 years,760
E07000089,Hart,1,Female,9,Aged 20 to 24 years,1974
E07000089,Hart,1,Female,10,Aged 25 to 29 years,2490
E07000089,Hart,1,Female,11,Aged 30 to 34 years,2999
E07000089,Hart,1,Female,12,Aged 35 to 39 years,3344
E07000089,Hart,1,Female,13,Aged 40 to 44 years,3470
E07000089,Hart,1,Female,14,Aged 45 to 49 years,3757
E07000089,Hart,1,Female,15,Aged 50 to 54 years,3765
E07000089,Hart,1,Female,16,Aged 55 to 59 years,3588
E07000089,Hart,1,Female,17,Aged 60 to 64 years,2947
E07000089,Hart,1,Female,18,Aged 65 years,485
E07000089,Hart,1,Female,19,Aged 66 to 69 years,1992
E07000089,Hart,1,Female,20,Aged 70 to 74 years,2750
E07000089,Hart,1,Female,21,Aged 75 to 79 years,2271
E07000089,Hart,1,Female,22,Aged 80 to 84 years,1605
E07000089,Hart,1,Female,23,Aged 85 years and over,1583
E07000089,Hart,2,Male,1,Aged 2 years and under,1544
E07000089,Hart,2,Male,2,Aged 3 to 4 years,1106
E07000089,Hart,2,Male,3,Aged 5 to 7 years,1890
E07000089,Hart,2,Male,4,Aged 8 to 9 years,1330
E07000089,Hart,2,Male,5,Aged 10 to 14 years,3258
E07000089,Hart,2,Male,6,Aged 15 years,634
E07000089,Hart,2,Male,7,Aged 16 to 17 years,1347
E07000089,Hart,2,Male,8,Aged 18 to 19 years,1194
E07000089,Hart,2,Male,9,Aged 20 to 24 years,2446
E07000089,Hart,2,Male,10,Aged 25 to 29 years,2647
E07000089,Hart,2,Male,11,Aged 30 to 34 years,2779
E07000089,Hart,2,Male,12,Aged 35 to 39 years,2978
E07000089,Hart,2,Male,13,Aged 40 to 44 years,3262
E07000089,Hart,2,Male,14,Aged 45 to 49 years,3697
E07000089,Hart,2,Male,15,Aged 50 to 54 years,3686
E07000089,Hart,2,Male,16,Aged 55 to 59 years,3635
E07000089,Hart,2,Male,17,Aged 60 to 64 years,2824
E07000089,Hart,2,Male,18,Aged 65 years,482
E07000089,Hart,2,Male,19,Aged 66 to 69 years,1753
E07000089,Hart,2,Male,20,Aged 70 to 74 years,2447
E07000089,Hart,2,Male,21,Aged 75 to 79 years,1842
E07000089,Hart,2,Male,22,Aged 80 to 84 years,1282
E07000089,Hart,2,Male,23,Aged 85 years and over,1082
E07000090,Havant,1,Female,1,Aged 2 years and under,1742
E07000090,Havant,1,Female,2,Aged 3 to 4 years,1231
E07000090,Havant,1,Female,3,Aged 5 to 7 years,1963
E07000090,Havant,1,Female,4,Aged 8 to 9 years,1408
E07000090,Havant,1,Female,5,Aged 10 to 14 years,3402
E07000090,Havant,1,Female,6,Aged 15 years,657
E07000090,Havant,1,Female,7,Aged 16 to 17 years,1347
E07000090,Havant,1,Female,8,Aged 18 to 19 years,1079
E07000090,Havant,1,Female,9,Aged 20 to 24 years,2975
E07000090,Havant,1,Female,10,Aged 25 to 29 years,3477
E07000090,Havant,1,Female,11,Aged 30 to 34 years,3935
E07000090,Havant,1,Female,12,Aged 35 to 39 years,3654
E07000090,Havant,1,Female,13,Aged 40 to 44 years,3361
E07000090,Havant,1,Female,14,Aged 45 to 49 years,3683
E07000090,Havant,1,Female,15,Aged 50 to 54 years,4569
E07000090,Havant,1,Female,16,Aged 55 to 59 years,4829
E07000090,Havant,1,Female,17,Aged 60 to 64 years,4450
E07000090,Havant,1,Female,18,Aged 65 years,777
E07000090,Havant,1,Female,19,Aged 66 to 69 years,3018
E07000090,Havant,1,Female,20,Aged 70 to 74 years,4187
E07000090,Havant,1,Female,21,Aged 75 to 79 years,3282
E07000090,Havant,1,Female,22,Aged 80 to 84 years,2517
E07000090,Havant,1,Female,23,Aged 85 years and over,2687
E07000090,Havant,2,Male,1,Aged 2 years and under,1801
E07000090,Havant,2,Male,2,Aged 3 to 4 years,1352
E07000090,Havant,2,Male,3,Aged 5 to 7 years,2055
E07000090,Havant,2,Male,4,Aged 8 to 9 years,1474
E07000090,Havant,2,Male,5,Aged 10 to 14 years,3585
E07000090,Havant,2,Male,6,Aged 15 years,673
E07000090,Havant,2,Male,7,Aged 16 to 17 years,1375
E07000090,Havant,2,Male,8,Aged 18 to 19 years,1112
E07000090,Havant,2,Male,9,Aged 20 to 24 years,2969
E07000090,Havant,2,Male,10,Aged 25 to 29 years,3312
E07000090,Havant,2,Male,11,Aged 30 to 34 years,3545
E07000090,Havant,2,Male,12,Aged 35 to 39 years,3450
E07000090,Havant,2,Male,13,Aged 40 to 44 years,3094
E07000090,Havant,2,Male,14,Aged 45 to 49 years,3424
E07000090,Havant,2,Male,15,Aged 50 to 54 years,4261
E07000090,Havant,2,Male,16,Aged 55 to 59 years,4528
E07000090,Havant,2,Male,17,Aged 60 to 64 years,4217
E07000090,Havant,2,Male,18,Aged 65 years,758
E07000090,Havant,2,Male,19,Aged 66 to 69 years,2929
E07000090,Havant,2,Male,20,Aged 70 to 74 years,3729
E07000090,Havant,2,Male,21,Aged 75 to 79 years,2788
E07000090,Havant,2,Male,22,Aged 80 to 84 years,1820
E07000090,Havant,2,Male,23,Aged 85 years and over,1726
E07000091,New Forest,1,Female,1,Aged 2 years and under,2078
E07000091,New Forest,1,Female,2,Aged 3 to 4 years,1493
E07000091,New Forest,1,Female,3,Aged 5 to 7 years,2397
E07000091,New Forest,1,Female,4,Aged 8 to 9 years,1789
E07000091,New Forest,1,Female,5,Aged 10 to 14 years,4545
E07000091,New Forest,1,Female,6,Aged 15 years,868
E07000091,New Forest,1,Female,7,Aged 16 to 17 years,1722
E07000091,New Forest,1,Female,8,Aged 18 to 19 years,1370
E07000091,New Forest,1,Female,9,Aged 20 to 24 years,3340
E07000091,New Forest,1,Female,10,Aged 25 to 29 years,3952
E07000091,New Forest,1,Female,11,Aged 30 to 34 years,4421
E07000091,New Forest,1,Female,12,Aged 35 to 39 years,4554
E07000091,New Forest,1,Female,13,Aged 40 to 44 years,4694
E07000091,New Forest,1,Female,14,Aged 45 to 49 years,5398
E07000091,New Forest,1,Female,15,Aged 50 to 54 years,6630
E07000091,New Forest,1,Female,16,Aged 55 to 59 years,7298
E07000091,New Forest,1,Female,17,Aged 60 to 64 years,6553
E07000091,New Forest,1,Female,18,Aged 65 years,1261
E07000091,New Forest,1,Female,19,Aged 66 to 69 years,5090
E07000091,New Forest,1,Female,20,Aged 70 to 74 years,7161
E07000091,New Forest,1,Female,21,Aged 75 to 79 years,5488
E07000091,New Forest,1,Female,22,Aged 80 to 84 years,4139
E07000091,New Forest,1,Female,23,Aged 85 years and over,5003
E07000091,New Forest,2,Male,1,Aged 2 years and under,2082
E07000091,New Forest,2,Male,2,Aged 3 to 4 years,1582
E07000091,New Forest,2,Male,3,Aged 5 to 7 years,2543
E07000091,New Forest,2,Male,4,Aged 8 to 9 years,1916
E07000091,New Forest,2,Male,5,Aged 10 to 14 years,4848
E07000091,New Forest,2,Male,6,Aged 15 years,900
E07000091,New Forest,2,Male,7,Aged 16 to 17 years,1866
E07000091,New Forest,2,Male,8,Aged 18 to 19 years,1541
E07000091,New Forest,2,Male,9,Aged 20 to 24 years,3716
E07000091,New Forest,2,Male,10,Aged 25 to 29 years,3785
E07000091,New Forest,2,Male,11,Aged 30 to 34 years,4047
E07000091,New Forest,2,Male,12,Aged 35 to 39 years,4092
E07000091,New Forest,2,Male,13,Aged 40 to 44 years,4331
E07000091,New Forest,2,Male,14,Aged 45 to 49 years,4811
E07000091,New Forest,2,Male,15,Aged 50 to 54 years,6013
E07000091,New Forest,2,Male,16,Aged 55 to 59 years,6722
E07000091,New Forest,2,Male,17,Aged 60 to 64 years,6244
E07000091,New Forest,2,Male,18,Aged 65 years,1131
E07000091,New Forest,2,Male,19,Aged 66 to 69 years,4681
E07000091,New Forest,2,Male,20,Aged 70 to 74 years,6372
E07000091,New Forest,2,Male,21,Aged 75 to 79 years,4894
E07000091,New Forest,2,Male,22,Aged 80 to 84 years,3312
E07000091,New Forest,2,Male,23,Aged 85 years and over,3110
E07000092,Rushmoor,1,Female,1,Aged 2 years and under,1816
E07000092,Rushmoor,1,Female,2,Aged 3 to 4 years,1162
E07000092,Rushmoor,1,Female,3,Aged 5 to 7 years,1753
E07000092,Rushmoor,1,Female,4,Aged 8 to 9 years,1164
E07000092,Rushmoor,1,Female,5,Aged 10 to 14 years,2715
E07000092,Rushmoor,1,Female,6,Aged 15 years,503
E07000092,Rushmoor,1,Female,7,Aged 16 to 17 years,1034
E07000092,Rushmoor,1,Female,8,Aged 18 to 19 years,750
E07000092,Rushmoor,1,Female,9,Aged 20 to 24 years,2673
E07000092,Rushmoor,1,Female,10,Aged 25 to 29 years,3803
E07000092,Rushmoor,1,Female,11,Aged 30 to 34 years,4493
E07000092,Rushmoor,1,Female,12,Aged 35 to 39 years,3845
E07000092,Rushmoor,1,Female,13,Aged 40 to 44 years,3405
E07000092,Rushmoor,1,Female,14,Aged 45 to 49 years,3267
E07000092,Rushmoor,1,Female,15,Aged 50 to 54 years,3551
E07000092,Rushmoor,1,Female,16,Aged 55 to 59 years,3274
E07000092,Rushmoor,1,Female,17,Aged 60 to 64 years,2471
E07000092,Rushmoor,1,Female,18,Aged 65 years,439
E07000092,Rushmoor,1,Female,19,Aged 66 to 69 years,1785
E07000092,Rushmoor,1,Female,20,Aged 70 to 74 years,2206
E07000092,Rushmoor,1,Female,21,Aged 75 to 79 years,1559
E07000092,Rushmoor,1,Female,22,Aged 80 to 84 years,1072
E07000092,Rushmoor,1,Female,23,Aged 85 years and over,1128
E07000092,Rushmoor,2,Male,1,Aged 2 years and under,1970
E07000092,Rushmoor,2,Male,2,Aged 3 to 4 years,1248
E07000092,Rushmoor,2,Male,3,Aged 5 to 7 years,1905
E07000092,Rushmoor,2,Male,4,Aged 8 to 9 years,1272
E07000092,Rushmoor,2,Male,5,Aged 10 to 14 years,2841
E07000092,Rushmoor,2,Male,6,Aged 15 years,536
E07000092,Rushmoor,2,Male,7,Aged 16 to 17 years,1125
E07000092,Rushmoor,2,Male,8,Aged 18 to 19 years,1124
E07000092,Rushmoor,2,Male,9,Aged 20 to 24 years,2920
E07000092,Rushmoor,2,Male,10,Aged 25 to 29 years,3826
E07000092,Rushmoor,2,Male,11,Aged 30 to 34 years,4275
E07000092,Rushmoor,2,Male,12,Aged 35 to 39 years,3908
E07000092,Rushmoor,2,Male,13,Aged 40 to 44 years,3472
E07000092,Rushmoor,2,Male,14,Aged 45 to 49 years,3247
E07000092,Rushmoor,2,Male,15,Aged 50 to 54 years,3402
E07000092,Rushmoor,2,Male,16,Aged 55 to 59 years,3311
E07000092,Rushmoor,2,Male,17,Aged 60 to 64 years,2562
E07000092,Rushmoor,2,Male,18,Aged 65 years,392
E07000092,Rushmoor,2,Male,19,Aged 66 to 69 years,1440
E07000092,Rushmoor,2,Male,20,Aged 70 to 74 years,2011
E07000092,Rushmoor,2,Male,21,Aged 75 to 79 years,1508
E07000092,Rushmoor,2,Male,22,Aged 80 to 84 years,975
E07000092,Rushmoor,2,Male,23,Aged 85 years and over,614
E07000093,Test Valley,1,Female,1,Aged 2 years and under,1958
E07000093,Test Valley,1,Female,2,Aged 3 to 4 years,1408
E07000093,Test Valley,1,Female,3,Aged 5 to 7 years,2228
E07000093,Test Valley,1,Female,4,Aged 8 to 9 years,1620
E07000093,Test Valley,1,Female,5,Aged 10 to 14 years,3789
E07000093,Test Valley,1,Female,6,Aged 15 years,708
E07000093,Test Valley,1,Female,7,Aged 16 to 17 years,1351
E07000093,Test Valley,1,Female,8,Aged 18 to 19 years,1044
E07000093,Test Valley,1,Female,9,Aged 20 to 24 years,2758
E07000093,Test Valley,1,Female,10,Aged 25 to 29 years,3740
E07000093,Test Valley,1,Female,11,Aged 30 to 34 years,4221
E07000093,Test Valley,1,Female,12,Aged 35 to 39 years,4258
E07000093,Test Valley,1,Female,13,Aged 40 to 44 years,4174
E07000093,Test Valley,1,Female,14,Aged 45 to 49 years,4438
E07000093,Test Valley,1,Female,15,Aged 50 to 54 years,4980
E07000093,Test Valley,1,Female,16,Aged 55 to 59 years,4866
E07000093,Test Valley,1,Female,17,Aged 60 to 64 years,4122
E07000093,Test Valley,1,Female,18,Aged 65 years,712
E07000093,Test Valley,1,Female,19,Aged 66 to 69 years,2838
E07000093,Test Valley,1,Female,20,Aged 70 to 74 years,4007
E07000093,Test Valley,1,Female,21,Aged 75 to 79 years,3039
E07000093,Test Valley,1,Female,22,Aged 80 to 84 years,2054
E07000093,Test Valley,1,Female,23,Aged 85 years and over,2297
E07000093,Test Valley,2,Male,1,Aged 2 years and under,2034
E07000093,Test Valley,2,Male,2,Aged 3 to 4 years,1540
E07000093,Test Valley,2,Male,3,Aged 5 to 7 years,2353
E07000093,Test Valley,2,Male,4,Aged 8 to 9 years,1602
E07000093,Test Valley,2,Male,5,Aged 10 to 14 years,3813
E07000093,Test Valley,2,Male,6,Aged 15 years,686
E07000093,Test Valley,2,Male,7,Aged 16 to 17 years,1437
E07000093,Test Valley,2,Male,8,Aged 18 to 19 years,1125
E07000093,Test Valley,2,Male,9,Aged 20 to 24 years,2943
E07000093,Test Valley,2,Male,10,Aged 25 to 29 years,3585
E07000093,Test Valley,2,Male,11,Aged 30 to 34 years,4051
E07000093,Test Valley,2,Male,12,Aged 35 to 39 years,3972
E07000093,Test Valley,2,Male,13,Aged 40 to 44 years,4043
E07000093,Test Valley,2,Male,14,Aged 45 to 49 years,4400
E07000093,Test Valley,2,Male,15,Aged 50 to 54 years,4754
E07000093,Test Valley,2,Male,16,Aged 55 to 59 years,4776
E07000093,Test Valley,2,Male,17,Aged 60 to 64 years,4042
E07000093,Test Valley,2,Male,18,Aged 65 years,700
E07000093,Test Valley,2,Male,19,Aged 66 to 69 years,2614
E07000093,Test Valley,2,Male,20,Aged 70 to 74 years,3573
E07000093,Test Valley,2,Male,21,Aged 75 to 79 years,2649
E07000093,Test Valley,2,Male,22,Aged 80 to 84 years,1746
E07000093,Test Valley,2,Male,23,Aged 85 years and over,1441
E07000094,Winchester,1,Female,1,Aged 2 years and under,1660
E07000094,Winchester,1,Female,2,Aged 3 to 4 years,1269
E07000094,Winchester,1,Female,3,Aged 5 to 7 years,2096
E07000094,Winchester,1,Female,4,Aged 8 to 9 years,1498
E07000094,Winchester,1,Female,5,Aged 10 to 14 years,3684
E07000094,Winchester,1,Female,6,Aged 15 years,726
E07000094,Winchester,1,Female,7,Aged 16 to 17 years,1479
E07000094,Winchester,1,Female,8,Aged 18 to 19 years,2301
E07000094,Winchester,1,Female,9,Aged 20 to 24 years,4384
E07000094,Winchester,1,Female,10,Aged 25 to 29 years,3054
E07000094,Winchester,1,Female,11,Aged 30 to 34 years,3509
E07000094,Winchester,1,Female,12,Aged 35 to 39 years,3741
E07000094,Winchester,1,Female,13,Aged 40 to 44 years,4143
E07000094,Winchester,1,Female,14,Aged 45 to 49 years,4285
E07000094,Winchester,1,Female,15,Aged 50 to 54 years,4611
E07000094,Winchester,1,Female,16,Aged 55 to 59 years,4618
E07000094,Winchester,1,Female,17,Aged 60 to 64 years,3882
E07000094,Winchester,1,Female,18,Aged 65 years,677
E07000094,Winchester,1,Female,19,Aged 66 to 69 years,2643
E07000094,Winchester,1,Female,20,Aged 70 to 74 years,3652
E07000094,Winchester,1,Female,21,Aged 75 to 79 years,2847
E07000094,Winchester,1,Female,22,Aged 80 to 84 years,2094
E07000094,Winchester,1,Female,23,Aged 85 years and over,2528
E07000094,Winchester,2,Male,1,Aged 2 years and under,1772
E07000094,Winchester,2,Male,2,Aged 3 to 4 years,1341
E07000094,Winchester,2,Male,3,Aged 5 to 7 years,2175
E07000094,Winchester,2,Male,4,Aged 8 to 9 years,1563
E07000094,Winchester,2,Male,5,Aged 10 to 14 years,4058
E07000094,Winchester,2,Male,6,Aged 15 years,851
E07000094,Winchester,2,Male,7,Aged 16 to 17 years,1746
E07000094,Winchester,2,Male,8,Aged 18 to 19 years,2110
E07000094,Winchester,2,Male,9,Aged 20 to 24 years,3783
E07000094,Winchester,2,Male,10,Aged 25 to 29 years,3272
E07000094,Winchester,2,Male,11,Aged 30 to 34 years,3327
E07000094,Winchester,2,Male,12,Aged 35 to 39 years,3551
E07000094,Winchester,2,Male,13,Aged 40 to 44 years,3746
E07000094,Winchester,2,Male,14,Aged 45 to 49 years,4124
E07000094,Winchester,2,Male,15,Aged 50 to 54 years,4382
E07000094,Winchester,2,Male,16,Aged 55 to 59 years,4338
E07000094,Winchester,2,Male,17,Aged 60 to 64 years,3786
E07000094,Winchester,2,Male,18,Aged 65 years,632
E07000094,Winchester,2,Male,19,Aged 66 to 69 years,2526
E07000094,Winchester,2,Male,20,Aged 70 to 74 years,3282
E07000094,Winchester,2,Male,21,Aged 75 to 79 years,2515
E07000094,Winchester,2,Male,22,Aged 80 to 84 years,1681
E07000094,Winchester,2,Male,23,Aged 85 years and over,1506
E07000095,Broxbourne,1,Female,1,Aged 2 years and under,1708
E07000095,Broxbourne,1,Female,2,Aged 3 to 4 years,1248
E07000095,Broxbourne,1,Female,3,Aged 5 to 7 years,1834
E07000095,Broxbourne,1,Female,4,Aged 8 to 9 years,1238
E07000095,Broxbourne,1,Female,5,Aged 10 to 14 years,3055
E07000095,Broxbourne,1,Female,6,Aged 15 years,572
E07000095,Broxbourne,1,Female,7,Aged 16 to 17 years,1127
E07000095,Broxbourne,1,Female,8,Aged 18 to 19 years,874
E07000095,Broxbourne,1,Female,9,Aged 20 to 24 years,2497
E07000095,Broxbourne,1,Female,10,Aged 25 to 29 years,3100
E07000095,Broxbourne,1,Female,11,Aged 30 to 34 years,3706
E07000095,Broxbourne,1,Female,12,Aged 35 to 39 years,3805
E07000095,Broxbourne,1,Female,13,Aged 40 to 44 years,3442
E07000095,Broxbourne,1,Female,14,Aged 45 to 49 years,3368
E07000095,Broxbourne,1,Female,15,Aged 50 to 54 years,3695
E07000095,Broxbourne,1,Female,16,Aged 55 to 59 years,3463
E07000095,Broxbourne,1,Female,17,Aged 60 to 64 years,2786
E07000095,Broxbourne,1,Female,18,Aged 65 years,497
E07000095,Broxbourne,1,Female,19,Aged 66 to 69 years,1798
E07000095,Broxbourne,1,Female,20,Aged 70 to 74 years,2432
E07000095,Broxbourne,1,Female,21,Aged 75 to 79 years,1858
E07000095,Broxbourne,1,Female,22,Aged 80 to 84 years,1463
E07000095,Broxbourne,1,Female,23,Aged 85 years and over,1562
E07000095,Broxbourne,2,Male,1,Aged 2 years and under,1773
E07000095,Broxbourne,2,Male,2,Aged 3 to 4 years,1216
E07000095,Broxbourne,2,Male,3,Aged 5 to 7 years,1815
E07000095,Broxbourne,2,Male,4,Aged 8 to 9 years,1282
E07000095,Broxbourne,2,Male,5,Aged 10 to 14 years,3227
E07000095,Broxbourne,2,Male,6,Aged 15 years,602
E07000095,Broxbourne,2,Male,7,Aged 16 to 17 years,1204
E07000095,Broxbourne,2,Male,8,Aged 18 to 19 years,1107
E07000095,Broxbourne,2,Male,9,Aged 20 to 24 years,2698
E07000095,Broxbourne,2,Male,10,Aged 25 to 29 years,2987
E07000095,Broxbourne,2,Male,11,Aged 30 to 34 years,3298
E07000095,Broxbourne,2,Male,12,Aged 35 to 39 years,3311
E07000095,Broxbourne,2,Male,13,Aged 40 to 44 years,3246
E07000095,Broxbourne,2,Male,14,Aged 45 to 49 years,3070
E07000095,Broxbourne,2,Male,15,Aged 50 to 54 years,3449
E07000095,Broxbourne,2,Male,16,Aged 55 to 59 years,3296
E07000095,Broxbourne,2,Male,17,Aged 60 to 64 years,2673
E07000095,Broxbourne,2,Male,18,Aged 65 years,421
E07000095,Broxbourne,2,Male,19,Aged 66 to 69 years,1596
E07000095,Broxbourne,2,Male,20,Aged 70 to 74 years,2071
E07000095,Broxbourne,2,Male,21,Aged 75 to 79 years,1539
E07000095,Broxbourne,2,Male,22,Aged 80 to 84 years,1086
E07000095,Broxbourne,2,Male,23,Aged 85 years and over,917
E07000096,Dacorum,1,Female,1,Aged 2 years and under,2751
E07000096,Dacorum,1,Female,2,Aged 3 to 4 years,1928
E07000096,Dacorum,1,Female,3,Aged 5 to 7 years,2957
E07000096,Dacorum,1,Female,4,Aged 8 to 9 years,1925
E07000096,Dacorum,1,Female,5,Aged 10 to 14 years,4834
E07000096,Dacorum,1,Female,6,Aged 15 years,889
E07000096,Dacorum,1,Female,7,Aged 16 to 17 years,1756
E07000096,Dacorum,1,Female,8,Aged 18 to 19 years,1215
E07000096,Dacorum,1,Female,9,Aged 20 to 24 years,3460
E07000096,Dacorum,1,Female,10,Aged 25 to 29 years,4649
E07000096,Dacorum,1,Female,11,Aged 30 to 34 years,5591
E07000096,Dacorum,1,Female,12,Aged 35 to 39 years,5679
E07000096,Dacorum,1,Female,13,Aged 40 to 44 years,5666
E07000096,Dacorum,1,Female,14,Aged 45 to 49 years,5395
E07000096,Dacorum,1,Female,15,Aged 50 to 54 years,5525
E07000096,Dacorum,1,Female,16,Aged 55 to 59 years,5408
E07000096,Dacorum,1,Female,17,Aged 60 to 64 years,4597
E07000096,Dacorum,1,Female,18,Aged 65 years,825
E07000096,Dacorum,1,Female,19,Aged 66 to 69 years,2850
E07000096,Dacorum,1,Female,20,Aged 70 to 74 years,3761
E07000096,Dacorum,1,Female,21,Aged 75 to 79 years,2702
E07000096,Dacorum,1,Female,22,Aged 80 to 84 years,2089
E07000096,Dacorum,1,Female,23,Aged 85 years and over,2497
E07000096,Dacorum,2,Male,1,Aged 2 years and under,2828
E07000096,Dacorum,2,Male,2,Aged 3 to 4 years,2074
E07000096,Dacorum,2,Male,3,Aged 5 to 7 years,3023
E07000096,Dacorum,2,Male,4,Aged 8 to 9 years,2022
E07000096,Dacorum,2,Male,5,Aged 10 to 14 years,5133
E07000096,Dacorum,2,Male,6,Aged 15 years,934
E07000096,Dacorum,2,Male,7,Aged 16 to 17 years,1861
E07000096,Dacorum,2,Male,8,Aged 18 to 19 years,1384
E07000096,Dacorum,2,Male,9,Aged 20 to 24 years,3644
E07000096,Dacorum,2,Male,10,Aged 25 to 29 years,4461
E07000096,Dacorum,2,Male,11,Aged 30 to 34 years,5273
E07000096,Dacorum,2,Male,12,Aged 35 to 39 years,5422
E07000096,Dacorum,2,Male,13,Aged 40 to 44 years,5364
E07000096,Dacorum,2,Male,14,Aged 45 to 49 years,5336
E07000096,Dacorum,2,Male,15,Aged 50 to 54 years,5322
E07000096,Dacorum,2,Male,16,Aged 55 to 59 years,5327
E07000096,Dacorum,2,Male,17,Aged 60 to 64 years,4479
E07000096,Dacorum,2,Male,18,Aged 65 years,787
E07000096,Dacorum,2,Male,19,Aged 66 to 69 years,2807
E07000096,Dacorum,2,Male,20,Aged 70 to 74 years,3265
E07000096,Dacorum,2,Male,21,Aged 75 to 79 years,2320
E07000096,Dacorum,2,Male,22,Aged 80 to 84 years,1549
E07000096,Dacorum,2,Male,23,Aged 85 years and over,1514
E07000098,Hertsmere,1,Female,1,Aged 2 years and under,1827
E07000098,Hertsmere,1,Female,2,Aged 3 to 4 years,1248
E07000098,Hertsmere,1,Female,3,Aged 5 to 7 years,2037
E07000098,Hertsmere,1,Female,4,Aged 8 to 9 years,1350
E07000098,Hertsmere,1,Female,5,Aged 10 to 14 years,3453
E07000098,Hertsmere,1,Female,6,Aged 15 years,695
E07000098,Hertsmere,1,Female,7,Aged 16 to 17 years,1367
E07000098,Hertsmere,1,Female,8,Aged 18 to 19 years,928
E07000098,Hertsmere,1,Female,9,Aged 20 to 24 years,2766
E07000098,Hertsmere,1,Female,10,Aged 25 to 29 years,3186
E07000098,Hertsmere,1,Female,11,Aged 30 to 34 years,3567
E07000098,Hertsmere,1,Female,12,Aged 35 to 39 years,4057
E07000098,Hertsmere,1,Female,13,Aged 40 to 44 years,4079
E07000098,Hertsmere,1,Female,14,Aged 45 to 49 years,3871
E07000098,Hertsmere,1,Female,15,Aged 50 to 54 years,4009
E07000098,Hertsmere,1,Female,16,Aged 55 to 59 years,3842
E07000098,Hertsmere,1,Female,17,Aged 60 to 64 years,3034
E07000098,Hertsmere,1,Female,18,Aged 65 years,554
E07000098,Hertsmere,1,Female,19,Aged 66 to 69 years,1983
E07000098,Hertsmere,1,Female,20,Aged 70 to 74 years,2707
E07000098,Hertsmere,1,Female,21,Aged 75 to 79 years,2041
E07000098,Hertsmere,1,Female,22,Aged 80 to 84 years,1529
E07000098,Hertsmere,1,Female,23,Aged 85 years and over,1895
E07000098,Hertsmere,2,Male,1,Aged 2 years and under,1899
E07000098,Hertsmere,2,Male,2,Aged 3 to 4 years,1323
E07000098,Hertsmere,2,Male,3,Aged 5 to 7 years,2073
E07000098,Hertsmere,2,Male,4,Aged 8 to 9 years,1390
E07000098,Hertsmere,2,Male,5,Aged 10 to 14 years,3643
E07000098,Hertsmere,2,Male,6,Aged 15 years,697
E07000098,Hertsmere,2,Male,7,Aged 16 to 17 years,1432
E07000098,Hertsmere,2,Male,8,Aged 18 to 19 years,992
E07000098,Hertsmere,2,Male,9,Aged 20 to 24 years,2678
E07000098,Hertsmere,2,Male,10,Aged 25 to 29 years,2973
E07000098,Hertsmere,2,Male,11,Aged 30 to 34 years,3187
E07000098,Hertsmere,2,Male,12,Aged 35 to 39 years,3585
E07000098,Hertsmere,2,Male,13,Aged 40 to 44 years,3731
E07000098,Hertsmere,2,Male,14,Aged 45 to 49 years,3634
E07000098,Hertsmere,2,Male,15,Aged 50 to 54 years,3554
E07000098,Hertsmere,2,Male,16,Aged 55 to 59 years,3615
E07000098,Hertsmere,2,Male,17,Aged 60 to 64 years,2961
E07000098,Hertsmere,2,Male,18,Aged 65 years,485
E07000098,Hertsmere,2,Male,19,Aged 66 to 69 years,1847
E07000098,Hertsmere,2,Male,20,Aged 70 to 74 years,2265
E07000098,Hertsmere,2,Male,21,Aged 75 to 79 years,1630
E07000098,Hertsmere,2,Male,22,Aged 80 to 84 years,1128
E07000098,Hertsmere,2,Male,23,Aged 85 years and over,1075
E07000099,North Hertfordshire,1,Female,1,Aged 2 years and under,2176
E07000099,North Hertfordshire,1,Female,2,Aged 3 to 4 years,1491
E07000099,North Hertfordshire,1,Female,3,Aged 5 to 7 years,2340
E07000099,North Hertfordshire,1,Female,4,Aged 8 to 9 years,1647
E07000099,North Hertfordshire,1,Female,5,Aged 10 to 14 years,4034
E07000099,North Hertfordshire,1,Female,6,Aged 15 years,763
E07000099,North Hertfordshire,1,Female,7,Aged 16 to 17 years,1461
E07000099,North Hertfordshire,1,Female,8,Aged 18 to 19 years,1045
E07000099,North Hertfordshire,1,Female,9,Aged 20 to 24 years,2946
E07000099,North Hertfordshire,1,Female,10,Aged 25 to 29 years,3832
E07000099,North Hertfordshire,1,Female,11,Aged 30 to 34 years,4551
E07000099,North Hertfordshire,1,Female,12,Aged 35 to 39 years,4692
E07000099,North Hertfordshire,1,Female,13,Aged 40 to 44 years,4926
E07000099,North Hertfordshire,1,Female,14,Aged 45 to 49 years,4932
E07000099,North Hertfordshire,1,Female,15,Aged 50 to 54 years,4810
E07000099,North Hertfordshire,1,Female,16,Aged 55 to 59 years,4792
E07000099,North Hertfordshire,1,Female,17,Aged 60 to 64 years,3877
E07000099,North Hertfordshire,1,Female,18,Aged 65 years,686
E07000099,North Hertfordshire,1,Female,19,Aged 66 to 69 years,2696
E07000099,North Hertfordshire,1,Female,20,Aged 70 to 74 years,3594
E07000099,North Hertfordshire,1,Female,21,Aged 75 to 79 years,2668
E07000099,North Hertfordshire,1,Female,22,Aged 80 to 84 years,2082
E07000099,North Hertfordshire,1,Female,23,Aged 85 years and over,2433
E07000099,North Hertfordshire,2,Male,1,Aged 2 years and under,2260
E07000099,North Hertfordshire,2,Male,2,Aged 3 to 4 years,1542
E07000099,North Hertfordshire,2,Male,3,Aged 5 to 7 years,2489
E07000099,North Hertfordshire,2,Male,4,Aged 8 to 9 years,1761
E07000099,North Hertfordshire,2,Male,5,Aged 10 to 14 years,4235
E07000099,North Hertfordshire,2,Male,6,Aged 15 years,729
E07000099,North Hertfordshire,2,Male,7,Aged 16 to 17 years,1537
E07000099,North Hertfordshire,2,Male,8,Aged 18 to 19 years,1119
E07000099,North Hertfordshire,2,Male,9,Aged 20 to 24 years,2891
E07000099,North Hertfordshire,2,Male,10,Aged 25 to 29 years,3801
E07000099,North Hertfordshire,2,Male,11,Aged 30 to 34 years,4126
E07000099,North Hertfordshire,2,Male,12,Aged 35 to 39 years,4322
E07000099,North Hertfordshire,2,Male,13,Aged 40 to 44 years,4474
E07000099,North Hertfordshire,2,Male,14,Aged 45 to 49 years,4599
E07000099,North Hertfordshire,2,Male,15,Aged 50 to 54 years,4660
E07000099,North Hertfordshire,2,Male,16,Aged 55 to 59 years,4636
E07000099,North Hertfordshire,2,Male,17,Aged 60 to 64 years,3885
E07000099,North Hertfordshire,2,Male,18,Aged 65 years,690
E07000099,North Hertfordshire,2,Male,19,Aged 66 to 69 years,2472
E07000099,North Hertfordshire,2,Male,20,Aged 70 to 74 years,3154
E07000099,North Hertfordshire,2,Male,21,Aged 75 to 79 years,2343
E07000099,North Hertfordshire,2,Male,22,Aged 80 to 84 years,1579
E07000099,North Hertfordshire,2,Male,23,Aged 85 years and over,1432
E07000102,Three Rivers,1,Female,1,Aged 2 years and under,1495
E07000102,Three Rivers,1,Female,2,Aged 3 to 4 years,1035
E07000102,Three Rivers,1,Female,3,Aged 5 to 7 years,1670
E07000102,Three Rivers,1,Female,4,Aged 8 to 9 years,1257
E07000102,Three Rivers,1,Female,5,Aged 10 to 14 years,3178
E07000102,Three Rivers,1,Female,6,Aged 15 years,594
E07000102,Three Rivers,1,Female,7,Aged 16 to 17 years,1251
E07000102,Three Rivers,1,Female,8,Aged 18 to 19 years,795
E07000102,Three Rivers,1,Female,9,Aged 20 to 24 years,2060
E07000102,Three Rivers,1,Female,10,Aged 25 to 29 years,2470
E07000102,Three Rivers,1,Female,11,Aged 30 to 34 years,2876
E07000102,Three Rivers,1,Female,12,Aged 35 to 39 years,3385
E07000102,Three Rivers,1,Female,13,Aged 40 to 44 years,3583
E07000102,Three Rivers,1,Female,14,Aged 45 to 49 years,3525
E07000102,Three Rivers,1,Female,15,Aged 50 to 54 years,3539
E07000102,Three Rivers,1,Female,16,Aged 55 to 59 years,3396
E07000102,Three Rivers,1,Female,17,Aged 60 to 64 years,2780
E07000102,Three Rivers,1,Female,18,Aged 65 years,511
E07000102,Three Rivers,1,Female,19,Aged 66 to 69 years,1781
E07000102,Three Rivers,1,Female,20,Aged 70 to 74 years,2348
E07000102,Three Rivers,1,Female,21,Aged 75 to 79 years,1743
E07000102,Three Rivers,1,Female,22,Aged 80 to 84 years,1316
E07000102,Three Rivers,1,Female,23,Aged 85 years and over,1533
E07000102,Three Rivers,2,Male,1,Aged 2 years and under,1528
E07000102,Three Rivers,2,Male,2,Aged 3 to 4 years,1060
E07000102,Three Rivers,2,Male,3,Aged 5 to 7 years,1787
E07000102,Three Rivers,2,Male,4,Aged 8 to 9 years,1258
E07000102,Three Rivers,2,Male,5,Aged 10 to 14 years,3280
E07000102,Three Rivers,2,Male,6,Aged 15 years,624
E07000102,Three Rivers,2,Male,7,Aged 16 to 17 years,1204
E07000102,Three Rivers,2,Male,8,Aged 18 to 19 years,870
E07000102,Three Rivers,2,Male,9,Aged 20 to 24 years,2358
E07000102,Three Rivers,2,Male,10,Aged 25 to 29 years,2357
E07000102,Three Rivers,2,Male,11,Aged 30 to 34 years,2587
E07000102,Three Rivers,2,Male,12,Aged 35 to 39 years,2905
E07000102,Three Rivers,2,Male,13,Aged 40 to 44 years,3319
E07000102,Three Rivers,2,Male,14,Aged 45 to 49 years,3401
E07000102,Three Rivers,2,Male,15,Aged 50 to 54 years,3386
E07000102,Three Rivers,2,Male,16,Aged 55 to 59 years,3349
E07000102,Three Rivers,2,Male,17,Aged 60 to 64 years,2640
E07000102,Three Rivers,2,Male,18,Aged 65 years,445
E07000102,Three Rivers,2,Male,19,Aged 66 to 69 years,1693
E07000102,Three Rivers,2,Male,20,Aged 70 to 74 years,2115
E07000102,Three Rivers,2,Male,21,Aged 75 to 79 years,1545
E07000102,Three Rivers,2,Male,22,Aged 80 to 84 years,949
E07000102,Three Rivers,2,Male,23,Aged 85 years and over,988
E07000103,Watford,1,Female,1,Aged 2 years and under,1891
E07000103,Watford,1,Female,2,Aged 3 to 4 years,1262
E07000103,Watford,1,Female,3,Aged 5 to 7 years,1997
E07000103,Watford,1,Female,4,Aged 8 to 9 years,1398
E07000103,Watford,1,Female,5,Aged 10 to 14 years,3265
E07000103,Watford,1,Female,6,Aged 15 years,591
E07000103,Watford,1,Female,7,Aged 16 to 17 years,1185
E07000103,Watford,1,Female,8,Aged 18 to 19 years,843
E07000103,Watford,1,Female,9,Aged 20 to 24 years,2643
E07000103,Watford,1,Female,10,Aged 25 to 29 years,4046
E07000103,Watford,1,Female,11,Aged 30 to 34 years,4568
E07000103,Watford,1,Female,12,Aged 35 to 39 years,4641
E07000103,Watford,1,Female,13,Aged 40 to 44 years,4280
E07000103,Watford,1,Female,14,Aged 45 to 49 years,3605
E07000103,Watford,1,Female,15,Aged 50 to 54 years,3419
E07000103,Watford,1,Female,16,Aged 55 to 59 years,2874
E07000103,Watford,1,Female,17,Aged 60 to 64 years,2304
E07000103,Watford,1,Female,18,Aged 65 years,392
E07000103,Watford,1,Female,19,Aged 66 to 69 years,1465
E07000103,Watford,1,Female,20,Aged 70 to 74 years,1740
E07000103,Watford,1,Female,21,Aged 75 to 79 years,1321
E07000103,Watford,1,Female,22,Aged 80 to 84 years,1001
E07000103,Watford,1,Female,23,Aged 85 years and over,1170
E07000103,Watford,2,Male,1,Aged 2 years and under,2001
E07000103,Watford,2,Male,2,Aged 3 to 4 years,1374
E07000103,Watford,2,Male,3,Aged 5 to 7 years,2078
E07000103,Watford,2,Male,4,Aged 8 to 9 years,1363
E07000103,Watford,2,Male,5,Aged 10 to 14 years,3446
E07000103,Watford,2,Male,6,Aged 15 years,617
E07000103,Watford,2,Male,7,Aged 16 to 17 years,1265
E07000103,Watford,2,Male,8,Aged 18 to 19 years,1040
E07000103,Watford,2,Male,9,Aged 20 to 24 years,2689
E07000103,Watford,2,Male,10,Aged 25 to 29 years,3651
E07000103,Watford,2,Male,11,Aged 30 to 34 years,4251
E07000103,Watford,2,Male,12,Aged 35 to 39 years,4335
E07000103,Watford,2,Male,13,Aged 40 to 44 years,4062
E07000103,Watford,2,Male,14,Aged 45 to 49 years,3704
E07000103,Watford,2,Male,15,Aged 50 to 54 years,3378
E07000103,Watford,2,Male,16,Aged 55 to 59 years,2960
E07000103,Watford,2,Male,17,Aged 60 to 64 years,2328
E07000103,Watford,2,Male,18,Aged 65 years,377
E07000103,Watford,2,Male,19,Aged 66 to 69 years,1380
E07000103,Watford,2,Male,20,Aged 70 to 74 years,1536
E07000103,Watford,2,Male,21,Aged 75 to 79 years,1112
E07000103,Watford,2,Male,22,Aged 80 to 84 years,767
E07000103,Watford,2,Male,23,Aged 85 years and over,629
E07000105,Ashford,1,Female,1,Aged 2 years and under,2165
E07000105,Ashford,1,Female,2,Aged 3 to 4 years,1557
E07000105,Ashford,1,Female,3,Aged 5 to 7 years,2358
E07000105,Ashford,1,Female,4,Aged 8 to 9 years,1688
E07000105,Ashford,1,Female,5,Aged 10 to 14 years,4255
E07000105,Ashford,1,Female,6,Aged 15 years,710
E07000105,Ashford,1,Female,7,Aged 16 to 17 years,1560
E07000105,Ashford,1,Female,8,Aged 18 to 19 years,1226
E07000105,Ashford,1,Female,9,Aged 20 to 24 years,3202
E07000105,Ashford,1,Female,10,Aged 25 to 29 years,4092
E07000105,Ashford,1,Female,11,Aged 30 to 34 years,4693
E07000105,Ashford,1,Female,12,Aged 35 to 39 years,4397
E07000105,Ashford,1,Female,13,Aged 40 to 44 years,4212
E07000105,Ashford,1,Female,14,Aged 45 to 49 years,4441
E07000105,Ashford,1,Female,15,Aged 50 to 54 years,5070
E07000105,Ashford,1,Female,16,Aged 55 to 59 years,4689
E07000105,Ashford,1,Female,17,Aged 60 to 64 years,3788
E07000105,Ashford,1,Female,18,Aged 65 years,710
E07000105,Ashford,1,Female,19,Aged 66 to 69 years,2746
E07000105,Ashford,1,Female,20,Aged 70 to 74 years,3851
E07000105,Ashford,1,Female,21,Aged 75 to 79 years,2873
E07000105,Ashford,1,Female,22,Aged 80 to 84 years,1904
E07000105,Ashford,1,Female,23,Aged 85 years and over,1969
E07000105,Ashford,2,Male,1,Aged 2 years and under,2208
E07000105,Ashford,2,Male,2,Aged 3 to 4 years,1678
E07000105,Ashford,2,Male,3,Aged 5 to 7 years,2508
E07000105,Ashford,2,Male,4,Aged 8 to 9 years,1761
E07000105,Ashford,2,Male,5,Aged 10 to 14 years,4305
E07000105,Ashford,2,Male,6,Aged 15 years,785
E07000105,Ashford,2,Male,7,Aged 16 to 17 years,1704
E07000105,Ashford,2,Male,8,Aged 18 to 19 years,1321
E07000105,Ashford,2,Male,9,Aged 20 to 24 years,3269
E07000105,Ashford,2,Male,10,Aged 25 to 29 years,3863
E07000105,Ashford,2,Male,11,Aged 30 to 34 years,4159
E07000105,Ashford,2,Male,12,Aged 35 to 39 years,3941
E07000105,Ashford,2,Male,13,Aged 40 to 44 years,3955
E07000105,Ashford,2,Male,14,Aged 45 to 49 years,4042
E07000105,Ashford,2,Male,15,Aged 50 to 54 years,4884
E07000105,Ashford,2,Male,16,Aged 55 to 59 years,4602
E07000105,Ashford,2,Male,17,Aged 60 to 64 years,3661
E07000105,Ashford,2,Male,18,Aged 65 years,690
E07000105,Ashford,2,Male,19,Aged 66 to 69 years,2508
E07000105,Ashford,2,Male,20,Aged 70 to 74 years,3387
E07000105,Ashford,2,Male,21,Aged 75 to 79 years,2528
E07000105,Ashford,2,Male,22,Aged 80 to 84 years,1601
E07000105,Ashford,2,Male,23,Aged 85 years and over,1230
E07000106,Canterbury,1,Female,1,Aged 2 years and under,1923
E07000106,Canterbury,1,Female,2,Aged 3 to 4 years,1371
E07000106,Canterbury,1,Female,3,Aged 5 to 7 years,2154
E07000106,Canterbury,1,Female,4,Aged 8 to 9 years,1584
E07000106,Canterbury,1,Female,5,Aged 10 to 14 years,4001
E07000106,Canterbury,1,Female,6,Aged 15 years,801
E07000106,Canterbury,1,Female,7,Aged 16 to 17 years,1680
E07000106,Canterbury,1,Female,8,Aged 18 to 19 years,3864
E07000106,Canterbury,1,Female,9,Aged 20 to 24 years,8273
E07000106,Canterbury,1,Female,10,Aged 25 to 29 years,4352
E07000106,Canterbury,1,Female,11,Aged 30 to 34 years,4317
E07000106,Canterbury,1,Female,12,Aged 35 to 39 years,4395
E07000106,Canterbury,1,Female,13,Aged 40 to 44 years,4298
E07000106,Canterbury,1,Female,14,Aged 45 to 49 years,4701
E07000106,Canterbury,1,Female,15,Aged 50 to 54 years,5161
E07000106,Canterbury,1,Female,16,Aged 55 to 59 years,5288
E07000106,Canterbury,1,Female,17,Aged 60 to 64 years,4753
E07000106,Canterbury,1,Female,18,Aged 65 years,938
E07000106,Canterbury,1,Female,19,Aged 66 to 69 years,3553
E07000106,Canterbury,1,Female,20,Aged 70 to 74 years,4979
E07000106,Canterbury,1,Female,21,Aged 75 to 79 years,3797
E07000106,Canterbury,1,Female,22,Aged 80 to 84 years,2613
E07000106,Canterbury,1,Female,23,Aged 85 years and over,3050
E07000106,Canterbury,2,Male,1,Aged 2 years and under,2048
E07000106,Canterbury,2,Male,2,Aged 3 to 4 years,1481
E07000106,Canterbury,2,Male,3,Aged 5 to 7 years,2350
E07000106,Canterbury,2,Male,4,Aged 8 to 9 years,1660
E07000106,Canterbury,2,Male,5,Aged 10 to 14 years,4358
E07000106,Canterbury,2,Male,6,Aged 15 years,924
E07000106,Canterbury,2,Male,7,Aged 16 to 17 years,1870
E07000106,Canterbury,2,Male,8,Aged 18 to 19 years,3461
E07000106,Canterbury,2,Male,9,Aged 20 to 24 years,7515
E07000106,Canterbury,2,Male,10,Aged 25 to 29 years,4313
E07000106,Canterbury,2,Male,11,Aged 30 to 34 years,4096
E07000106,Canterbury,2,Male,12,Aged 35 to 39 years,3940
E07000106,Canterbury,2,Male,13,Aged 40 to 44 years,3938
E07000106,Canterbury,2,Male,14,Aged 45 to 49 years,4288
E07000106,Canterbury,2,Male,15,Aged 50 to 54 years,4717
E07000106,Canterbury,2,Male,16,Aged 55 to 59 years,4929
E07000106,Canterbury,2,Male,17,Aged 60 to 64 years,4375
E07000106,Canterbury,2,Male,18,Aged 65 years,844
E07000106,Canterbury,2,Male,19,Aged 66 to 69 years,3198
E07000106,Canterbury,2,Male,20,Aged 70 to 74 years,4403
E07000106,Canterbury,2,Male,21,Aged 75 to 79 years,3109
E07000106,Canterbury,2,Male,22,Aged 80 to 84 years,2119
E07000106,Canterbury,2,Male,23,Aged 85 years and over,1646
E07000107,Dartford,1,Female,1,Aged 2 years and under,2360
E07000107,Dartford,1,Female,2,Aged 3 to 4 years,1608
E07000107,Dartford,1,Female,3,Aged 5 to 7 years,2463
E07000107,Dartford,1,Female,4,Aged 8 to 9 years,1597
E07000107,Dartford,1,Female,5,Aged 10 to 14 years,3936
E07000107,Dartford,1,Female,6,Aged 15 years,706
E07000107,Dartford,1,Female,7,Aged 16 to 17 years,1349
E07000107,Dartford,1,Female,8,Aged 18 to 19 years,916
E07000107,Dartford,1,Female,9,Aged 20 to 24 years,2847
E07000107,Dartford,1,Female,10,Aged 25 to 29 years,4268
E07000107,Dartford,1,Female,11,Aged 30 to 34 years,5277
E07000107,Dartford,1,Female,12,Aged 35 to 39 years,5093
E07000107,Dartford,1,Female,13,Aged 40 to 44 years,4364
E07000107,Dartford,1,Female,14,Aged 45 to 49 years,3857
E07000107,Dartford,1,Female,15,Aged 50 to 54 years,3877
E07000107,Dartford,1,Female,16,Aged 55 to 59 years,3502
E07000107,Dartford,1,Female,17,Aged 60 to 64 years,2795
E07000107,Dartford,1,Female,18,Aged 65 years,460
E07000107,Dartford,1,Female,19,Aged 66 to 69 years,1759
E07000107,Dartford,1,Female,20,Aged 70 to 74 years,2274
E07000107,Dartford,1,Female,21,Aged 75 to 79 years,1608
E07000107,Dartford,1,Female,22,Aged 80 to 84 years,1300
E07000107,Dartford,1,Female,23,Aged 85 years and over,1382
E07000107,Dartford,2,Male,1,Aged 2 years and under,2571
E07000107,Dartford,2,Male,2,Aged 3 to 4 years,1743
E07000107,Dartford,2,Male,3,Aged 5 to 7 years,2461
E07000107,Dartford,2,Male,4,Aged 8 to 9 years,1747
E07000107,Dartford,2,Male,5,Aged 10 to 14 years,4095
E07000107,Dartford,2,Male,6,Aged 15 years,768
E07000107,Dartford,2,Male,7,Aged 16 to 17 years,1407
E07000107,Dartford,2,Male,8,Aged 18 to 19 years,1082
E07000107,Dartford,2,Male,9,Aged 20 to 24 years,2781
E07000107,Dartford,2,Male,10,Aged 25 to 29 years,3652
E07000107,Dartford,2,Male,11,Aged 30 to 34 years,4584
E07000107,Dartford,2,Male,12,Aged 35 to 39 years,4536
E07000107,Dartford,2,Male,13,Aged 40 to 44 years,4379
E07000107,Dartford,2,Male,14,Aged 45 to 49 years,3981
E07000107,Dartford,2,Male,15,Aged 50 to 54 years,3778
E07000107,Dartford,2,Male,16,Aged 55 to 59 years,3561
E07000107,Dartford,2,Male,17,Aged 60 to 64 years,2771
E07000107,Dartford,2,Male,18,Aged 65 years,455
E07000107,Dartford,2,Male,19,Aged 66 to 69 years,1676
E07000107,Dartford,2,Male,20,Aged 70 to 74 years,1977
E07000107,Dartford,2,Male,21,Aged 75 to 79 years,1363
E07000107,Dartford,2,Male,22,Aged 80 to 84 years,951
E07000107,Dartford,2,Male,23,Aged 85 years and over,832
E07000108,Dover,1,Female,1,Aged 2 years and under,1590
E07000108,Dover,1,Female,2,Aged 3 to 4 years,1153
E07000108,Dover,1,Female,3,Aged 5 to 7 years,1835
E07000108,Dover,1,Female,4,Aged 8 to 9 years,1326
E07000108,Dover,1,Female,5,Aged 10 to 14 years,3320
E07000108,Dover,1,Female,6,Aged 15 years,636
E07000108,Dover,1,Female,7,Aged 16 to 17 years,1232
E07000108,Dover,1,Female,8,Aged 18 to 19 years,973
E07000108,Dover,1,Female,9,Aged 20 to 24 years,2662
E07000108,Dover,1,Female,10,Aged 25 to 29 years,3387
E07000108,Dover,1,Female,11,Aged 30 to 34 years,3541
E07000108,Dover,1,Female,12,Aged 35 to 39 years,3413
E07000108,Dover,1,Female,13,Aged 40 to 44 years,3226
E07000108,Dover,1,Female,14,Aged 45 to 49 years,3523
E07000108,Dover,1,Female,15,Aged 50 to 54 years,4165
E07000108,Dover,1,Female,16,Aged 55 to 59 years,4513
E07000108,Dover,1,Female,17,Aged 60 to 64 years,4167
E07000108,Dover,1,Female,18,Aged 65 years,806
E07000108,Dover,1,Female,19,Aged 66 to 69 years,2986
E07000108,Dover,1,Female,20,Aged 70 to 74 years,3987
E07000108,Dover,1,Female,21,Aged 75 to 79 years,2976
E07000108,Dover,1,Female,22,Aged 80 to 84 years,2037
E07000108,Dover,1,Female,23,Aged 85 years and over,2155
E07000108,Dover,2,Male,1,Aged 2 years and under,1694
E07000108,Dover,2,Male,2,Aged 3 to 4 years,1232
E07000108,Dover,2,Male,3,Aged 5 to 7 years,1979
E07000108,Dover,2,Male,4,Aged 8 to 9 years,1354
E07000108,Dover,2,Male,5,Aged 10 to 14 years,3460
E07000108,Dover,2,Male,6,Aged 15 years,701
E07000108,Dover,2,Male,7,Aged 16 to 17 years,1318
E07000108,Dover,2,Male,8,Aged 18 to 19 years,1109
E07000108,Dover,2,Male,9,Aged 20 to 24 years,2746
E07000108,Dover,2,Male,10,Aged 25 to 29 years,3159
E07000108,Dover,2,Male,11,Aged 30 to 34 years,3335
E07000108,Dover,2,Male,12,Aged 35 to 39 years,3220
E07000108,Dover,2,Male,13,Aged 40 to 44 years,3102
E07000108,Dover,2,Male,14,Aged 45 to 49 years,3211
E07000108,Dover,2,Male,15,Aged 50 to 54 years,3958
E07000108,Dover,2,Male,16,Aged 55 to 59 years,4316
E07000108,Dover,2,Male,17,Aged 60 to 64 years,3954
E07000108,Dover,2,Male,18,Aged 65 years,707
E07000108,Dover,2,Male,19,Aged 66 to 69 years,2883
E07000108,Dover,2,Male,20,Aged 70 to 74 years,3686
E07000108,Dover,2,Male,21,Aged 75 to 79 years,2697
E07000108,Dover,2,Male,22,Aged 80 to 84 years,1696
E07000108,Dover,2,Male,23,Aged 85 years and over,1284
E07000109,Gravesham,1,Female,1,Aged 2 years and under,1864
E07000109,Gravesham,1,Female,2,Aged 3 to 4 years,1369
E07000109,Gravesham,1,Female,3,Aged 5 to 7 years,2135
E07000109,Gravesham,1,Female,4,Aged 8 to 9 years,1371
E07000109,Gravesham,1,Female,5,Aged 10 to 14 years,3549
E07000109,Gravesham,1,Female,6,Aged 15 years,721
E07000109,Gravesham,1,Female,7,Aged 16 to 17 years,1236
E07000109,Gravesham,1,Female,8,Aged 18 to 19 years,980
E07000109,Gravesham,1,Female,9,Aged 20 to 24 years,2751
E07000109,Gravesham,1,Female,10,Aged 25 to 29 years,3383
E07000109,Gravesham,1,Female,11,Aged 30 to 34 years,4013
E07000109,Gravesham,1,Female,12,Aged 35 to 39 years,3988
E07000109,Gravesham,1,Female,13,Aged 40 to 44 years,3535
E07000109,Gravesham,1,Female,14,Aged 45 to 49 years,3452
E07000109,Gravesham,1,Female,15,Aged 50 to 54 years,3811
E07000109,Gravesham,1,Female,16,Aged 55 to 59 years,3560
E07000109,Gravesham,1,Female,17,Aged 60 to 64 years,2876
E07000109,Gravesham,1,Female,18,Aged 65 years,508
E07000109,Gravesham,1,Female,19,Aged 66 to 69 years,1998
E07000109,Gravesham,1,Female,20,Aged 70 to 74 years,2588
E07000109,Gravesham,1,Female,21,Aged 75 to 79 years,1929
E07000109,Gravesham,1,Female,22,Aged 80 to 84 years,1512
E07000109,Gravesham,1,Female,23,Aged 85 years and over,1539
E07000109,Gravesham,2,Male,1,Aged 2 years and under,1998
E07000109,Gravesham,2,Male,2,Aged 3 to 4 years,1369
E07000109,Gravesham,2,Male,3,Aged 5 to 7 years,2154
E07000109,Gravesham,2,Male,4,Aged 8 to 9 years,1496
E07000109,Gravesham,2,Male,5,Aged 10 to 14 years,3591
E07000109,Gravesham,2,Male,6,Aged 15 years,729
E07000109,Gravesham,2,Male,7,Aged 16 to 17 years,1362
E07000109,Gravesham,2,Male,8,Aged 18 to 19 years,1120
E07000109,Gravesham,2,Male,9,Aged 20 to 24 years,2915
E07000109,Gravesham,2,Male,10,Aged 25 to 29 years,3145
E07000109,Gravesham,2,Male,11,Aged 30 to 34 years,3607
E07000109,Gravesham,2,Male,12,Aged 35 to 39 years,3544
E07000109,Gravesham,2,Male,13,Aged 40 to 44 years,3396
E07000109,Gravesham,2,Male,14,Aged 45 to 49 years,3375
E07000109,Gravesham,2,Male,15,Aged 50 to 54 years,3649
E07000109,Gravesham,2,Male,16,Aged 55 to 59 years,3577
E07000109,Gravesham,2,Male,17,Aged 60 to 64 years,2866
E07000109,Gravesham,2,Male,18,Aged 65 years,530
E07000109,Gravesham,2,Male,19,Aged 66 to 69 years,1796
E07000109,Gravesham,2,Male,20,Aged 70 to 74 years,2291
E07000109,Gravesham,2,Male,21,Aged 75 to 79 years,1658
E07000109,Gravesham,2,Male,22,Aged 80 to 84 years,1115
E07000109,Gravesham,2,Male,23,Aged 85 years and over,951
E07000110,Maidstone,1,Female,1,Aged 2 years and under,2941
E07000110,Maidstone,1,Female,2,Aged 3 to 4 years,2094
E07000110,Maidstone,1,Female,3,Aged 5 to 7 years,3070
E07000110,Maidstone,1,Female,4,Aged 8 to 9 years,2123
E07000110,Maidstone,1,Female,5,Aged 10 to 14 years,5067
E07000110,Maidstone,1,Female,6,Aged 15 years,951
E07000110,Maidstone,1,Female,7,Aged 16 to 17 years,1865
E07000110,Maidstone,1,Female,8,Aged 18 to 19 years,1454
E07000110,Maidstone,1,Female,9,Aged 20 to 24 years,4327
E07000110,Maidstone,1,Female,10,Aged 25 to 29 years,5543
E07000110,Maidstone,1,Female,11,Aged 30 to 34 years,6280
E07000110,Maidstone,1,Female,12,Aged 35 to 39 years,6076
E07000110,Maidstone,1,Female,13,Aged 40 to 44 years,5691
E07000110,Maidstone,1,Female,14,Aged 45 to 49 years,5954
E07000110,Maidstone,1,Female,15,Aged 50 to 54 years,6217
E07000110,Maidstone,1,Female,16,Aged 55 to 59 years,5987
E07000110,Maidstone,1,Female,17,Aged 60 to 64 years,5013
E07000110,Maidstone,1,Female,18,Aged 65 years,917
E07000110,Maidstone,1,Female,19,Aged 66 to 69 years,3560
E07000110,Maidstone,1,Female,20,Aged 70 to 74 years,4888
E07000110,Maidstone,1,Female,21,Aged 75 to 79 years,3472
E07000110,Maidstone,1,Female,22,Aged 80 to 84 years,2599
E07000110,Maidstone,1,Female,23,Aged 85 years and over,2730
E07000110,Maidstone,2,Male,1,Aged 2 years and under,3144
E07000110,Maidstone,2,Male,2,Aged 3 to 4 years,2211
E07000110,Maidstone,2,Male,3,Aged 5 to 7 years,3342
E07000110,Maidstone,2,Male,4,Aged 8 to 9 years,2339
E07000110,Maidstone,2,Male,5,Aged 10 to 14 years,5332
E07000110,Maidstone,2,Male,6,Aged 15 years,1032
E07000110,Maidstone,2,Male,7,Aged 16 to 17 years,2076
E07000110,Maidstone,2,Male,8,Aged 18 to 19 years,1542
E07000110,Maidstone,2,Male,9,Aged 20 to 24 years,4532
E07000110,Maidstone,2,Male,10,Aged 25 to 29 years,5663
E07000110,Maidstone,2,Male,11,Aged 30 to 34 years,5951
E07000110,Maidstone,2,Male,12,Aged 35 to 39 years,5935
E07000110,Maidstone,2,Male,13,Aged 40 to 44 years,5639
E07000110,Maidstone,2,Male,14,Aged 45 to 49 years,5711
E07000110,Maidstone,2,Male,15,Aged 50 to 54 years,6360
E07000110,Maidstone,2,Male,16,Aged 55 to 59 years,5890
E07000110,Maidstone,2,Male,17,Aged 60 to 64 years,4904
E07000110,Maidstone,2,Male,18,Aged 65 years,870
E07000110,Maidstone,2,Male,19,Aged 66 to 69 years,3188
E07000110,Maidstone,2,Male,20,Aged 70 to 74 years,4411
E07000110,Maidstone,2,Male,21,Aged 75 to 79 years,3190
E07000110,Maidstone,2,Male,22,Aged 80 to 84 years,2030
E07000110,Maidstone,2,Male,23,Aged 85 years and over,1670
E07000111,Sevenoaks,1,Female,1,Aged 2 years and under,1860
E07000111,Sevenoaks,1,Female,2,Aged 3 to 4 years,1407
E07000111,Sevenoaks,1,Female,3,Aged 5 to 7 years,2209
E07000111,Sevenoaks,1,Female,4,Aged 8 to 9 years,1542
E07000111,Sevenoaks,1,Female,5,Aged 10 to 14 years,3901
E07000111,Sevenoaks,1,Female,6,Aged 15 years,777
E07000111,Sevenoaks,1,Female,7,Aged 16 to 17 years,1514
E07000111,Sevenoaks,1,Female,8,Aged 18 to 19 years,978
E07000111,Sevenoaks,1,Female,9,Aged 20 to 24 years,2414
E07000111,Sevenoaks,1,Female,10,Aged 25 to 29 years,2981
E07000111,Sevenoaks,1,Female,11,Aged 30 to 34 years,3541
E07000111,Sevenoaks,1,Female,12,Aged 35 to 39 years,3910
E07000111,Sevenoaks,1,Female,13,Aged 40 to 44 years,4099
E07000111,Sevenoaks,1,Female,14,Aged 45 to 49 years,4189
E07000111,Sevenoaks,1,Female,15,Aged 50 to 54 years,4596
E07000111,Sevenoaks,1,Female,16,Aged 55 to 59 years,4449
E07000111,Sevenoaks,1,Female,17,Aged 60 to 64 years,3807
E07000111,Sevenoaks,1,Female,18,Aged 65 years,651
E07000111,Sevenoaks,1,Female,19,Aged 66 to 69 years,2630
E07000111,Sevenoaks,1,Female,20,Aged 70 to 74 years,3681
E07000111,Sevenoaks,1,Female,21,Aged 75 to 79 years,2740
E07000111,Sevenoaks,1,Female,22,Aged 80 to 84 years,2038
E07000111,Sevenoaks,1,Female,23,Aged 85 years and over,2391
E07000111,Sevenoaks,2,Male,1,Aged 2 years and under,1998
E07000111,Sevenoaks,2,Male,2,Aged 3 to 4 years,1459
E07000111,Sevenoaks,2,Male,3,Aged 5 to 7 years,2198
E07000111,Sevenoaks,2,Male,4,Aged 8 to 9 years,1636
E07000111,Sevenoaks,2,Male,5,Aged 10 to 14 years,4159
E07000111,Sevenoaks,2,Male,6,Aged 15 years,767
E07000111,Sevenoaks,2,Male,7,Aged 16 to 17 years,1488
E07000111,Sevenoaks,2,Male,8,Aged 18 to 19 years,1016
E07000111,Sevenoaks,2,Male,9,Aged 20 to 24 years,2547
E07000111,Sevenoaks,2,Male,10,Aged 25 to 29 years,2724
E07000111,Sevenoaks,2,Male,11,Aged 30 to 34 years,3129
E07000111,Sevenoaks,2,Male,12,Aged 35 to 39 years,3425
E07000111,Sevenoaks,2,Male,13,Aged 40 to 44 years,3723
E07000111,Sevenoaks,2,Male,14,Aged 45 to 49 years,4038
E07000111,Sevenoaks,2,Male,15,Aged 50 to 54 years,4250
E07000111,Sevenoaks,2,Male,16,Aged 55 to 59 years,4305
E07000111,Sevenoaks,2,Male,17,Aged 60 to 64 years,3552
E07000111,Sevenoaks,2,Male,18,Aged 65 years,634
E07000111,Sevenoaks,2,Male,19,Aged 66 to 69 years,2495
E07000111,Sevenoaks,2,Male,20,Aged 70 to 74 years,3250
E07000111,Sevenoaks,2,Male,21,Aged 75 to 79 years,2414
E07000111,Sevenoaks,2,Male,22,Aged 80 to 84 years,1568
E07000111,Sevenoaks,2,Male,23,Aged 85 years and over,1436
E07000112,Folkestone and Hythe,1,Female,1,Aged 2 years and under,1417
E07000112,Folkestone and Hythe,1,Female,2,Aged 3 to 4 years,1044
E07000112,Folkestone and Hythe,1,Female,3,Aged 5 to 7 years,1676
E07000112,Folkestone and Hythe,1,Female,4,Aged 8 to 9 years,1158
E07000112,Folkestone and Hythe,1,Female,5,Aged 10 to 14 years,3018
E07000112,Folkestone and Hythe,1,Female,6,Aged 15 years,557
E07000112,Folkestone and Hythe,1,Female,7,Aged 16 to 17 years,1053
E07000112,Folkestone and Hythe,1,Female,8,Aged 18 to 19 years,851
E07000112,Folkestone and Hythe,1,Female,9,Aged 20 to 24 years,2459
E07000112,Folkestone and Hythe,1,Female,10,Aged 25 to 29 years,2938
E07000112,Folkestone and Hythe,1,Female,11,Aged 30 to 34 years,3260
E07000112,Folkestone and Hythe,1,Female,12,Aged 35 to 39 years,3090
E07000112,Folkestone and Hythe,1,Female,13,Aged 40 to 44 years,3244
E07000112,Folkestone and Hythe,1,Female,14,Aged 45 to 49 years,3464
E07000112,Folkestone and Hythe,1,Female,15,Aged 50 to 54 years,4057
E07000112,Folkestone and Hythe,1,Female,16,Aged 55 to 59 years,4248
E07000112,Folkestone and Hythe,1,Female,17,Aged 60 to 64 years,3851
E07000112,Folkestone and Hythe,1,Female,18,Aged 65 years,696
E07000112,Folkestone and Hythe,1,Female,19,Aged 66 to 69 years,2953
E07000112,Folkestone and Hythe,1,Female,20,Aged 70 to 74 years,3981
E07000112,Folkestone and Hythe,1,Female,21,Aged 75 to 79 years,2968
E07000112,Folkestone and Hythe,1,Female,22,Aged 80 to 84 years,2025
E07000112,Folkestone and Hythe,1,Female,23,Aged 85 years and over,2173
E07000112,Folkestone and Hythe,2,Male,1,Aged 2 years and under,1567
E07000112,Folkestone and Hythe,2,Male,2,Aged 3 to 4 years,1084
E07000112,Folkestone and Hythe,2,Male,3,Aged 5 to 7 years,1683
E07000112,Folkestone and Hythe,2,Male,4,Aged 8 to 9 years,1270
E07000112,Folkestone and Hythe,2,Male,5,Aged 10 to 14 years,3152
E07000112,Folkestone and Hythe,2,Male,6,Aged 15 years,577
E07000112,Folkestone and Hythe,2,Male,7,Aged 16 to 17 years,1157
E07000112,Folkestone and Hythe,2,Male,8,Aged 18 to 19 years,1039
E07000112,Folkestone and Hythe,2,Male,9,Aged 20 to 24 years,2791
E07000112,Folkestone and Hythe,2,Male,10,Aged 25 to 29 years,2899
E07000112,Folkestone and Hythe,2,Male,11,Aged 30 to 34 years,2934
E07000112,Folkestone and Hythe,2,Male,12,Aged 35 to 39 years,2839
E07000112,Folkestone and Hythe,2,Male,13,Aged 40 to 44 years,2960
E07000112,Folkestone and Hythe,2,Male,14,Aged 45 to 49 years,3209
E07000112,Folkestone and Hythe,2,Male,15,Aged 50 to 54 years,3955
E07000112,Folkestone and Hythe,2,Male,16,Aged 55 to 59 years,4125
E07000112,Folkestone and Hythe,2,Male,17,Aged 60 to 64 years,3702
E07000112,Folkestone and Hythe,2,Male,18,Aged 65 years,643
E07000112,Folkestone and Hythe,2,Male,19,Aged 66 to 69 years,2630
E07000112,Folkestone and Hythe,2,Male,20,Aged 70 to 74 years,3790
E07000112,Folkestone and Hythe,2,Male,21,Aged 75 to 79 years,2596
E07000112,Folkestone and Hythe,2,Male,22,Aged 80 to 84 years,1674
E07000112,Folkestone and Hythe,2,Male,23,Aged 85 years and over,1301
E07000113,Swale,1,Female,1,Aged 2 years and under,2578
E07000113,Swale,1,Female,2,Aged 3 to 4 years,1820
E07000113,Swale,1,Female,3,Aged 5 to 7 years,2698
E07000113,Swale,1,Female,4,Aged 8 to 9 years,1867
E07000113,Swale,1,Female,5,Aged 10 to 14 years,4641
E07000113,Swale,1,Female,6,Aged 15 years,853
E07000113,Swale,1,Female,7,Aged 16 to 17 years,1668
E07000113,Swale,1,Female,8,Aged 18 to 19 years,1410
E07000113,Swale,1,Female,9,Aged 20 to 24 years,3861
E07000113,Swale,1,Female,10,Aged 25 to 29 years,4656
E07000113,Swale,1,Female,11,Aged 30 to 34 years,5270
E07000113,Swale,1,Female,12,Aged 35 to 39 years,5014
E07000113,Swale,1,Female,13,Aged 40 to 44 years,4640
E07000113,Swale,1,Female,14,Aged 45 to 49 years,4729
E07000113,Swale,1,Female,15,Aged 50 to 54 years,5353
E07000113,Swale,1,Female,16,Aged 55 to 59 years,5401
E07000113,Swale,1,Female,17,Aged 60 to 64 years,4458
E07000113,Swale,1,Female,18,Aged 65 years,805
E07000113,Swale,1,Female,19,Aged 66 to 69 years,3066
E07000113,Swale,1,Female,20,Aged 70 to 74 years,4344
E07000113,Swale,1,Female,21,Aged 75 to 79 years,3081
E07000113,Swale,1,Female,22,Aged 80 to 84 years,2101
E07000113,Swale,1,Female,23,Aged 85 years and over,2047
E07000113,Swale,2,Male,1,Aged 2 years and under,2620
E07000113,Swale,2,Male,2,Aged 3 to 4 years,1879
E07000113,Swale,2,Male,3,Aged 5 to 7 years,2829
E07000113,Swale,2,Male,4,Aged 8 to 9 years,2043
E07000113,Swale,2,Male,5,Aged 10 to 14 years,4903
E07000113,Swale,2,Male,6,Aged 15 years,947
E07000113,Swale,2,Male,7,Aged 16 to 17 years,1803
E07000113,Swale,2,Male,8,Aged 18 to 19 years,1503
E07000113,Swale,2,Male,9,Aged 20 to 24 years,4101
E07000113,Swale,2,Male,10,Aged 25 to 29 years,4761
E07000113,Swale,2,Male,11,Aged 30 to 34 years,5207
E07000113,Swale,2,Male,12,Aged 35 to 39 years,4946
E07000113,Swale,2,Male,13,Aged 40 to 44 years,4613
E07000113,Swale,2,Male,14,Aged 45 to 49 years,4672
E07000113,Swale,2,Male,15,Aged 50 to 54 years,5237
E07000113,Swale,2,Male,16,Aged 55 to 59 years,5302
E07000113,Swale,2,Male,17,Aged 60 to 64 years,4484
E07000113,Swale,2,Male,18,Aged 65 years,805
E07000113,Swale,2,Male,19,Aged 66 to 69 years,2969
E07000113,Swale,2,Male,20,Aged 70 to 74 years,3987
E07000113,Swale,2,Male,21,Aged 75 to 79 years,2756
E07000113,Swale,2,Male,22,Aged 80 to 84 years,1736
E07000113,Swale,2,Male,23,Aged 85 years and over,1215
E07000114,Thanet,1,Female,1,Aged 2 years and under,2044
E07000114,Thanet,1,Female,2,Aged 3 to 4 years,1435
E07000114,Thanet,1,Female,3,Aged 5 to 7 years,2243
E07000114,Thanet,1,Female,4,Aged 8 to 9 years,1561
E07000114,Thanet,1,Female,5,Aged 10 to 14 years,4027
E07000114,Thanet,1,Female,6,Aged 15 years,763
E07000114,Thanet,1,Female,7,Aged 16 to 17 years,1398
E07000114,Thanet,1,Female,8,Aged 18 to 19 years,1170
E07000114,Thanet,1,Female,9,Aged 20 to 24 years,3338
E07000114,Thanet,1,Female,10,Aged 25 to 29 years,4116
E07000114,Thanet,1,Female,11,Aged 30 to 34 years,4598
E07000114,Thanet,1,Female,12,Aged 35 to 39 years,4327
E07000114,Thanet,1,Female,13,Aged 40 to 44 years,4165
E07000114,Thanet,1,Female,14,Aged 45 to 49 years,4460
E07000114,Thanet,1,Female,15,Aged 50 to 54 years,5195
E07000114,Thanet,1,Female,16,Aged 55 to 59 years,5094
E07000114,Thanet,1,Female,17,Aged 60 to 64 years,4669
E07000114,Thanet,1,Female,18,Aged 65 years,891
E07000114,Thanet,1,Female,19,Aged 66 to 69 years,3629
E07000114,Thanet,1,Female,20,Aged 70 to 74 years,4895
E07000114,Thanet,1,Female,21,Aged 75 to 79 years,3655
E07000114,Thanet,1,Female,22,Aged 80 to 84 years,2514
E07000114,Thanet,1,Female,23,Aged 85 years and over,2740
E07000114,Thanet,2,Male,1,Aged 2 years and under,2265
E07000114,Thanet,2,Male,2,Aged 3 to 4 years,1590
E07000114,Thanet,2,Male,3,Aged 5 to 7 years,2377
E07000114,Thanet,2,Male,4,Aged 8 to 9 years,1786
E07000114,Thanet,2,Male,5,Aged 10 to 14 years,4274
E07000114,Thanet,2,Male,6,Aged 15 years,804
E07000114,Thanet,2,Male,7,Aged 16 to 17 years,1699
E07000114,Thanet,2,Male,8,Aged 18 to 19 years,1309
E07000114,Thanet,2,Male,9,Aged 20 to 24 years,3406
E07000114,Thanet,2,Male,10,Aged 25 to 29 years,3632
E07000114,Thanet,2,Male,11,Aged 30 to 34 years,3937
E07000114,Thanet,2,Male,12,Aged 35 to 39 years,3922
E07000114,Thanet,2,Male,13,Aged 40 to 44 years,3918
E07000114,Thanet,2,Male,14,Aged 45 to 49 years,4029
E07000114,Thanet,2,Male,15,Aged 50 to 54 years,4567
E07000114,Thanet,2,Male,16,Aged 55 to 59 years,4881
E07000114,Thanet,2,Male,17,Aged 60 to 64 years,4330
E07000114,Thanet,2,Male,18,Aged 65 years,789
E07000114,Thanet,2,Male,19,Aged 66 to 69 years,3164
E07000114,Thanet,2,Male,20,Aged 70 to 74 years,4386
E07000114,Thanet,2,Male,21,Aged 75 to 79 years,3109
E07000114,Thanet,2,Male,22,Aged 80 to 84 years,1958
E07000114,Thanet,2,Male,23,Aged 85 years and over,1527
E07000115,Tonbridge and Malling,1,Female,1,Aged 2 years and under,2095
E07000115,Tonbridge and Malling,1,Female,2,Aged 3 to 4 years,1650
E07000115,Tonbridge and Malling,1,Female,3,Aged 5 to 7 years,2407
E07000115,Tonbridge and Malling,1,Female,4,Aged 8 to 9 years,1734
E07000115,Tonbridge and Malling,1,Female,5,Aged 10 to 14 years,4208
E07000115,Tonbridge and Malling,1,Female,6,Aged 15 years,825
E07000115,Tonbridge and Malling,1,Female,7,Aged 16 to 17 years,1596
E07000115,Tonbridge and Malling,1,Female,8,Aged 18 to 19 years,1122
E07000115,Tonbridge and Malling,1,Female,9,Aged 20 to 24 years,2894
E07000115,Tonbridge and Malling,1,Female,10,Aged 25 to 29 years,3779
E07000115,Tonbridge and Malling,1,Female,11,Aged 30 to 34 years,4285
E07000115,Tonbridge and Malling,1,Female,12,Aged 35 to 39 years,4429
E07000115,Tonbridge and Malling,1,Female,13,Aged 40 to 44 years,4590
E07000115,Tonbridge and Malling,1,Female,14,Aged 45 to 49 years,4816
E07000115,Tonbridge and Malling,1,Female,15,Aged 50 to 54 years,5003
E07000115,Tonbridge and Malling,1,Female,16,Aged 55 to 59 years,4824
E07000115,Tonbridge and Malling,1,Female,17,Aged 60 to 64 years,3847
E07000115,Tonbridge and Malling,1,Female,18,Aged 65 years,676
E07000115,Tonbridge and Malling,1,Female,19,Aged 66 to 69 years,2571
E07000115,Tonbridge and Malling,1,Female,20,Aged 70 to 74 years,3610
E07000115,Tonbridge and Malling,1,Female,21,Aged 75 to 79 years,2807
E07000115,Tonbridge and Malling,1,Female,22,Aged 80 to 84 years,2024
E07000115,Tonbridge and Malling,1,Female,23,Aged 85 years and over,2058
E07000115,Tonbridge and Malling,2,Male,1,Aged 2 years and under,2289
E07000115,Tonbridge and Malling,2,Male,2,Aged 3 to 4 years,1647
E07000115,Tonbridge and Malling,2,Male,3,Aged 5 to 7 years,2548
E07000115,Tonbridge and Malling,2,Male,4,Aged 8 to 9 years,1845
E07000115,Tonbridge and Malling,2,Male,5,Aged 10 to 14 years,4512
E07000115,Tonbridge and Malling,2,Male,6,Aged 15 years,918
E07000115,Tonbridge and Malling,2,Male,7,Aged 16 to 17 years,1803
E07000115,Tonbridge and Malling,2,Male,8,Aged 18 to 19 years,1283
E07000115,Tonbridge and Malling,2,Male,9,Aged 20 to 24 years,2940
E07000115,Tonbridge and Malling,2,Male,10,Aged 25 to 29 years,3348
E07000115,Tonbridge and Malling,2,Male,11,Aged 30 to 34 years,3779
E07000115,Tonbridge and Malling,2,Male,12,Aged 35 to 39 years,3879
E07000115,Tonbridge and Malling,2,Male,13,Aged 40 to 44 years,4110
E07000115,Tonbridge and Malling,2,Male,14,Aged 45 to 49 years,4628
E07000115,Tonbridge and Malling,2,Male,15,Aged 50 to 54 years,4856
E07000115,Tonbridge and Malling,2,Male,16,Aged 55 to 59 years,4584
E07000115,Tonbridge and Malling,2,Male,17,Aged 60 to 64 years,3826
E07000115,Tonbridge and Malling,2,Male,18,Aged 65 years,612
E07000115,Tonbridge and Malling,2,Male,19,Aged 66 to 69 years,2487
E07000115,Tonbridge and Malling,2,Male,20,Aged 70 to 74 years,3216
E07000115,Tonbridge and Malling,2,Male,21,Aged 75 to 79 years,2322
E07000115,Tonbridge and Malling,2,Male,22,Aged 80 to 84 years,1619
E07000115,Tonbridge and Malling,2,Male,23,Aged 85 years and over,1304
E07000116,Tunbridge Wells,1,Female,1,Aged 2 years and under,1730
E07000116,Tunbridge Wells,1,Female,2,Aged 3 to 4 years,1266
E07000116,Tunbridge Wells,1,Female,3,Aged 5 to 7 years,1978
E07000116,Tunbridge Wells,1,Female,4,Aged 8 to 9 years,1478
E07000116,Tunbridge Wells,1,Female,5,Aged 10 to 14 years,3961
E07000116,Tunbridge Wells,1,Female,6,Aged 15 years,762
E07000116,Tunbridge Wells,1,Female,7,Aged 16 to 17 years,1554
E07000116,Tunbridge Wells,1,Female,8,Aged 18 to 19 years,946
E07000116,Tunbridge Wells,1,Female,9,Aged 20 to 24 years,2400
E07000116,Tunbridge Wells,1,Female,10,Aged 25 to 29 years,3084
E07000116,Tunbridge Wells,1,Female,11,Aged 30 to 34 years,3572
E07000116,Tunbridge Wells,1,Female,12,Aged 35 to 39 years,3834
E07000116,Tunbridge Wells,1,Female,13,Aged 40 to 44 years,4025
E07000116,Tunbridge Wells,1,Female,14,Aged 45 to 49 years,4386
E07000116,Tunbridge Wells,1,Female,15,Aged 50 to 54 years,4568
E07000116,Tunbridge Wells,1,Female,16,Aged 55 to 59 years,4085
E07000116,Tunbridge Wells,1,Female,17,Aged 60 to 64 years,3454
E07000116,Tunbridge Wells,1,Female,18,Aged 65 years,543
E07000116,Tunbridge Wells,1,Female,19,Aged 66 to 69 years,2316
E07000116,Tunbridge Wells,1,Female,20,Aged 70 to 74 years,3091
E07000116,Tunbridge Wells,1,Female,21,Aged 75 to 79 years,2427
E07000116,Tunbridge Wells,1,Female,22,Aged 80 to 84 years,1769
E07000116,Tunbridge Wells,1,Female,23,Aged 85 years and over,2135
E07000116,Tunbridge Wells,2,Male,1,Aged 2 years and under,1821
E07000116,Tunbridge Wells,2,Male,2,Aged 3 to 4 years,1350
E07000116,Tunbridge Wells,2,Male,3,Aged 5 to 7 years,2097
E07000116,Tunbridge Wells,2,Male,4,Aged 8 to 9 years,1543
E07000116,Tunbridge Wells,2,Male,5,Aged 10 to 14 years,4175
E07000116,Tunbridge Wells,2,Male,6,Aged 15 years,748
E07000116,Tunbridge Wells,2,Male,7,Aged 16 to 17 years,1489
E07000116,Tunbridge Wells,2,Male,8,Aged 18 to 19 years,1007
E07000116,Tunbridge Wells,2,Male,9,Aged 20 to 24 years,2431
E07000116,Tunbridge Wells,2,Male,10,Aged 25 to 29 years,2923
E07000116,Tunbridge Wells,2,Male,11,Aged 30 to 34 years,3261
E07000116,Tunbridge Wells,2,Male,12,Aged 35 to 39 years,3432
E07000116,Tunbridge Wells,2,Male,13,Aged 40 to 44 years,3760
E07000116,Tunbridge Wells,2,Male,14,Aged 45 to 49 years,4099
E07000116,Tunbridge Wells,2,Male,15,Aged 50 to 54 years,4416
E07000116,Tunbridge Wells,2,Male,16,Aged 55 to 59 years,4010
E07000116,Tunbridge Wells,2,Male,17,Aged 60 to 64 years,3292
E07000116,Tunbridge Wells,2,Male,18,Aged 65 years,529
E07000116,Tunbridge Wells,2,Male,19,Aged 66 to 69 years,2060
E07000116,Tunbridge Wells,2,Male,20,Aged 70 to 74 years,2791
E07000116,Tunbridge Wells,2,Male,21,Aged 75 to 79 years,2060
E07000116,Tunbridge Wells,2,Male,22,Aged 80 to 84 years,1390
E07000116,Tunbridge Wells,2,Male,23,Aged 85 years and over,1262
E07000117,Burnley,1,Female,1,Aged 2 years and under,1671
E07000117,Burnley,1,Female,2,Aged 3 to 4 years,1125
E07000117,Burnley,1,Female,3,Aged 5 to 7 years,1784
E07000117,Burnley,1,Female,4,Aged 8 to 9 years,1233
E07000117,Burnley,1,Female,5,Aged 10 to 14 years,3006
E07000117,Burnley,1,Female,6,Aged 15 years,639
E07000117,Burnley,1,Female,7,Aged 16 to 17 years,1107
E07000117,Burnley,1,Female,8,Aged 18 to 19 years,888
E07000117,Burnley,1,Female,9,Aged 20 to 24 years,2565
E07000117,Burnley,1,Female,10,Aged 25 to 29 years,3177
E07000117,Burnley,1,Female,11,Aged 30 to 34 years,3504
E07000117,Burnley,1,Female,12,Aged 35 to 39 years,3153
E07000117,Burnley,1,Female,13,Aged 40 to 44 years,2869
E07000117,Burnley,1,Female,14,Aged 45 to 49 years,2901
E07000117,Burnley,1,Female,15,Aged 50 to 54 years,3123
E07000117,Burnley,1,Female,16,Aged 55 to 59 years,3217
E07000117,Burnley,1,Female,17,Aged 60 to 64 years,2763
E07000117,Burnley,1,Female,18,Aged 65 years,516
E07000117,Burnley,1,Female,19,Aged 66 to 69 years,1919
E07000117,Burnley,1,Female,20,Aged 70 to 74 years,2527
E07000117,Burnley,1,Female,21,Aged 75 to 79 years,1768
E07000117,Burnley,1,Female,22,Aged 80 to 84 years,1177
E07000117,Burnley,1,Female,23,Aged 85 years and over,1218
E07000117,Burnley,2,Male,1,Aged 2 years and under,1736
E07000117,Burnley,2,Male,2,Aged 3 to 4 years,1229
E07000117,Burnley,2,Male,3,Aged 5 to 7 years,1871
E07000117,Burnley,2,Male,4,Aged 8 to 9 years,1286
E07000117,Burnley,2,Male,5,Aged 10 to 14 years,3272
E07000117,Burnley,2,Male,6,Aged 15 years,599
E07000117,Burnley,2,Male,7,Aged 16 to 17 years,1187
E07000117,Burnley,2,Male,8,Aged 18 to 19 years,1052
E07000117,Burnley,2,Male,9,Aged 20 to 24 years,2606
E07000117,Burnley,2,Male,10,Aged 25 to 29 years,2970
E07000117,Burnley,2,Male,11,Aged 30 to 34 years,3249
E07000117,Burnley,2,Male,12,Aged 35 to 39 years,3158
E07000117,Burnley,2,Male,13,Aged 40 to 44 years,2827
E07000117,Burnley,2,Male,14,Aged 45 to 49 years,2827
E07000117,Burnley,2,Male,15,Aged 50 to 54 years,3206
E07000117,Burnley,2,Male,16,Aged 55 to 59 years,3123
E07000117,Burnley,2,Male,17,Aged 60 to 64 years,2826
E07000117,Burnley,2,Male,18,Aged 65 years,481
E07000117,Burnley,2,Male,19,Aged 66 to 69 years,1815
E07000117,Burnley,2,Male,20,Aged 70 to 74 years,2292
E07000117,Burnley,2,Male,21,Aged 75 to 79 years,1553
E07000117,Burnley,2,Male,22,Aged 80 to 84 years,971
E07000117,Burnley,2,Male,23,Aged 85 years and over,661
E07000118,Chorley,1,Female,1,Aged 2 years and under,1680
E07000118,Chorley,1,Female,2,Aged 3 to 4 years,1300
E07000118,Chorley,1,Female,3,Aged 5 to 7 years,1986
E07000118,Chorley,1,Female,4,Aged 8 to 9 years,1402
E07000118,Chorley,1,Female,5,Aged 10 to 14 years,3413
E07000118,Chorley,1,Female,6,Aged 15 years,620
E07000118,Chorley,1,Female,7,Aged 16 to 17 years,1257
E07000118,Chorley,1,Female,8,Aged 18 to 19 years,925
E07000118,Chorley,1,Female,9,Aged 20 to 24 years,2572
E07000118,Chorley,1,Female,10,Aged 25 to 29 years,3312
E07000118,Chorley,1,Female,11,Aged 30 to 34 years,3879
E07000118,Chorley,1,Female,12,Aged 35 to 39 years,3931
E07000118,Chorley,1,Female,13,Aged 40 to 44 years,3634
E07000118,Chorley,1,Female,14,Aged 45 to 49 years,3963
E07000118,Chorley,1,Female,15,Aged 50 to 54 years,4472
E07000118,Chorley,1,Female,16,Aged 55 to 59 years,4350
E07000118,Chorley,1,Female,17,Aged 60 to 64 years,3636
E07000118,Chorley,1,Female,18,Aged 65 years,696
E07000118,Chorley,1,Female,19,Aged 66 to 69 years,2572
E07000118,Chorley,1,Female,20,Aged 70 to 74 years,3564
E07000118,Chorley,1,Female,21,Aged 75 to 79 years,2520
E07000118,Chorley,1,Female,22,Aged 80 to 84 years,1772
E07000118,Chorley,1,Female,23,Aged 85 years and over,1589
E07000118,Chorley,2,Male,1,Aged 2 years and under,1728
E07000118,Chorley,2,Male,2,Aged 3 to 4 years,1354
E07000118,Chorley,2,Male,3,Aged 5 to 7 years,2082
E07000118,Chorley,2,Male,4,Aged 8 to 9 years,1502
E07000118,Chorley,2,Male,5,Aged 10 to 14 years,3574
E07000118,Chorley,2,Male,6,Aged 15 years,722
E07000118,Chorley,2,Male,7,Aged 16 to 17 years,1325
E07000118,Chorley,2,Male,8,Aged 18 to 19 years,1024
E07000118,Chorley,2,Male,9,Aged 20 to 24 years,2767
E07000118,Chorley,2,Male,10,Aged 25 to 29 years,3293
E07000118,Chorley,2,Male,11,Aged 30 to 34 years,3780
E07000118,Chorley,2,Male,12,Aged 35 to 39 years,3874
E07000118,Chorley,2,Male,13,Aged 40 to 44 years,3722
E07000118,Chorley,2,Male,14,Aged 45 to 49 years,4056
E07000118,Chorley,2,Male,15,Aged 50 to 54 years,4516
E07000118,Chorley,2,Male,16,Aged 55 to 59 years,4307
E07000118,Chorley,2,Male,17,Aged 60 to 64 years,3658
E07000118,Chorley,2,Male,18,Aged 65 years,578
E07000118,Chorley,2,Male,19,Aged 66 to 69 years,2550
E07000118,Chorley,2,Male,20,Aged 70 to 74 years,3436
E07000118,Chorley,2,Male,21,Aged 75 to 79 years,2431
E07000118,Chorley,2,Male,22,Aged 80 to 84 years,1416
E07000118,Chorley,2,Male,23,Aged 85 years and over,992
E07000119,Fylde,1,Female,1,Aged 2 years and under,911
E07000119,Fylde,1,Female,2,Aged 3 to 4 years,703
E07000119,Fylde,1,Female,3,Aged 5 to 7 years,1105
E07000119,Fylde,1,Female,4,Aged 8 to 9 years,850
E07000119,Fylde,1,Female,5,Aged 10 to 14 years,2017
E07000119,Fylde,1,Female,6,Aged 15 years,392
E07000119,Fylde,1,Female,7,Aged 16 to 17 years,797
E07000119,Fylde,1,Female,8,Aged 18 to 19 years,553
E07000119,Fylde,1,Female,9,Aged 20 to 24 years,1561
E07000119,Fylde,1,Female,10,Aged 25 to 29 years,1872
E07000119,Fylde,1,Female,11,Aged 30 to 34 years,2140
E07000119,Fylde,1,Female,12,Aged 35 to 39 years,2222
E07000119,Fylde,1,Female,13,Aged 40 to 44 years,2146
E07000119,Fylde,1,Female,14,Aged 45 to 49 years,2443
E07000119,Fylde,1,Female,15,Aged 50 to 54 years,3046
E07000119,Fylde,1,Female,16,Aged 55 to 59 years,3433
E07000119,Fylde,1,Female,17,Aged 60 to 64 years,3201
E07000119,Fylde,1,Female,18,Aged 65 years,578
E07000119,Fylde,1,Female,19,Aged 66 to 69 years,2169
E07000119,Fylde,1,Female,20,Aged 70 to 74 years,3121
E07000119,Fylde,1,Female,21,Aged 75 to 79 years,2397
E07000119,Fylde,1,Female,22,Aged 80 to 84 years,1846
E07000119,Fylde,1,Female,23,Aged 85 years and over,2014
E07000119,Fylde,2,Male,1,Aged 2 years and under,1000
E07000119,Fylde,2,Male,2,Aged 3 to 4 years,701
E07000119,Fylde,2,Male,3,Aged 5 to 7 years,1122
E07000119,Fylde,2,Male,4,Aged 8 to 9 years,843
E07000119,Fylde,2,Male,5,Aged 10 to 14 years,2058
E07000119,Fylde,2,Male,6,Aged 15 years,428
E07000119,Fylde,2,Male,7,Aged 16 to 17 years,867
E07000119,Fylde,2,Male,8,Aged 18 to 19 years,668
E07000119,Fylde,2,Male,9,Aged 20 to 24 years,1688
E07000119,Fylde,2,Male,10,Aged 25 to 29 years,1906
E07000119,Fylde,2,Male,11,Aged 30 to 34 years,2123
E07000119,Fylde,2,Male,12,Aged 35 to 39 years,2238
E07000119,Fylde,2,Male,13,Aged 40 to 44 years,2065
E07000119,Fylde,2,Male,14,Aged 45 to 49 years,2301
E07000119,Fylde,2,Male,15,Aged 50 to 54 years,2981
E07000119,Fylde,2,Male,16,Aged 55 to 59 years,3230
E07000119,Fylde,2,Male,17,Aged 60 to 64 years,3123
E07000119,Fylde,2,Male,18,Aged 65 years,560
E07000119,Fylde,2,Male,19,Aged 66 to 69 years,2270
E07000119,Fylde,2,Male,20,Aged 70 to 74 years,2874
E07000119,Fylde,2,Male,21,Aged 75 to 79 years,2273
E07000119,Fylde,2,Male,22,Aged 80 to 84 years,1356
E07000119,Fylde,2,Male,23,Aged 85 years and over,1185
E07000120,Hyndburn,1,Female,1,Aged 2 years and under,1375
E07000120,Hyndburn,1,Female,2,Aged 3 to 4 years,992
E07000120,Hyndburn,1,Female,3,Aged 5 to 7 years,1560
E07000120,Hyndburn,1,Female,4,Aged 8 to 9 years,1109
E07000120,Hyndburn,1,Female,5,Aged 10 to 14 years,2661
E07000120,Hyndburn,1,Female,6,Aged 15 years,502
E07000120,Hyndburn,1,Female,7,Aged 16 to 17 years,967
E07000120,Hyndburn,1,Female,8,Aged 18 to 19 years,843
E07000120,Hyndburn,1,Female,9,Aged 20 to 24 years,2292
E07000120,Hyndburn,1,Female,10,Aged 25 to 29 years,2741
E07000120,Hyndburn,1,Female,11,Aged 30 to 34 years,2903
E07000120,Hyndburn,1,Female,12,Aged 35 to 39 years,2664
E07000120,Hyndburn,1,Female,13,Aged 40 to 44 years,2458
E07000120,Hyndburn,1,Female,14,Aged 45 to 49 years,2598
E07000120,Hyndburn,1,Female,15,Aged 50 to 54 years,2855
E07000120,Hyndburn,1,Female,16,Aged 55 to 59 years,2771
E07000120,Hyndburn,1,Female,17,Aged 60 to 64 years,2474
E07000120,Hyndburn,1,Female,18,Aged 65 years,420
E07000120,Hyndburn,1,Female,19,Aged 66 to 69 years,1616
E07000120,Hyndburn,1,Female,20,Aged 70 to 74 years,2120
E07000120,Hyndburn,1,Female,21,Aged 75 to 79 years,1611
E07000120,Hyndburn,1,Female,22,Aged 80 to 84 years,1135
E07000120,Hyndburn,1,Female,23,Aged 85 years and over,1089
E07000120,Hyndburn,2,Male,1,Aged 2 years and under,1514
E07000120,Hyndburn,2,Male,2,Aged 3 to 4 years,1045
E07000120,Hyndburn,2,Male,3,Aged 5 to 7 years,1509
E07000120,Hyndburn,2,Male,4,Aged 8 to 9 years,1101
E07000120,Hyndburn,2,Male,5,Aged 10 to 14 years,2672
E07000120,Hyndburn,2,Male,6,Aged 15 years,562
E07000120,Hyndburn,2,Male,7,Aged 16 to 17 years,1172
E07000120,Hyndburn,2,Male,8,Aged 18 to 19 years,905
E07000120,Hyndburn,2,Male,9,Aged 20 to 24 years,2246
E07000120,Hyndburn,2,Male,10,Aged 25 to 29 years,2617
E07000120,Hyndburn,2,Male,11,Aged 30 to 34 years,2751
E07000120,Hyndburn,2,Male,12,Aged 35 to 39 years,2526
E07000120,Hyndburn,2,Male,13,Aged 40 to 44 years,2278
E07000120,Hyndburn,2,Male,14,Aged 45 to 49 years,2462
E07000120,Hyndburn,2,Male,15,Aged 50 to 54 years,3064
E07000120,Hyndburn,2,Male,16,Aged 55 to 59 years,2739
E07000120,Hyndburn,2,Male,17,Aged 60 to 64 years,2303
E07000120,Hyndburn,2,Male,18,Aged 65 years,430
E07000120,Hyndburn,2,Male,19,Aged 66 to 69 years,1587
E07000120,Hyndburn,2,Male,20,Aged 70 to 74 years,2112
E07000120,Hyndburn,2,Male,21,Aged 75 to 79 years,1414
E07000120,Hyndburn,2,Male,22,Aged 80 to 84 years,843
E07000120,Hyndburn,2,Male,23,Aged 85 years and over,625
E07000121,Lancaster,1,Female,1,Aged 2 years and under,1967
E07000121,Lancaster,1,Female,2,Aged 3 to 4 years,1334
E07000121,Lancaster,1,Female,3,Aged 5 to 7 years,2185
E07000121,Lancaster,1,Female,4,Aged 8 to 9 years,1530
E07000121,Lancaster,1,Female,5,Aged 10 to 14 years,3639
E07000121,Lancaster,1,Female,6,Aged 15 years,781
E07000121,Lancaster,1,Female,7,Aged 16 to 17 years,1417
E07000121,Lancaster,1,Female,8,Aged 18 to 19 years,3221
E07000121,Lancaster,1,Female,9,Aged 20 to 24 years,6177
E07000121,Lancaster,1,Female,10,Aged 25 to 29 years,4051
E07000121,Lancaster,1,Female,11,Aged 30 to 34 years,4248
E07000121,Lancaster,1,Female,12,Aged 35 to 39 years,4278
E07000121,Lancaster,1,Female,13,Aged 40 to 44 years,3895
E07000121,Lancaster,1,Female,14,Aged 45 to 49 years,3993
E07000121,Lancaster,1,Female,15,Aged 50 to 54 years,4860
E07000121,Lancaster,1,Female,16,Aged 55 to 59 years,5010
E07000121,Lancaster,1,Female,17,Aged 60 to 64 years,4555
E07000121,Lancaster,1,Female,18,Aged 65 years,806
E07000121,Lancaster,1,Female,19,Aged 66 to 69 years,3194
E07000121,Lancaster,1,Female,20,Aged 70 to 74 years,4074
E07000121,Lancaster,1,Female,21,Aged 75 to 79 years,3048
E07000121,Lancaster,1,Female,22,Aged 80 to 84 years,2240
E07000121,Lancaster,1,Female,23,Aged 85 years and over,2499
E07000121,Lancaster,2,Male,1,Aged 2 years and under,2030
E07000121,Lancaster,2,Male,2,Aged 3 to 4 years,1410
E07000121,Lancaster,2,Male,3,Aged 5 to 7 years,2162
E07000121,Lancaster,2,Male,4,Aged 8 to 9 years,1582
E07000121,Lancaster,2,Male,5,Aged 10 to 14 years,3918
E07000121,Lancaster,2,Male,6,Aged 15 years,756
E07000121,Lancaster,2,Male,7,Aged 16 to 17 years,1463
E07000121,Lancaster,2,Male,8,Aged 18 to 19 years,3069
E07000121,Lancaster,2,Male,9,Aged 20 to 24 years,6601
E07000121,Lancaster,2,Male,10,Aged 25 to 29 years,3927
E07000121,Lancaster,2,Male,11,Aged 30 to 34 years,4001
E07000121,Lancaster,2,Male,12,Aged 35 to 39 years,4156
E07000121,Lancaster,2,Male,13,Aged 40 to 44 years,3799
E07000121,Lancaster,2,Male,14,Aged 45 to 49 years,3906
E07000121,Lancaster,2,Male,15,Aged 50 to 54 years,4643
E07000121,Lancaster,2,Male,16,Aged 55 to 59 years,4775
E07000121,Lancaster,2,Male,17,Aged 60 to 64 years,4247
E07000121,Lancaster,2,Male,18,Aged 65 years,749
E07000121,Lancaster,2,Male,19,Aged 66 to 69 years,2976
E07000121,Lancaster,2,Male,20,Aged 70 to 74 years,3881
E07000121,Lancaster,2,Male,21,Aged 75 to 79 years,2694
E07000121,Lancaster,2,Male,22,Aged 80 to 84 years,1776
E07000121,Lancaster,2,Male,23,Aged 85 years and over,1414
E07000122,Pendle,1,Female,1,Aged 2 years and under,1703
E07000122,Pendle,1,Female,2,Aged 3 to 4 years,1196
E07000122,Pendle,1,Female,3,Aged 5 to 7 years,1968
E07000122,Pendle,1,Female,4,Aged 8 to 9 years,1272
E07000122,Pendle,1,Female,5,Aged 10 to 14 years,3264
E07000122,Pendle,1,Female,6,Aged 15 years,625
E07000122,Pendle,1,Female,7,Aged 16 to 17 years,1225
E07000122,Pendle,1,Female,8,Aged 18 to 19 years,1005
E07000122,Pendle,1,Female,9,Aged 20 to 24 years,2488
E07000122,Pendle,1,Female,10,Aged 25 to 29 years,2927
E07000122,Pendle,1,Female,11,Aged 30 to 34 years,3318
E07000122,Pendle,1,Female,12,Aged 35 to 39 years,3366
E07000122,Pendle,1,Female,13,Aged 40 to 44 years,2964
E07000122,Pendle,1,Female,14,Aged 45 to 49 years,2898
E07000122,Pendle,1,Female,15,Aged 50 to 54 years,3193
E07000122,Pendle,1,Female,16,Aged 55 to 59 years,3056
E07000122,Pendle,1,Female,17,Aged 60 to 64 years,2860
E07000122,Pendle,1,Female,18,Aged 65 years,526
E07000122,Pendle,1,Female,19,Aged 66 to 69 years,1869
E07000122,Pendle,1,Female,20,Aged 70 to 74 years,2512
E07000122,Pendle,1,Female,21,Aged 75 to 79 years,1703
E07000122,Pendle,1,Female,22,Aged 80 to 84 years,1190
E07000122,Pendle,1,Female,23,Aged 85 years and over,1267
E07000122,Pendle,2,Male,1,Aged 2 years and under,1809
E07000122,Pendle,2,Male,2,Aged 3 to 4 years,1245
E07000122,Pendle,2,Male,3,Aged 5 to 7 years,1938
E07000122,Pendle,2,Male,4,Aged 8 to 9 years,1374
E07000122,Pendle,2,Male,5,Aged 10 to 14 years,3502
E07000122,Pendle,2,Male,6,Aged 15 years,639
E07000122,Pendle,2,Male,7,Aged 16 to 17 years,1227
E07000122,Pendle,2,Male,8,Aged 18 to 19 years,1048
E07000122,Pendle,2,Male,9,Aged 20 to 24 years,2735
E07000122,Pendle,2,Male,10,Aged 25 to 29 years,2666
E07000122,Pendle,2,Male,11,Aged 30 to 34 years,3112
E07000122,Pendle,2,Male,12,Aged 35 to 39 years,3149
E07000122,Pendle,2,Male,13,Aged 40 to 44 years,2897
E07000122,Pendle,2,Male,14,Aged 45 to 49 years,2990
E07000122,Pendle,2,Male,15,Aged 50 to 54 years,3079
E07000122,Pendle,2,Male,16,Aged 55 to 59 years,3089
E07000122,Pendle,2,Male,17,Aged 60 to 64 years,2684
E07000122,Pendle,2,Male,18,Aged 65 years,472
E07000122,Pendle,2,Male,19,Aged 66 to 69 years,1936
E07000122,Pendle,2,Male,20,Aged 70 to 74 years,2439
E07000122,Pendle,2,Male,21,Aged 75 to 79 years,1599
E07000122,Pendle,2,Male,22,Aged 80 to 84 years,975
E07000122,Pendle,2,Male,23,Aged 85 years and over,758
E07000123,Preston,1,Female,1,Aged 2 years and under,2636
E07000123,Preston,1,Female,2,Aged 3 to 4 years,1764
E07000123,Preston,1,Female,3,Aged 5 to 7 years,2707
E07000123,Preston,1,Female,4,Aged 8 to 9 years,1867
E07000123,Preston,1,Female,5,Aged 10 to 14 years,4422
E07000123,Preston,1,Female,6,Aged 15 years,841
E07000123,Preston,1,Female,7,Aged 16 to 17 years,1643
E07000123,Preston,1,Female,8,Aged 18 to 19 years,2344
E07000123,Preston,1,Female,9,Aged 20 to 24 years,6245
E07000123,Preston,1,Female,10,Aged 25 to 29 years,5407
E07000123,Preston,1,Female,11,Aged 30 to 34 years,5527
E07000123,Preston,1,Female,12,Aged 35 to 39 years,5023
E07000123,Preston,1,Female,13,Aged 40 to 44 years,4550
E07000123,Preston,1,Female,14,Aged 45 to 49 years,4369
E07000123,Preston,1,Female,15,Aged 50 to 54 years,4675
E07000123,Preston,1,Female,16,Aged 55 to 59 years,4578
E07000123,Preston,1,Female,17,Aged 60 to 64 years,3842
E07000123,Preston,1,Female,18,Aged 65 years,689
E07000123,Preston,1,Female,19,Aged 66 to 69 years,2434
E07000123,Preston,1,Female,20,Aged 70 to 74 years,2913
E07000123,Preston,1,Female,21,Aged 75 to 79 years,2116
E07000123,Preston,1,Female,22,Aged 80 to 84 years,1667
E07000123,Preston,1,Female,23,Aged 85 years and over,1846
E07000123,Preston,2,Male,1,Aged 2 years and under,2673
E07000123,Preston,2,Male,2,Aged 3 to 4 years,1848
E07000123,Preston,2,Male,3,Aged 5 to 7 years,2799
E07000123,Preston,2,Male,4,Aged 8 to 9 years,1868
E07000123,Preston,2,Male,5,Aged 10 to 14 years,4809
E07000123,Preston,2,Male,6,Aged 15 years,934
E07000123,Preston,2,Male,7,Aged 16 to 17 years,1854
E07000123,Preston,2,Male,8,Aged 18 to 19 years,2161
E07000123,Preston,2,Male,9,Aged 20 to 24 years,6355
E07000123,Preston,2,Male,10,Aged 25 to 29 years,5605
E07000123,Preston,2,Male,11,Aged 30 to 34 years,5203
E07000123,Preston,2,Male,12,Aged 35 to 39 years,4913
E07000123,Preston,2,Male,13,Aged 40 to 44 years,4590
E07000123,Preston,2,Male,14,Aged 45 to 49 years,4623
E07000123,Preston,2,Male,15,Aged 50 to 54 years,4782
E07000123,Preston,2,Male,16,Aged 55 to 59 years,4731
E07000123,Preston,2,Male,17,Aged 60 to 64 years,3846
E07000123,Preston,2,Male,18,Aged 65 years,671
E07000123,Preston,2,Male,19,Aged 66 to 69 years,2385
E07000123,Preston,2,Male,20,Aged 70 to 74 years,2789
E07000123,Preston,2,Male,21,Aged 75 to 79 years,1887
E07000123,Preston,2,Male,22,Aged 80 to 84 years,1314
E07000123,Preston,2,Male,23,Aged 85 years and over,1094
E07000124,Ribble Valley,1,Female,1,Aged 2 years and under,729
E07000124,Ribble Valley,1,Female,2,Aged 3 to 4 years,524
E07000124,Ribble Valley,1,Female,3,Aged 5 to 7 years,854
E07000124,Ribble Valley,1,Female,4,Aged 8 to 9 years,634
E07000124,Ribble Valley,1,Female,5,Aged 10 to 14 years,1802
E07000124,Ribble Valley,1,Female,6,Aged 15 years,377
E07000124,Ribble Valley,1,Female,7,Aged 16 to 17 years,685
E07000124,Ribble Valley,1,Female,8,Aged 18 to 19 years,502
E07000124,Ribble Valley,1,Female,9,Aged 20 to 24 years,1300
E07000124,Ribble Valley,1,Female,10,Aged 25 to 29 years,1450
E07000124,Ribble Valley,1,Female,11,Aged 30 to 34 years,1667
E07000124,Ribble Valley,1,Female,12,Aged 35 to 39 years,1657
E07000124,Ribble Valley,1,Female,13,Aged 40 to 44 years,1775
E07000124,Ribble Valley,1,Female,14,Aged 45 to 49 years,2070
E07000124,Ribble Valley,1,Female,15,Aged 50 to 54 years,2522
E07000124,Ribble Valley,1,Female,16,Aged 55 to 59 years,2594
E07000124,Ribble Valley,1,Female,17,Aged 60 to 64 years,2288
E07000124,Ribble Valley,1,Female,18,Aged 65 years,411
E07000124,Ribble Valley,1,Female,19,Aged 66 to 69 years,1487
E07000124,Ribble Valley,1,Female,20,Aged 70 to 74 years,2097
E07000124,Ribble Valley,1,Female,21,Aged 75 to 79 years,1591
E07000124,Ribble Valley,1,Female,22,Aged 80 to 84 years,1155
E07000124,Ribble Valley,1,Female,23,Aged 85 years and over,1185
E07000124,Ribble Valley,2,Male,1,Aged 2 years and under,780
E07000124,Ribble Valley,2,Male,2,Aged 3 to 4 years,600
E07000124,Ribble Valley,2,Male,3,Aged 5 to 7 years,900
E07000124,Ribble Valley,2,Male,4,Aged 8 to 9 years,658
E07000124,Ribble Valley,2,Male,5,Aged 10 to 14 years,1871
E07000124,Ribble Valley,2,Male,6,Aged 15 years,369
E07000124,Ribble Valley,2,Male,7,Aged 16 to 17 years,792
E07000124,Ribble Valley,2,Male,8,Aged 18 to 19 years,529
E07000124,Ribble Valley,2,Male,9,Aged 20 to 24 years,1414
E07000124,Ribble Valley,2,Male,10,Aged 25 to 29 years,1441
E07000124,Ribble Valley,2,Male,11,Aged 30 to 34 years,1577
E07000124,Ribble Valley,2,Male,12,Aged 35 to 39 years,1577
E07000124,Ribble Valley,2,Male,13,Aged 40 to 44 years,1557
E07000124,Ribble Valley,2,Male,14,Aged 45 to 49 years,1913
E07000124,Ribble Valley,2,Male,15,Aged 50 to 54 years,2461
E07000124,Ribble Valley,2,Male,16,Aged 55 to 59 years,2540
E07000124,Ribble Valley,2,Male,17,Aged 60 to 64 years,2300
E07000124,Ribble Valley,2,Male,18,Aged 65 years,377
E07000124,Ribble Valley,2,Male,19,Aged 66 to 69 years,1485
E07000124,Ribble Valley,2,Male,20,Aged 70 to 74 years,1950
E07000124,Ribble Valley,2,Male,21,Aged 75 to 79 years,1444
E07000124,Ribble Valley,2,Male,22,Aged 80 to 84 years,924
E07000124,Ribble Valley,2,Male,23,Aged 85 years and over,744
E07000125,Rossendale,1,Female,1,Aged 2 years and under,1023
E07000125,Rossendale,1,Female,2,Aged 3 to 4 years,783
E07000125,Rossendale,1,Female,3,Aged 5 to 7 years,1273
E07000125,Rossendale,1,Female,4,Aged 8 to 9 years,866
E07000125,Rossendale,1,Female,5,Aged 10 to 14 years,2235
E07000125,Rossendale,1,Female,6,Aged 15 years,419
E07000125,Rossendale,1,Female,7,Aged 16 to 17 years,814
E07000125,Rossendale,1,Female,8,Aged 18 to 19 years,590
E07000125,Rossendale,1,Female,9,Aged 20 to 24 years,1619
E07000125,Rossendale,1,Female,10,Aged 25 to 29 years,2133
E07000125,Rossendale,1,Female,11,Aged 30 to 34 years,2429
E07000125,Rossendale,1,Female,12,Aged 35 to 39 years,2310
E07000125,Rossendale,1,Female,13,Aged 40 to 44 years,2261
E07000125,Rossendale,1,Female,14,Aged 45 to 49 years,2437
E07000125,Rossendale,1,Female,15,Aged 50 to 54 years,2812
E07000125,Rossendale,1,Female,16,Aged 55 to 59 years,2604
E07000125,Rossendale,1,Female,17,Aged 60 to 64 years,2233
E07000125,Rossendale,1,Female,18,Aged 65 years,380
E07000125,Rossendale,1,Female,19,Aged 66 to 69 years,1626
E07000125,Rossendale,1,Female,20,Aged 70 to 74 years,2039
E07000125,Rossendale,1,Female,21,Aged 75 to 79 years,1387
E07000125,Rossendale,1,Female,22,Aged 80 to 84 years,872
E07000125,Rossendale,1,Female,23,Aged 85 years and over,961
E07000125,Rossendale,2,Male,1,Aged 2 years and under,1142
E07000125,Rossendale,2,Male,2,Aged 3 to 4 years,832
E07000125,Rossendale,2,Male,3,Aged 5 to 7 years,1291
E07000125,Rossendale,2,Male,4,Aged 8 to 9 years,930
E07000125,Rossendale,2,Male,5,Aged 10 to 14 years,2339
E07000125,Rossendale,2,Male,6,Aged 15 years,438
E07000125,Rossendale,2,Male,7,Aged 16 to 17 years,818
E07000125,Rossendale,2,Male,8,Aged 18 to 19 years,720
E07000125,Rossendale,2,Male,9,Aged 20 to 24 years,1630
E07000125,Rossendale,2,Male,10,Aged 25 to 29 years,1967
E07000125,Rossendale,2,Male,11,Aged 30 to 34 years,2178
E07000125,Rossendale,2,Male,12,Aged 35 to 39 years,2093
E07000125,Rossendale,2,Male,13,Aged 40 to 44 years,2059
E07000125,Rossendale,2,Male,14,Aged 45 to 49 years,2308
E07000125,Rossendale,2,Male,15,Aged 50 to 54 years,2739
E07000125,Rossendale,2,Male,16,Aged 55 to 59 years,2669
E07000125,Rossendale,2,Male,17,Aged 60 to 64 years,2222
E07000125,Rossendale,2,Male,18,Aged 65 years,402
E07000125,Rossendale,2,Male,19,Aged 66 to 69 years,1485
E07000125,Rossendale,2,Male,20,Aged 70 to 74 years,1952
E07000125,Rossendale,2,Male,21,Aged 75 to 79 years,1231
E07000125,Rossendale,2,Male,22,Aged 80 to 84 years,761
E07000125,Rossendale,2,Male,23,Aged 85 years and over,558
E07000126,South Ribble,1,Female,1,Aged 2 years and under,1538
E07000126,South Ribble,1,Female,2,Aged 3 to 4 years,1160
E07000126,South Ribble,1,Female,3,Aged 5 to 7 years,1795
E07000126,South Ribble,1,Female,4,Aged 8 to 9 years,1276
E07000126,South Ribble,1,Female,5,Aged 10 to 14 years,3132
E07000126,South Ribble,1,Female,6,Aged 15 years,613
E07000126,South Ribble,1,Female,7,Aged 16 to 17 years,1245
E07000126,South Ribble,1,Female,8,Aged 18 to 19 years,949
E07000126,South Ribble,1,Female,9,Aged 20 to 24 years,2535
E07000126,South Ribble,1,Female,10,Aged 25 to 29 years,3174
E07000126,South Ribble,1,Female,11,Aged 30 to 34 years,3637
E07000126,South Ribble,1,Female,12,Aged 35 to 39 years,3450
E07000126,South Ribble,1,Female,13,Aged 40 to 44 years,3339
E07000126,South Ribble,1,Female,14,Aged 45 to 49 years,3772
E07000126,South Ribble,1,Female,15,Aged 50 to 54 years,4232
E07000126,South Ribble,1,Female,16,Aged 55 to 59 years,4309
E07000126,South Ribble,1,Female,17,Aged 60 to 64 years,3588
E07000126,South Ribble,1,Female,18,Aged 65 years,659
E07000126,South Ribble,1,Female,19,Aged 66 to 69 years,2602
E07000126,South Ribble,1,Female,20,Aged 70 to 74 years,3547
E07000126,South Ribble,1,Female,21,Aged 75 to 79 years,2545
E07000126,South Ribble,1,Female,22,Aged 80 to 84 years,1830
E07000126,South Ribble,1,Female,23,Aged 85 years and over,1810
E07000126,South Ribble,2,Male,1,Aged 2 years and under,1618
E07000126,South Ribble,2,Male,2,Aged 3 to 4 years,1185
E07000126,South Ribble,2,Male,3,Aged 5 to 7 years,1937
E07000126,South Ribble,2,Male,4,Aged 8 to 9 years,1342
E07000126,South Ribble,2,Male,5,Aged 10 to 14 years,3335
E07000126,South Ribble,2,Male,6,Aged 15 years,608
E07000126,South Ribble,2,Male,7,Aged 16 to 17 years,1242
E07000126,South Ribble,2,Male,8,Aged 18 to 19 years,1025
E07000126,South Ribble,2,Male,9,Aged 20 to 24 years,2656
E07000126,South Ribble,2,Male,10,Aged 25 to 29 years,2984
E07000126,South Ribble,2,Male,11,Aged 30 to 34 years,3437
E07000126,South Ribble,2,Male,12,Aged 35 to 39 years,3241
E07000126,South Ribble,2,Male,13,Aged 40 to 44 years,3273
E07000126,South Ribble,2,Male,14,Aged 45 to 49 years,3626
E07000126,South Ribble,2,Male,15,Aged 50 to 54 years,4081
E07000126,South Ribble,2,Male,16,Aged 55 to 59 years,4163
E07000126,South Ribble,2,Male,17,Aged 60 to 64 years,3509
E07000126,South Ribble,2,Male,18,Aged 65 years,652
E07000126,South Ribble,2,Male,19,Aged 66 to 69 years,2405
E07000126,South Ribble,2,Male,20,Aged 70 to 74 years,3193
E07000126,South Ribble,2,Male,21,Aged 75 to 79 years,2216
E07000126,South Ribble,2,Male,22,Aged 80 to 84 years,1481
E07000126,South Ribble,2,Male,23,Aged 85 years and over,1093
E07000127,West Lancashire,1,Female,1,Aged 2 years and under,1496
E07000127,West Lancashire,1,Female,2,Aged 3 to 4 years,1031
E07000127,West Lancashire,1,Female,3,Aged 5 to 7 years,1707
E07000127,West Lancashire,1,Female,4,Aged 8 to 9 years,1287
E07000127,West Lancashire,1,Female,5,Aged 10 to 14 years,3145
E07000127,West Lancashire,1,Female,6,Aged 15 years,615
E07000127,West Lancashire,1,Female,7,Aged 16 to 17 years,1308
E07000127,West Lancashire,1,Female,8,Aged 18 to 19 years,3020
E07000127,West Lancashire,1,Female,9,Aged 20 to 24 years,4366
E07000127,West Lancashire,1,Female,10,Aged 25 to 29 years,2923
E07000127,West Lancashire,1,Female,11,Aged 30 to 34 years,3269
E07000127,West Lancashire,1,Female,12,Aged 35 to 39 years,3273
E07000127,West Lancashire,1,Female,13,Aged 40 to 44 years,3186
E07000127,West Lancashire,1,Female,14,Aged 45 to 49 years,3645
E07000127,West Lancashire,1,Female,15,Aged 50 to 54 years,4338
E07000127,West Lancashire,1,Female,16,Aged 55 to 59 years,4518
E07000127,West Lancashire,1,Female,17,Aged 60 to 64 years,3925
E07000127,West Lancashire,1,Female,18,Aged 65 years,739
E07000127,West Lancashire,1,Female,19,Aged 66 to 69 years,2718
E07000127,West Lancashire,1,Female,20,Aged 70 to 74 years,3708
E07000127,West Lancashire,1,Female,21,Aged 75 to 79 years,2853
E07000127,West Lancashire,1,Female,22,Aged 80 to 84 years,2018
E07000127,West Lancashire,1,Female,23,Aged 85 years and over,1912
E07000127,West Lancashire,2,Male,1,Aged 2 years and under,1537
E07000127,West Lancashire,2,Male,2,Aged 3 to 4 years,1182
E07000127,West Lancashire,2,Male,3,Aged 5 to 7 years,1751
E07000127,West Lancashire,2,Male,4,Aged 8 to 9 years,1277
E07000127,West Lancashire,2,Male,5,Aged 10 to 14 years,3392
E07000127,West Lancashire,2,Male,6,Aged 15 years,676
E07000127,West Lancashire,2,Male,7,Aged 16 to 17 years,1297
E07000127,West Lancashire,2,Male,8,Aged 18 to 19 years,1981
E07000127,West Lancashire,2,Male,9,Aged 20 to 24 years,3734
E07000127,West Lancashire,2,Male,10,Aged 25 to 29 years,2960
E07000127,West Lancashire,2,Male,11,Aged 30 to 34 years,3217
E07000127,West Lancashire,2,Male,12,Aged 35 to 39 years,2997
E07000127,West Lancashire,2,Male,13,Aged 40 to 44 years,2954
E07000127,West Lancashire,2,Male,14,Aged 45 to 49 years,3415
E07000127,West Lancashire,2,Male,15,Aged 50 to 54 years,4150
E07000127,West Lancashire,2,Male,16,Aged 55 to 59 years,4413
E07000127,West Lancashire,2,Male,17,Aged 60 to 64 years,3721
E07000127,West Lancashire,2,Male,18,Aged 65 years,651
E07000127,West Lancashire,2,Male,19,Aged 66 to 69 years,2546
E07000127,West Lancashire,2,Male,20,Aged 70 to 74 years,3342
E07000127,West Lancashire,2,Male,21,Aged 75 to 79 years,2413
E07000127,West Lancashire,2,Male,22,Aged 80 to 84 years,1644
E07000127,West Lancashire,2,Male,23,Aged 85 years and over,1174
E07000128,Wyre,1,Female,1,Aged 2 years and under,1398
E07000128,Wyre,1,Female,2,Aged 3 to 4 years,981
E07000128,Wyre,1,Female,3,Aged 5 to 7 years,1565
E07000128,Wyre,1,Female,4,Aged 8 to 9 years,1093
E07000128,Wyre,1,Female,5,Aged 10 to 14 years,2901
E07000128,Wyre,1,Female,6,Aged 15 years,594
E07000128,Wyre,1,Female,7,Aged 16 to 17 years,1222
E07000128,Wyre,1,Female,8,Aged 18 to 19 years,847
E07000128,Wyre,1,Female,9,Aged 20 to 24 years,2237
E07000128,Wyre,1,Female,10,Aged 25 to 29 years,2864
E07000128,Wyre,1,Female,11,Aged 30 to 34 years,2992
E07000128,Wyre,1,Female,12,Aged 35 to 39 years,2991
E07000128,Wyre,1,Female,13,Aged 40 to 44 years,2835
E07000128,Wyre,1,Female,14,Aged 45 to 49 years,3282
E07000128,Wyre,1,Female,15,Aged 50 to 54 years,4129
E07000128,Wyre,1,Female,16,Aged 55 to 59 years,4491
E07000128,Wyre,1,Female,17,Aged 60 to 64 years,4340
E07000128,Wyre,1,Female,18,Aged 65 years,788
E07000128,Wyre,1,Female,19,Aged 66 to 69 years,3105
E07000128,Wyre,1,Female,20,Aged 70 to 74 years,4447
E07000128,Wyre,1,Female,21,Aged 75 to 79 years,3324
E07000128,Wyre,1,Female,22,Aged 80 to 84 years,2543
E07000128,Wyre,1,Female,23,Aged 85 years and over,2546
E07000128,Wyre,2,Male,1,Aged 2 years and under,1461
E07000128,Wyre,2,Male,2,Aged 3 to 4 years,1050
E07000128,Wyre,2,Male,3,Aged 5 to 7 years,1763
E07000128,Wyre,2,Male,4,Aged 8 to 9 years,1156
E07000128,Wyre,2,Male,5,Aged 10 to 14 years,3076
E07000128,Wyre,2,Male,6,Aged 15 years,557
E07000128,Wyre,2,Male,7,Aged 16 to 17 years,1404
E07000128,Wyre,2,Male,8,Aged 18 to 19 years,1029
E07000128,Wyre,2,Male,9,Aged 20 to 24 years,2518
E07000128,Wyre,2,Male,10,Aged 25 to 29 years,2617
E07000128,Wyre,2,Male,11,Aged 30 to 34 years,2860
E07000128,Wyre,2,Male,12,Aged 35 to 39 years,2774
E07000128,Wyre,2,Male,13,Aged 40 to 44 years,2655
E07000128,Wyre,2,Male,14,Aged 45 to 49 years,3074
E07000128,Wyre,2,Male,15,Aged 50 to 54 years,3874
E07000128,Wyre,2,Male,16,Aged 55 to 59 years,4292
E07000128,Wyre,2,Male,17,Aged 60 to 64 years,4021
E07000128,Wyre,2,Male,18,Aged 65 years,719
E07000128,Wyre,2,Male,19,Aged 66 to 69 years,2948
E07000128,Wyre,2,Male,20,Aged 70 to 74 years,3972
E07000128,Wyre,2,Male,21,Aged 75 to 79 years,2980
E07000128,Wyre,2,Male,22,Aged 80 to 84 years,2021
E07000128,Wyre,2,Male,23,Aged 85 years and over,1609
E07000129,Blaby,1,Female,1,Aged 2 years and under,1619
E07000129,Blaby,1,Female,2,Aged 3 to 4 years,1138
E07000129,Blaby,1,Female,3,Aged 5 to 7 years,1725
E07000129,Blaby,1,Female,4,Aged 8 to 9 years,1238
E07000129,Blaby,1,Female,5,Aged 10 to 14 years,3022
E07000129,Blaby,1,Female,6,Aged 15 years,557
E07000129,Blaby,1,Female,7,Aged 16 to 17 years,1135
E07000129,Blaby,1,Female,8,Aged 18 to 19 years,841
E07000129,Blaby,1,Female,9,Aged 20 to 24 years,2364
E07000129,Blaby,1,Female,10,Aged 25 to 29 years,3116
E07000129,Blaby,1,Female,11,Aged 30 to 34 years,3580
E07000129,Blaby,1,Female,12,Aged 35 to 39 years,3516
E07000129,Blaby,1,Female,13,Aged 40 to 44 years,3247
E07000129,Blaby,1,Female,14,Aged 45 to 49 years,3399
E07000129,Blaby,1,Female,15,Aged 50 to 54 years,3719
E07000129,Blaby,1,Female,16,Aged 55 to 59 years,3669
E07000129,Blaby,1,Female,17,Aged 60 to 64 years,3194
E07000129,Blaby,1,Female,18,Aged 65 years,545
E07000129,Blaby,1,Female,19,Aged 66 to 69 years,2218
E07000129,Blaby,1,Female,20,Aged 70 to 74 years,3035
E07000129,Blaby,1,Female,21,Aged 75 to 79 years,2251
E07000129,Blaby,1,Female,22,Aged 80 to 84 years,1684
E07000129,Blaby,1,Female,23,Aged 85 years and over,1666
E07000129,Blaby,2,Male,1,Aged 2 years and under,1665
E07000129,Blaby,2,Male,2,Aged 3 to 4 years,1286
E07000129,Blaby,2,Male,3,Aged 5 to 7 years,1913
E07000129,Blaby,2,Male,4,Aged 8 to 9 years,1351
E07000129,Blaby,2,Male,5,Aged 10 to 14 years,3115
E07000129,Blaby,2,Male,6,Aged 15 years,631
E07000129,Blaby,2,Male,7,Aged 16 to 17 years,1202
E07000129,Blaby,2,Male,8,Aged 18 to 19 years,957
E07000129,Blaby,2,Male,9,Aged 20 to 24 years,2436
E07000129,Blaby,2,Male,10,Aged 25 to 29 years,2991
E07000129,Blaby,2,Male,11,Aged 30 to 34 years,3333
E07000129,Blaby,2,Male,12,Aged 35 to 39 years,3314
E07000129,Blaby,2,Male,13,Aged 40 to 44 years,3112
E07000129,Blaby,2,Male,14,Aged 45 to 49 years,3216
E07000129,Blaby,2,Male,15,Aged 50 to 54 years,3637
E07000129,Blaby,2,Male,16,Aged 55 to 59 years,3472
E07000129,Blaby,2,Male,17,Aged 60 to 64 years,3143
E07000129,Blaby,2,Male,18,Aged 65 years,531
E07000129,Blaby,2,Male,19,Aged 66 to 69 years,2084
E07000129,Blaby,2,Male,20,Aged 70 to 74 years,2735
E07000129,Blaby,2,Male,21,Aged 75 to 79 years,1992
E07000129,Blaby,2,Male,22,Aged 80 to 84 years,1289
E07000129,Blaby,2,Male,23,Aged 85 years and over,1043
E07000130,Charnwood,1,Female,1,Aged 2 years and under,2606
E07000130,Charnwood,1,Female,2,Aged 3 to 4 years,1857
E07000130,Charnwood,1,Female,3,Aged 5 to 7 years,2784
E07000130,Charnwood,1,Female,4,Aged 8 to 9 years,2000
E07000130,Charnwood,1,Female,5,Aged 10 to 14 years,4896
E07000130,Charnwood,1,Female,6,Aged 15 years,865
E07000130,Charnwood,1,Female,7,Aged 16 to 17 years,1858
E07000130,Charnwood,1,Female,8,Aged 18 to 19 years,3403
E07000130,Charnwood,1,Female,9,Aged 20 to 24 years,7085
E07000130,Charnwood,1,Female,10,Aged 25 to 29 years,5540
E07000130,Charnwood,1,Female,11,Aged 30 to 34 years,6049
E07000130,Charnwood,1,Female,12,Aged 35 to 39 years,5921
E07000130,Charnwood,1,Female,13,Aged 40 to 44 years,5394
E07000130,Charnwood,1,Female,14,Aged 45 to 49 years,5608
E07000130,Charnwood,1,Female,15,Aged 50 to 54 years,6232
E07000130,Charnwood,1,Female,16,Aged 55 to 59 years,5950
E07000130,Charnwood,1,Female,17,Aged 60 to 64 years,5300
E07000130,Charnwood,1,Female,18,Aged 65 years,903
E07000130,Charnwood,1,Female,19,Aged 66 to 69 years,3880
E07000130,Charnwood,1,Female,20,Aged 70 to 74 years,4812
E07000130,Charnwood,1,Female,21,Aged 75 to 79 years,3704
E07000130,Charnwood,1,Female,22,Aged 80 to 84 years,2502
E07000130,Charnwood,1,Female,23,Aged 85 years and over,2782
E07000130,Charnwood,2,Male,1,Aged 2 years and under,2694
E07000130,Charnwood,2,Male,2,Aged 3 to 4 years,2016
E07000130,Charnwood,2,Male,3,Aged 5 to 7 years,2973
E07000130,Charnwood,2,Male,4,Aged 8 to 9 years,2103
E07000130,Charnwood,2,Male,5,Aged 10 to 14 years,5016
E07000130,Charnwood,2,Male,6,Aged 15 years,1061
E07000130,Charnwood,2,Male,7,Aged 16 to 17 years,2011
E07000130,Charnwood,2,Male,8,Aged 18 to 19 years,4542
E07000130,Charnwood,2,Male,9,Aged 20 to 24 years,8963
E07000130,Charnwood,2,Male,10,Aged 25 to 29 years,5415
E07000130,Charnwood,2,Male,11,Aged 30 to 34 years,5735
E07000130,Charnwood,2,Male,12,Aged 35 to 39 years,5700
E07000130,Charnwood,2,Male,13,Aged 40 to 44 years,5274
E07000130,Charnwood,2,Male,14,Aged 45 to 49 years,5428
E07000130,Charnwood,2,Male,15,Aged 50 to 54 years,6038
E07000130,Charnwood,2,Male,16,Aged 55 to 59 years,5785
E07000130,Charnwood,2,Male,17,Aged 60 to 64 years,5232
E07000130,Charnwood,2,Male,18,Aged 65 years,942
E07000130,Charnwood,2,Male,19,Aged 66 to 69 years,3598
E07000130,Charnwood,2,Male,20,Aged 70 to 74 years,4529
E07000130,Charnwood,2,Male,21,Aged 75 to 79 years,3231
E07000130,Charnwood,2,Male,22,Aged 80 to 84 years,2046
E07000130,Charnwood,2,Male,23,Aged 85 years and over,1704
E07000131,Harborough,1,Female,1,Aged 2 years and under,1339
E07000131,Harborough,1,Female,2,Aged 3 to 4 years,937
E07000131,Harborough,1,Female,3,Aged 5 to 7 years,1553
E07000131,Harborough,1,Female,4,Aged 8 to 9 years,1064
E07000131,Harborough,1,Female,5,Aged 10 to 14 years,2834
E07000131,Harborough,1,Female,6,Aged 15 years,553
E07000131,Harborough,1,Female,7,Aged 16 to 17 years,1172
E07000131,Harborough,1,Female,8,Aged 18 to 19 years,808
E07000131,Harborough,1,Female,9,Aged 20 to 24 years,2064
E07000131,Harborough,1,Female,10,Aged 25 to 29 years,2478
E07000131,Harborough,1,Female,11,Aged 30 to 34 years,2810
E07000131,Harborough,1,Female,12,Aged 35 to 39 years,2932
E07000131,Harborough,1,Female,13,Aged 40 to 44 years,2995
E07000131,Harborough,1,Female,14,Aged 45 to 49 years,3455
E07000131,Harborough,1,Female,15,Aged 50 to 54 years,3896
E07000131,Harborough,1,Female,16,Aged 55 to 59 years,3840
E07000131,Harborough,1,Female,17,Aged 60 to 64 years,3151
E07000131,Harborough,1,Female,18,Aged 65 years,615
E07000131,Harborough,1,Female,19,Aged 66 to 69 years,2201
E07000131,Harborough,1,Female,20,Aged 70 to 74 years,3053
E07000131,Harborough,1,Female,21,Aged 75 to 79 years,2242
E07000131,Harborough,1,Female,22,Aged 80 to 84 years,1645
E07000131,Harborough,1,Female,23,Aged 85 years and over,1642
E07000131,Harborough,2,Male,1,Aged 2 years and under,1429
E07000131,Harborough,2,Male,2,Aged 3 to 4 years,1017
E07000131,Harborough,2,Male,3,Aged 5 to 7 years,1670
E07000131,Harborough,2,Male,4,Aged 8 to 9 years,1084
E07000131,Harborough,2,Male,5,Aged 10 to 14 years,3068
E07000131,Harborough,2,Male,6,Aged 15 years,652
E07000131,Harborough,2,Male,7,Aged 16 to 17 years,1308
E07000131,Harborough,2,Male,8,Aged 18 to 19 years,912
E07000131,Harborough,2,Male,9,Aged 20 to 24 years,2280
E07000131,Harborough,2,Male,10,Aged 25 to 29 years,2523
E07000131,Harborough,2,Male,11,Aged 30 to 34 years,2676
E07000131,Harborough,2,Male,12,Aged 35 to 39 years,2731
E07000131,Harborough,2,Male,13,Aged 40 to 44 years,2938
E07000131,Harborough,2,Male,14,Aged 45 to 49 years,3285
E07000131,Harborough,2,Male,15,Aged 50 to 54 years,3794
E07000131,Harborough,2,Male,16,Aged 55 to 59 years,3681
E07000131,Harborough,2,Male,17,Aged 60 to 64 years,3203
E07000131,Harborough,2,Male,18,Aged 65 years,617
E07000131,Harborough,2,Male,19,Aged 66 to 69 years,2110
E07000131,Harborough,2,Male,20,Aged 70 to 74 years,2833
E07000131,Harborough,2,Male,21,Aged 75 to 79 years,2122
E07000131,Harborough,2,Male,22,Aged 80 to 84 years,1328
E07000131,Harborough,2,Male,23,Aged 85 years and over,1089
E07000132,Hinckley and Bosworth,1,Female,1,Aged 2 years and under,1575
E07000132,Hinckley and Bosworth,1,Female,2,Aged 3 to 4 years,1154
E07000132,Hinckley and Bosworth,1,Female,3,Aged 5 to 7 years,1835
E07000132,Hinckley and Bosworth,1,Female,4,Aged 8 to 9 years,1262
E07000132,Hinckley and Bosworth,1,Female,5,Aged 10 to 14 years,3111
E07000132,Hinckley and Bosworth,1,Female,6,Aged 15 years,609
E07000132,Hinckley and Bosworth,1,Female,7,Aged 16 to 17 years,1167
E07000132,Hinckley and Bosworth,1,Female,8,Aged 18 to 19 years,925
E07000132,Hinckley and Bosworth,1,Female,9,Aged 20 to 24 years,2445
E07000132,Hinckley and Bosworth,1,Female,10,Aged 25 to 29 years,3376
E07000132,Hinckley and Bosworth,1,Female,11,Aged 30 to 34 years,3682
E07000132,Hinckley and Bosworth,1,Female,12,Aged 35 to 39 years,3606
E07000132,Hinckley and Bosworth,1,Female,13,Aged 40 to 44 years,3424
E07000132,Hinckley and Bosworth,1,Female,14,Aged 45 to 49 years,3774
E07000132,Hinckley and Bosworth,1,Female,15,Aged 50 to 54 years,4272
E07000132,Hinckley and Bosworth,1,Female,16,Aged 55 to 59 years,4157
E07000132,Hinckley and Bosworth,1,Female,17,Aged 60 to 64 years,3694
E07000132,Hinckley and Bosworth,1,Female,18,Aged 65 years,691
E07000132,Hinckley and Bosworth,1,Female,19,Aged 66 to 69 years,2709
E07000132,Hinckley and Bosworth,1,Female,20,Aged 70 to 74 years,3678
E07000132,Hinckley and Bosworth,1,Female,21,Aged 75 to 79 years,2765
E07000132,Hinckley and Bosworth,1,Female,22,Aged 80 to 84 years,1837
E07000132,Hinckley and Bosworth,1,Female,23,Aged 85 years and over,1860
E07000132,Hinckley and Bosworth,2,Male,1,Aged 2 years and under,1695
E07000132,Hinckley and Bosworth,2,Male,2,Aged 3 to 4 years,1262
E07000132,Hinckley and Bosworth,2,Male,3,Aged 5 to 7 years,1861
E07000132,Hinckley and Bosworth,2,Male,4,Aged 8 to 9 years,1392
E07000132,Hinckley and Bosworth,2,Male,5,Aged 10 to 14 years,3343
E07000132,Hinckley and Bosworth,2,Male,6,Aged 15 years,623
E07000132,Hinckley and Bosworth,2,Male,7,Aged 16 to 17 years,1258
E07000132,Hinckley and Bosworth,2,Male,8,Aged 18 to 19 years,999
E07000132,Hinckley and Bosworth,2,Male,9,Aged 20 to 24 years,2592
E07000132,Hinckley and Bosworth,2,Male,10,Aged 25 to 29 years,3236
E07000132,Hinckley and Bosworth,2,Male,11,Aged 30 to 34 years,3515
E07000132,Hinckley and Bosworth,2,Male,12,Aged 35 to 39 years,3508
E07000132,Hinckley and Bosworth,2,Male,13,Aged 40 to 44 years,3304
E07000132,Hinckley and Bosworth,2,Male,14,Aged 45 to 49 years,3610
E07000132,Hinckley and Bosworth,2,Male,15,Aged 50 to 54 years,4266
E07000132,Hinckley and Bosworth,2,Male,16,Aged 55 to 59 years,4103
E07000132,Hinckley and Bosworth,2,Male,17,Aged 60 to 64 years,3597
E07000132,Hinckley and Bosworth,2,Male,18,Aged 65 years,641
E07000132,Hinckley and Bosworth,2,Male,19,Aged 66 to 69 years,2575
E07000132,Hinckley and Bosworth,2,Male,20,Aged 70 to 74 years,3482
E07000132,Hinckley and Bosworth,2,Male,21,Aged 75 to 79 years,2420
E07000132,Hinckley and Bosworth,2,Male,22,Aged 80 to 84 years,1555
E07000132,Hinckley and Bosworth,2,Male,23,Aged 85 years and over,1197
E07000133,Melton,1,Female,1,Aged 2 years and under,669
E07000133,Melton,1,Female,2,Aged 3 to 4 years,502
E07000133,Melton,1,Female,3,Aged 5 to 7 years,783
E07000133,Melton,1,Female,4,Aged 8 to 9 years,595
E07000133,Melton,1,Female,5,Aged 10 to 14 years,1475
E07000133,Melton,1,Female,6,Aged 15 years,304
E07000133,Melton,1,Female,7,Aged 16 to 17 years,523
E07000133,Melton,1,Female,8,Aged 18 to 19 years,439
E07000133,Melton,1,Female,9,Aged 20 to 24 years,1113
E07000133,Melton,1,Female,10,Aged 25 to 29 years,1358
E07000133,Melton,1,Female,11,Aged 30 to 34 years,1459
E07000133,Melton,1,Female,12,Aged 35 to 39 years,1446
E07000133,Melton,1,Female,13,Aged 40 to 44 years,1541
E07000133,Melton,1,Female,14,Aged 45 to 49 years,1688
E07000133,Melton,1,Female,15,Aged 50 to 54 years,2149
E07000133,Melton,1,Female,16,Aged 55 to 59 years,2162
E07000133,Melton,1,Female,17,Aged 60 to 64 years,1872
E07000133,Melton,1,Female,18,Aged 65 years,328
E07000133,Melton,1,Female,19,Aged 66 to 69 years,1299
E07000133,Melton,1,Female,20,Aged 70 to 74 years,1750
E07000133,Melton,1,Female,21,Aged 75 to 79 years,1292
E07000133,Melton,1,Female,22,Aged 80 to 84 years,810
E07000133,Melton,1,Female,23,Aged 85 years and over,939
E07000133,Melton,2,Male,1,Aged 2 years and under,716
E07000133,Melton,2,Male,2,Aged 3 to 4 years,532
E07000133,Melton,2,Male,3,Aged 5 to 7 years,829
E07000133,Melton,2,Male,4,Aged 8 to 9 years,618
E07000133,Melton,2,Male,5,Aged 10 to 14 years,1512
E07000133,Melton,2,Male,6,Aged 15 years,272
E07000133,Melton,2,Male,7,Aged 16 to 17 years,594
E07000133,Melton,2,Male,8,Aged 18 to 19 years,419
E07000133,Melton,2,Male,9,Aged 20 to 24 years,1135
E07000133,Melton,2,Male,10,Aged 25 to 29 years,1280
E07000133,Melton,2,Male,11,Aged 30 to 34 years,1411
E07000133,Melton,2,Male,12,Aged 35 to 39 years,1344
E07000133,Melton,2,Male,13,Aged 40 to 44 years,1396
E07000133,Melton,2,Male,14,Aged 45 to 49 years,1545
E07000133,Melton,2,Male,15,Aged 50 to 54 years,2016
E07000133,Melton,2,Male,16,Aged 55 to 59 years,2146
E07000133,Melton,2,Male,17,Aged 60 to 64 years,1750
E07000133,Melton,2,Male,18,Aged 65 years,307
E07000133,Melton,2,Male,19,Aged 66 to 69 years,1315
E07000133,Melton,2,Male,20,Aged 70 to 74 years,1674
E07000133,Melton,2,Male,21,Aged 75 to 79 years,1159
E07000133,Melton,2,Male,22,Aged 80 to 84 years,732
E07000133,Melton,2,Male,23,Aged 85 years and over,555
E07000134,North West Leicestershire,1,Female,1,Aged 2 years and under,1538
E07000134,North West Leicestershire,1,Female,2,Aged 3 to 4 years,1082
E07000134,North West Leicestershire,1,Female,3,Aged 5 to 7 years,1724
E07000134,North West Leicestershire,1,Female,4,Aged 8 to 9 years,1187
E07000134,North West Leicestershire,1,Female,5,Aged 10 to 14 years,2937
E07000134,North West Leicestershire,1,Female,6,Aged 15 years,542
E07000134,North West Leicestershire,1,Female,7,Aged 16 to 17 years,1155
E07000134,North West Leicestershire,1,Female,8,Aged 18 to 19 years,936
E07000134,North West Leicestershire,1,Female,9,Aged 20 to 24 years,3022
E07000134,North West Leicestershire,1,Female,10,Aged 25 to 29 years,3133
E07000134,North West Leicestershire,1,Female,11,Aged 30 to 34 years,3479
E07000134,North West Leicestershire,1,Female,12,Aged 35 to 39 years,3338
E07000134,North West Leicestershire,1,Female,13,Aged 40 to 44 years,3220
E07000134,North West Leicestershire,1,Female,14,Aged 45 to 49 years,3644
E07000134,North West Leicestershire,1,Female,15,Aged 50 to 54 years,4048
E07000134,North West Leicestershire,1,Female,16,Aged 55 to 59 years,3819
E07000134,North West Leicestershire,1,Female,17,Aged 60 to 64 years,3222
E07000134,North West Leicestershire,1,Female,18,Aged 65 years,550
E07000134,North West Leicestershire,1,Female,19,Aged 66 to 69 years,2263
E07000134,North West Leicestershire,1,Female,20,Aged 70 to 74 years,3105
E07000134,North West Leicestershire,1,Female,21,Aged 75 to 79 years,2252
E07000134,North West Leicestershire,1,Female,22,Aged 80 to 84 years,1436
E07000134,North West Leicestershire,1,Female,23,Aged 85 years and over,1438
E07000134,North West Leicestershire,2,Male,1,Aged 2 years and under,1682
E07000134,North West Leicestershire,2,Male,2,Aged 3 to 4 years,1152
E07000134,North West Leicestershire,2,Male,3,Aged 5 to 7 years,1716
E07000134,North West Leicestershire,2,Male,4,Aged 8 to 9 years,1245
E07000134,North West Leicestershire,2,Male,5,Aged 10 to 14 years,3120
E07000134,North West Leicestershire,2,Male,6,Aged 15 years,615
E07000134,North West Leicestershire,2,Male,7,Aged 16 to 17 years,1214
E07000134,North West Leicestershire,2,Male,8,Aged 18 to 19 years,976
E07000134,North West Leicestershire,2,Male,9,Aged 20 to 24 years,2764
E07000134,North West Leicestershire,2,Male,10,Aged 25 to 29 years,3118
E07000134,North West Leicestershire,2,Male,11,Aged 30 to 34 years,3253
E07000134,North West Leicestershire,2,Male,12,Aged 35 to 39 years,3161
E07000134,North West Leicestershire,2,Male,13,Aged 40 to 44 years,3069
E07000134,North West Leicestershire,2,Male,14,Aged 45 to 49 years,3537
E07000134,North West Leicestershire,2,Male,15,Aged 50 to 54 years,4026
E07000134,North West Leicestershire,2,Male,16,Aged 55 to 59 years,3807
E07000134,North West Leicestershire,2,Male,17,Aged 60 to 64 years,3220
E07000134,North West Leicestershire,2,Male,18,Aged 65 years,572
E07000134,North West Leicestershire,2,Male,19,Aged 66 to 69 years,2259
E07000134,North West Leicestershire,2,Male,20,Aged 70 to 74 years,2964
E07000134,North West Leicestershire,2,Male,21,Aged 75 to 79 years,2103
E07000134,North West Leicestershire,2,Male,22,Aged 80 to 84 years,1220
E07000134,North West Leicestershire,2,Male,23,Aged 85 years and over,839
E07000135,Oadby and Wigston,1,Female,1,Aged 2 years and under,762
E07000135,Oadby and Wigston,1,Female,2,Aged 3 to 4 years,600
E07000135,Oadby and Wigston,1,Female,3,Aged 5 to 7 years,1023
E07000135,Oadby and Wigston,1,Female,4,Aged 8 to 9 years,687
E07000135,Oadby and Wigston,1,Female,5,Aged 10 to 14 years,1735
E07000135,Oadby and Wigston,1,Female,6,Aged 15 years,346
E07000135,Oadby and Wigston,1,Female,7,Aged 16 to 17 years,633
E07000135,Oadby and Wigston,1,Female,8,Aged 18 to 19 years,1089
E07000135,Oadby and Wigston,1,Female,9,Aged 20 to 24 years,1424
E07000135,Oadby and Wigston,1,Female,10,Aged 25 to 29 years,1548
E07000135,Oadby and Wigston,1,Female,11,Aged 30 to 34 years,1857
E07000135,Oadby and Wigston,1,Female,12,Aged 35 to 39 years,1854
E07000135,Oadby and Wigston,1,Female,13,Aged 40 to 44 years,1825
E07000135,Oadby and Wigston,1,Female,14,Aged 45 to 49 years,1756
E07000135,Oadby and Wigston,1,Female,15,Aged 50 to 54 years,1963
E07000135,Oadby and Wigston,1,Female,16,Aged 55 to 59 years,2079
E07000135,Oadby and Wigston,1,Female,17,Aged 60 to 64 years,1769
E07000135,Oadby and Wigston,1,Female,18,Aged 65 years,295
E07000135,Oadby and Wigston,1,Female,19,Aged 66 to 69 years,1229
E07000135,Oadby and Wigston,1,Female,20,Aged 70 to 74 years,1644
E07000135,Oadby and Wigston,1,Female,21,Aged 75 to 79 years,1299
E07000135,Oadby and Wigston,1,Female,22,Aged 80 to 84 years,1052
E07000135,Oadby and Wigston,1,Female,23,Aged 85 years and over,1284
E07000135,Oadby and Wigston,2,Male,1,Aged 2 years and under,825
E07000135,Oadby and Wigston,2,Male,2,Aged 3 to 4 years,676
E07000135,Oadby and Wigston,2,Male,3,Aged 5 to 7 years,1029
E07000135,Oadby and Wigston,2,Male,4,Aged 8 to 9 years,767
E07000135,Oadby and Wigston,2,Male,5,Aged 10 to 14 years,1745
E07000135,Oadby and Wigston,2,Male,6,Aged 15 years,342
E07000135,Oadby and Wigston,2,Male,7,Aged 16 to 17 years,702
E07000135,Oadby and Wigston,2,Male,8,Aged 18 to 19 years,1114
E07000135,Oadby and Wigston,2,Male,9,Aged 20 to 24 years,1502
E07000135,Oadby and Wigston,2,Male,10,Aged 25 to 29 years,1617
E07000135,Oadby and Wigston,2,Male,11,Aged 30 to 34 years,1629
E07000135,Oadby and Wigston,2,Male,12,Aged 35 to 39 years,1693
E07000135,Oadby and Wigston,2,Male,13,Aged 40 to 44 years,1667
E07000135,Oadby and Wigston,2,Male,14,Aged 45 to 49 years,1693
E07000135,Oadby and Wigston,2,Male,15,Aged 50 to 54 years,1898
E07000135,Oadby and Wigston,2,Male,16,Aged 55 to 59 years,1841
E07000135,Oadby and Wigston,2,Male,17,Aged 60 to 64 years,1755
E07000135,Oadby and Wigston,2,Male,18,Aged 65 years,310
E07000135,Oadby and Wigston,2,Male,19,Aged 66 to 69 years,1153
E07000135,Oadby and Wigston,2,Male,20,Aged 70 to 74 years,1407
E07000135,Oadby and Wigston,2,Male,21,Aged 75 to 79 years,1082
E07000135,Oadby and Wigston,2,Male,22,Aged 80 to 84 years,797
E07000135,Oadby and Wigston,2,Male,23,Aged 85 years and over,753
E07000136,Boston,1,Female,1,Aged 2 years and under,953
E07000136,Boston,1,Female,2,Aged 3 to 4 years,771
E07000136,Boston,1,Female,3,Aged 5 to 7 years,1182
E07000136,Boston,1,Female,4,Aged 8 to 9 years,853
E07000136,Boston,1,Female,5,Aged 10 to 14 years,2084
E07000136,Boston,1,Female,6,Aged 15 years,434
E07000136,Boston,1,Female,7,Aged 16 to 17 years,756
E07000136,Boston,1,Female,8,Aged 18 to 19 years,657
E07000136,Boston,1,Female,9,Aged 20 to 24 years,1751
E07000136,Boston,1,Female,10,Aged 25 to 29 years,2146
E07000136,Boston,1,Female,11,Aged 30 to 34 years,2433
E07000136,Boston,1,Female,12,Aged 35 to 39 years,2355
E07000136,Boston,1,Female,13,Aged 40 to 44 years,2150
E07000136,Boston,1,Female,14,Aged 45 to 49 years,2349
E07000136,Boston,1,Female,15,Aged 50 to 54 years,2541
E07000136,Boston,1,Female,16,Aged 55 to 59 years,2505
E07000136,Boston,1,Female,17,Aged 60 to 64 years,2188
E07000136,Boston,1,Female,18,Aged 65 years,428
E07000136,Boston,1,Female,19,Aged 66 to 69 years,1528
E07000136,Boston,1,Female,20,Aged 70 to 74 years,1971
E07000136,Boston,1,Female,21,Aged 75 to 79 years,1491
E07000136,Boston,1,Female,22,Aged 80 to 84 years,1106
E07000136,Boston,1,Female,23,Aged 85 years and over,1175
E07000136,Boston,2,Male,1,Aged 2 years and under,1119
E07000136,Boston,2,Male,2,Aged 3 to 4 years,804
E07000136,Boston,2,Male,3,Aged 5 to 7 years,1251
E07000136,Boston,2,Male,4,Aged 8 to 9 years,876
E07000136,Boston,2,Male,5,Aged 10 to 14 years,2210
E07000136,Boston,2,Male,6,Aged 15 years,380
E07000136,Boston,2,Male,7,Aged 16 to 17 years,815
E07000136,Boston,2,Male,8,Aged 18 to 19 years,717
E07000136,Boston,2,Male,9,Aged 20 to 24 years,1861
E07000136,Boston,2,Male,10,Aged 25 to 29 years,2095
E07000136,Boston,2,Male,11,Aged 30 to 34 years,2370
E07000136,Boston,2,Male,12,Aged 35 to 39 years,2329
E07000136,Boston,2,Male,13,Aged 40 to 44 years,2076
E07000136,Boston,2,Male,14,Aged 45 to 49 years,2234
E07000136,Boston,2,Male,15,Aged 50 to 54 years,2302
E07000136,Boston,2,Male,16,Aged 55 to 59 years,2404
E07000136,Boston,2,Male,17,Aged 60 to 64 years,2145
E07000136,Boston,2,Male,18,Aged 65 years,379
E07000136,Boston,2,Male,19,Aged 66 to 69 years,1484
E07000136,Boston,2,Male,20,Aged 70 to 74 years,1845
E07000136,Boston,2,Male,21,Aged 75 to 79 years,1385
E07000136,Boston,2,Male,22,Aged 80 to 84 years,855
E07000136,Boston,2,Male,23,Aged 85 years and over,761
E07000137,East Lindsey,1,Female,1,Aged 2 years and under,1553
E07000137,East Lindsey,1,Female,2,Aged 3 to 4 years,1162
E07000137,East Lindsey,1,Female,3,Aged 5 to 7 years,1847
E07000137,East Lindsey,1,Female,4,Aged 8 to 9 years,1360
E07000137,East Lindsey,1,Female,5,Aged 10 to 14 years,3610
E07000137,East Lindsey,1,Female,6,Aged 15 years,731
E07000137,East Lindsey,1,Female,7,Aged 16 to 17 years,1345
E07000137,East Lindsey,1,Female,8,Aged 18 to 19 years,986
E07000137,East Lindsey,1,Female,9,Aged 20 to 24 years,2835
E07000137,East Lindsey,1,Female,10,Aged 25 to 29 years,3224
E07000137,East Lindsey,1,Female,11,Aged 30 to 34 years,3516
E07000137,East Lindsey,1,Female,12,Aged 35 to 39 years,3271
E07000137,East Lindsey,1,Female,13,Aged 40 to 44 years,3314
E07000137,East Lindsey,1,Female,14,Aged 45 to 49 years,4083
E07000137,East Lindsey,1,Female,15,Aged 50 to 54 years,5349
E07000137,East Lindsey,1,Female,16,Aged 55 to 59 years,6073
E07000137,East Lindsey,1,Female,17,Aged 60 to 64 years,5906
E07000137,East Lindsey,1,Female,18,Aged 65 years,1214
E07000137,East Lindsey,1,Female,19,Aged 66 to 69 years,4500
E07000137,East Lindsey,1,Female,20,Aged 70 to 74 years,6278
E07000137,East Lindsey,1,Female,21,Aged 75 to 79 years,4642
E07000137,East Lindsey,1,Female,22,Aged 80 to 84 years,3076
E07000137,East Lindsey,1,Female,23,Aged 85 years and over,2897
E07000137,East Lindsey,2,Male,1,Aged 2 years and under,1709
E07000137,East Lindsey,2,Male,2,Aged 3 to 4 years,1211
E07000137,East Lindsey,2,Male,3,Aged 5 to 7 years,1956
E07000137,East Lindsey,2,Male,4,Aged 8 to 9 years,1366
E07000137,East Lindsey,2,Male,5,Aged 10 to 14 years,3661
E07000137,East Lindsey,2,Male,6,Aged 15 years,713
E07000137,East Lindsey,2,Male,7,Aged 16 to 17 years,1384
E07000137,East Lindsey,2,Male,8,Aged 18 to 19 years,1207
E07000137,East Lindsey,2,Male,9,Aged 20 to 24 years,3087
E07000137,East Lindsey,2,Male,10,Aged 25 to 29 years,3358
E07000137,East Lindsey,2,Male,11,Aged 30 to 34 years,3333
E07000137,East Lindsey,2,Male,12,Aged 35 to 39 years,3018
E07000137,East Lindsey,2,Male,13,Aged 40 to 44 years,3019
E07000137,East Lindsey,2,Male,14,Aged 45 to 49 years,3659
E07000137,East Lindsey,2,Male,15,Aged 50 to 54 years,4883
E07000137,East Lindsey,2,Male,16,Aged 55 to 59 years,5638
E07000137,East Lindsey,2,Male,17,Aged 60 to 64 years,5595
E07000137,East Lindsey,2,Male,18,Aged 65 years,1037
E07000137,East Lindsey,2,Male,19,Aged 66 to 69 years,4363
E07000137,East Lindsey,2,Male,20,Aged 70 to 74 years,5963
E07000137,East Lindsey,2,Male,21,Aged 75 to 79 years,4559
E07000137,East Lindsey,2,Male,22,Aged 80 to 84 years,2710
E07000137,East Lindsey,2,Male,23,Aged 85 years and over,2091
E07000138,Lincoln,1,Female,1,Aged 2 years and under,1467
E07000138,Lincoln,1,Female,2,Aged 3 to 4 years,990
E07000138,Lincoln,1,Female,3,Aged 5 to 7 years,1606
E07000138,Lincoln,1,Female,4,Aged 8 to 9 years,1024
E07000138,Lincoln,1,Female,5,Aged 10 to 14 years,2495
E07000138,Lincoln,1,Female,6,Aged 15 years,456
E07000138,Lincoln,1,Female,7,Aged 16 to 17 years,942
E07000138,Lincoln,1,Female,8,Aged 18 to 19 years,3289
E07000138,Lincoln,1,Female,9,Aged 20 to 24 years,7066
E07000138,Lincoln,1,Female,10,Aged 25 to 29 years,3886
E07000138,Lincoln,1,Female,11,Aged 30 to 34 years,3739
E07000138,Lincoln,1,Female,12,Aged 35 to 39 years,3174
E07000138,Lincoln,1,Female,13,Aged 40 to 44 years,2903
E07000138,Lincoln,1,Female,14,Aged 45 to 49 years,2702
E07000138,Lincoln,1,Female,15,Aged 50 to 54 years,2953
E07000138,Lincoln,1,Female,16,Aged 55 to 59 years,3061
E07000138,Lincoln,1,Female,17,Aged 60 to 64 years,2490
E07000138,Lincoln,1,Female,18,Aged 65 years,423
E07000138,Lincoln,1,Female,19,Aged 66 to 69 years,1696
E07000138,Lincoln,1,Female,20,Aged 70 to 74 years,2043
E07000138,Lincoln,1,Female,21,Aged 75 to 79 years,1529
E07000138,Lincoln,1,Female,22,Aged 80 to 84 years,1157
E07000138,Lincoln,1,Female,23,Aged 85 years and over,1322
E07000138,Lincoln,2,Male,1,Aged 2 years and under,1584
E07000138,Lincoln,2,Male,2,Aged 3 to 4 years,1078
E07000138,Lincoln,2,Male,3,Aged 5 to 7 years,1616
E07000138,Lincoln,2,Male,4,Aged 8 to 9 years,1148
E07000138,Lincoln,2,Male,5,Aged 10 to 14 years,2777
E07000138,Lincoln,2,Male,6,Aged 15 years,505
E07000138,Lincoln,2,Male,7,Aged 16 to 17 years,1052
E07000138,Lincoln,2,Male,8,Aged 18 to 19 years,2591
E07000138,Lincoln,2,Male,9,Aged 20 to 24 years,6532
E07000138,Lincoln,2,Male,10,Aged 25 to 29 years,4057
E07000138,Lincoln,2,Male,11,Aged 30 to 34 years,3924
E07000138,Lincoln,2,Male,12,Aged 35 to 39 years,3355
E07000138,Lincoln,2,Male,13,Aged 40 to 44 years,2930
E07000138,Lincoln,2,Male,14,Aged 45 to 49 years,2910
E07000138,Lincoln,2,Male,15,Aged 50 to 54 years,3016
E07000138,Lincoln,2,Male,16,Aged 55 to 59 years,2958
E07000138,Lincoln,2,Male,17,Aged 60 to 64 years,2531
E07000138,Lincoln,2,Male,18,Aged 65 years,396
E07000138,Lincoln,2,Male,19,Aged 66 to 69 years,1608
E07000138,Lincoln,2,Male,20,Aged 70 to 74 years,1958
E07000138,Lincoln,2,Male,21,Aged 75 to 79 years,1278
E07000138,Lincoln,2,Male,22,Aged 80 to 84 years,872
E07000138,Lincoln,2,Male,23,Aged 85 years and over,726
E07000139,North Kesteven,1,Female,1,Aged 2 years and under,1553
E07000139,North Kesteven,1,Female,2,Aged 3 to 4 years,1147
E07000139,North Kesteven,1,Female,3,Aged 5 to 7 years,1889
E07000139,North Kesteven,1,Female,4,Aged 8 to 9 years,1380
E07000139,North Kesteven,1,Female,5,Aged 10 to 14 years,3360
E07000139,North Kesteven,1,Female,6,Aged 15 years,633
E07000139,North Kesteven,1,Female,7,Aged 16 to 17 years,1264
E07000139,North Kesteven,1,Female,8,Aged 18 to 19 years,917
E07000139,North Kesteven,1,Female,9,Aged 20 to 24 years,2550
E07000139,North Kesteven,1,Female,10,Aged 25 to 29 years,3274
E07000139,North Kesteven,1,Female,11,Aged 30 to 34 years,3644
E07000139,North Kesteven,1,Female,12,Aged 35 to 39 years,3557
E07000139,North Kesteven,1,Female,13,Aged 40 to 44 years,3362
E07000139,North Kesteven,1,Female,14,Aged 45 to 49 years,3855
E07000139,North Kesteven,1,Female,15,Aged 50 to 54 years,4677
E07000139,North Kesteven,1,Female,16,Aged 55 to 59 years,4555
E07000139,North Kesteven,1,Female,17,Aged 60 to 64 years,3895
E07000139,North Kesteven,1,Female,18,Aged 65 years,629
E07000139,North Kesteven,1,Female,19,Aged 66 to 69 years,2745
E07000139,North Kesteven,1,Female,20,Aged 70 to 74 years,4021
E07000139,North Kesteven,1,Female,21,Aged 75 to 79 years,3070
E07000139,North Kesteven,1,Female,22,Aged 80 to 84 years,2196
E07000139,North Kesteven,1,Female,23,Aged 85 years and over,2047
E07000139,North Kesteven,2,Male,1,Aged 2 years and under,1553
E07000139,North Kesteven,2,Male,2,Aged 3 to 4 years,1277
E07000139,North Kesteven,2,Male,3,Aged 5 to 7 years,1957
E07000139,North Kesteven,2,Male,4,Aged 8 to 9 years,1387
E07000139,North Kesteven,2,Male,5,Aged 10 to 14 years,3281
E07000139,North Kesteven,2,Male,6,Aged 15 years,642
E07000139,North Kesteven,2,Male,7,Aged 16 to 17 years,1339
E07000139,North Kesteven,2,Male,8,Aged 18 to 19 years,1104
E07000139,North Kesteven,2,Male,9,Aged 20 to 24 years,2944
E07000139,North Kesteven,2,Male,10,Aged 25 to 29 years,3343
E07000139,North Kesteven,2,Male,11,Aged 30 to 34 years,3437
E07000139,North Kesteven,2,Male,12,Aged 35 to 39 years,3370
E07000139,North Kesteven,2,Male,13,Aged 40 to 44 years,3180
E07000139,North Kesteven,2,Male,14,Aged 45 to 49 years,3617
E07000139,North Kesteven,2,Male,15,Aged 50 to 54 years,4306
E07000139,North Kesteven,2,Male,16,Aged 55 to 59 years,4499
E07000139,North Kesteven,2,Male,17,Aged 60 to 64 years,3711
E07000139,North Kesteven,2,Male,18,Aged 65 years,644
E07000139,North Kesteven,2,Male,19,Aged 66 to 69 years,2647
E07000139,North Kesteven,2,Male,20,Aged 70 to 74 years,3604
E07000139,North Kesteven,2,Male,21,Aged 75 to 79 years,2756
E07000139,North Kesteven,2,Male,22,Aged 80 to 84 years,1892
E07000139,North Kesteven,2,Male,23,Aged 85 years and over,1357
E07000140,South Holland,1,Female,1,Aged 2 years and under,1319
E07000140,South Holland,1,Female,2,Aged 3 to 4 years,913
E07000140,South Holland,1,Female,3,Aged 5 to 7 years,1519
E07000140,South Holland,1,Female,4,Aged 8 to 9 years,1059
E07000140,South Holland,1,Female,5,Aged 10 to 14 years,2479
E07000140,South Holland,1,Female,6,Aged 15 years,526
E07000140,South Holland,1,Female,7,Aged 16 to 17 years,913
E07000140,South Holland,1,Female,8,Aged 18 to 19 years,788
E07000140,South Holland,1,Female,9,Aged 20 to 24 years,2217
E07000140,South Holland,1,Female,10,Aged 25 to 29 years,2647
E07000140,South Holland,1,Female,11,Aged 30 to 34 years,2920
E07000140,South Holland,1,Female,12,Aged 35 to 39 years,2801
E07000140,South Holland,1,Female,13,Aged 40 to 44 years,2704
E07000140,South Holland,1,Female,14,Aged 45 to 49 years,3159
E07000140,South Holland,1,Female,15,Aged 50 to 54 years,3509
E07000140,South Holland,1,Female,16,Aged 55 to 59 years,3643
E07000140,South Holland,1,Female,17,Aged 60 to 64 years,3115
E07000140,South Holland,1,Female,18,Aged 65 years,579
E07000140,South Holland,1,Female,19,Aged 66 to 69 years,2334
E07000140,South Holland,1,Female,20,Aged 70 to 74 years,3190
E07000140,South Holland,1,Female,21,Aged 75 to 79 years,2417
E07000140,South Holland,1,Female,22,Aged 80 to 84 years,1754
E07000140,South Holland,1,Female,23,Aged 85 years and over,1862
E07000140,South Holland,2,Male,1,Aged 2 years and under,1457
E07000140,South Holland,2,Male,2,Aged 3 to 4 years,1044
E07000140,South Holland,2,Male,3,Aged 5 to 7 years,1496
E07000140,South Holland,2,Male,4,Aged 8 to 9 years,1067
E07000140,South Holland,2,Male,5,Aged 10 to 14 years,2713
E07000140,South Holland,2,Male,6,Aged 15 years,532
E07000140,South Holland,2,Male,7,Aged 16 to 17 years,952
E07000140,South Holland,2,Male,8,Aged 18 to 19 years,837
E07000140,South Holland,2,Male,9,Aged 20 to 24 years,2334
E07000140,South Holland,2,Male,10,Aged 25 to 29 years,2598
E07000140,South Holland,2,Male,11,Aged 30 to 34 years,2918
E07000140,South Holland,2,Male,12,Aged 35 to 39 years,2714
E07000140,South Holland,2,Male,13,Aged 40 to 44 years,2636
E07000140,South Holland,2,Male,14,Aged 45 to 49 years,2897
E07000140,South Holland,2,Male,15,Aged 50 to 54 years,3422
E07000140,South Holland,2,Male,16,Aged 55 to 59 years,3518
E07000140,South Holland,2,Male,17,Aged 60 to 64 years,3062
E07000140,South Holland,2,Male,18,Aged 65 years,530
E07000140,South Holland,2,Male,19,Aged 66 to 69 years,2172
E07000140,South Holland,2,Male,20,Aged 70 to 74 years,3041
E07000140,South Holland,2,Male,21,Aged 75 to 79 years,2130
E07000140,South Holland,2,Male,22,Aged 80 to 84 years,1477
E07000140,South Holland,2,Male,23,Aged 85 years and over,1213
E07000141,South Kesteven,1,Female,1,Aged 2 years and under,1868
E07000141,South Kesteven,1,Female,2,Aged 3 to 4 years,1405
E07000141,South Kesteven,1,Female,3,Aged 5 to 7 years,2306
E07000141,South Kesteven,1,Female,4,Aged 8 to 9 years,1652
E07000141,South Kesteven,1,Female,5,Aged 10 to 14 years,4432
E07000141,South Kesteven,1,Female,6,Aged 15 years,818
E07000141,South Kesteven,1,Female,7,Aged 16 to 17 years,1587
E07000141,South Kesteven,1,Female,8,Aged 18 to 19 years,1203
E07000141,South Kesteven,1,Female,9,Aged 20 to 24 years,3023
E07000141,South Kesteven,1,Female,10,Aged 25 to 29 years,3854
E07000141,South Kesteven,1,Female,11,Aged 30 to 34 years,4180
E07000141,South Kesteven,1,Female,12,Aged 35 to 39 years,4308
E07000141,South Kesteven,1,Female,13,Aged 40 to 44 years,4441
E07000141,South Kesteven,1,Female,14,Aged 45 to 49 years,4927
E07000141,South Kesteven,1,Female,15,Aged 50 to 54 years,5567
E07000141,South Kesteven,1,Female,16,Aged 55 to 59 years,5555
E07000141,South Kesteven,1,Female,17,Aged 60 to 64 years,4964
E07000141,South Kesteven,1,Female,18,Aged 65 years,859
E07000141,South Kesteven,1,Female,19,Aged 66 to 69 years,3609
E07000141,South Kesteven,1,Female,20,Aged 70 to 74 years,4783
E07000141,South Kesteven,1,Female,21,Aged 75 to 79 years,3613
E07000141,South Kesteven,1,Female,22,Aged 80 to 84 years,2374
E07000141,South Kesteven,1,Female,23,Aged 85 years and over,2567
E07000141,South Kesteven,2,Male,1,Aged 2 years and under,1976
E07000141,South Kesteven,2,Male,2,Aged 3 to 4 years,1503
E07000141,South Kesteven,2,Male,3,Aged 5 to 7 years,2480
E07000141,South Kesteven,2,Male,4,Aged 8 to 9 years,1693
E07000141,South Kesteven,2,Male,5,Aged 10 to 14 years,4423
E07000141,South Kesteven,2,Male,6,Aged 15 years,838
E07000141,South Kesteven,2,Male,7,Aged 16 to 17 years,1657
E07000141,South Kesteven,2,Male,8,Aged 18 to 19 years,1265
E07000141,South Kesteven,2,Male,9,Aged 20 to 24 years,3087
E07000141,South Kesteven,2,Male,10,Aged 25 to 29 years,3662
E07000141,South Kesteven,2,Male,11,Aged 30 to 34 years,3876
E07000141,South Kesteven,2,Male,12,Aged 35 to 39 years,3837
E07000141,South Kesteven,2,Male,13,Aged 40 to 44 years,4004
E07000141,South Kesteven,2,Male,14,Aged 45 to 49 years,4587
E07000141,South Kesteven,2,Male,15,Aged 50 to 54 years,5286
E07000141,South Kesteven,2,Male,16,Aged 55 to 59 years,5347
E07000141,South Kesteven,2,Male,17,Aged 60 to 64 years,4673
E07000141,South Kesteven,2,Male,18,Aged 65 years,820
E07000141,South Kesteven,2,Male,19,Aged 66 to 69 years,3301
E07000141,South Kesteven,2,Male,20,Aged 70 to 74 years,4325
E07000141,South Kesteven,2,Male,21,Aged 75 to 79 years,3241
E07000141,South Kesteven,2,Male,22,Aged 80 to 84 years,2029
E07000141,South Kesteven,2,Male,23,Aged 85 years and over,1598
E07000142,West Lindsey,1,Female,1,Aged 2 years and under,1155
E07000142,West Lindsey,1,Female,2,Aged 3 to 4 years,920
E07000142,West Lindsey,1,Female,3,Aged 5 to 7 years,1543
E07000142,West Lindsey,1,Female,4,Aged 8 to 9 years,1061
E07000142,West Lindsey,1,Female,5,Aged 10 to 14 years,2568
E07000142,West Lindsey,1,Female,6,Aged 15 years,511
E07000142,West Lindsey,1,Female,7,Aged 16 to 17 years,975
E07000142,West Lindsey,1,Female,8,Aged 18 to 19 years,703
E07000142,West Lindsey,1,Female,9,Aged 20 to 24 years,1963
E07000142,West Lindsey,1,Female,10,Aged 25 to 29 years,2475
E07000142,West Lindsey,1,Female,11,Aged 30 to 34 years,2641
E07000142,West Lindsey,1,Female,12,Aged 35 to 39 years,2706
E07000142,West Lindsey,1,Female,13,Aged 40 to 44 years,2587
E07000142,West Lindsey,1,Female,14,Aged 45 to 49 years,2941
E07000142,West Lindsey,1,Female,15,Aged 50 to 54 years,3683
E07000142,West Lindsey,1,Female,16,Aged 55 to 59 years,3913
E07000142,West Lindsey,1,Female,17,Aged 60 to 64 years,3526
E07000142,West Lindsey,1,Female,18,Aged 65 years,686
E07000142,West Lindsey,1,Female,19,Aged 66 to 69 years,2567
E07000142,West Lindsey,1,Female,20,Aged 70 to 74 years,3409
E07000142,West Lindsey,1,Female,21,Aged 75 to 79 years,2603
E07000142,West Lindsey,1,Female,22,Aged 80 to 84 years,1699
E07000142,West Lindsey,1,Female,23,Aged 85 years and over,1630
E07000142,West Lindsey,2,Male,1,Aged 2 years and under,1354
E07000142,West Lindsey,2,Male,2,Aged 3 to 4 years,974
E07000142,West Lindsey,2,Male,3,Aged 5 to 7 years,1566
E07000142,West Lindsey,2,Male,4,Aged 8 to 9 years,1103
E07000142,West Lindsey,2,Male,5,Aged 10 to 14 years,2739
E07000142,West Lindsey,2,Male,6,Aged 15 years,542
E07000142,West Lindsey,2,Male,7,Aged 16 to 17 years,1116
E07000142,West Lindsey,2,Male,8,Aged 18 to 19 years,823
E07000142,West Lindsey,2,Male,9,Aged 20 to 24 years,2128
E07000142,West Lindsey,2,Male,10,Aged 25 to 29 years,2322
E07000142,West Lindsey,2,Male,11,Aged 30 to 34 years,2447
E07000142,West Lindsey,2,Male,12,Aged 35 to 39 years,2442
E07000142,West Lindsey,2,Male,13,Aged 40 to 44 years,2398
E07000142,West Lindsey,2,Male,14,Aged 45 to 49 years,2793
E07000142,West Lindsey,2,Male,15,Aged 50 to 54 years,3504
E07000142,West Lindsey,2,Male,16,Aged 55 to 59 years,3650
E07000142,West Lindsey,2,Male,17,Aged 60 to 64 years,3400
E07000142,West Lindsey,2,Male,18,Aged 65 years,619
E07000142,West Lindsey,2,Male,19,Aged 66 to 69 years,2451
E07000142,West Lindsey,2,Male,20,Aged 70 to 74 years,3259
E07000142,West Lindsey,2,Male,21,Aged 75 to 79 years,2445
E07000142,West Lindsey,2,Male,22,Aged 80 to 84 years,1493
E07000142,West Lindsey,2,Male,23,Aged 85 years and over,1124
E07000143,Breckland,1,Female,1,Aged 2 years and under,1939
E07000143,Breckland,1,Female,2,Aged 3 to 4 years,1341
E07000143,Breckland,1,Female,3,Aged 5 to 7 years,2158
E07000143,Breckland,1,Female,4,Aged 8 to 9 years,1576
E07000143,Breckland,1,Female,5,Aged 10 to 14 years,3698
E07000143,Breckland,1,Female,6,Aged 15 years,718
E07000143,Breckland,1,Female,7,Aged 16 to 17 years,1327
E07000143,Breckland,1,Female,8,Aged 18 to 19 years,1151
E07000143,Breckland,1,Female,9,Aged 20 to 24 years,3175
E07000143,Breckland,1,Female,10,Aged 25 to 29 years,3979
E07000143,Breckland,1,Female,11,Aged 30 to 34 years,4174
E07000143,Breckland,1,Female,12,Aged 35 to 39 years,3932
E07000143,Breckland,1,Female,13,Aged 40 to 44 years,3862
E07000143,Breckland,1,Female,14,Aged 45 to 49 years,4366
E07000143,Breckland,1,Female,15,Aged 50 to 54 years,5098
E07000143,Breckland,1,Female,16,Aged 55 to 59 years,5345
E07000143,Breckland,1,Female,17,Aged 60 to 64 years,4749
E07000143,Breckland,1,Female,18,Aged 65 years,898
E07000143,Breckland,1,Female,19,Aged 66 to 69 years,3626
E07000143,Breckland,1,Female,20,Aged 70 to 74 years,5082
E07000143,Breckland,1,Female,21,Aged 75 to 79 years,3670
E07000143,Breckland,1,Female,22,Aged 80 to 84 years,2634
E07000143,Breckland,1,Female,23,Aged 85 years and over,2853
E07000143,Breckland,2,Male,1,Aged 2 years and under,2002
E07000143,Breckland,2,Male,2,Aged 3 to 4 years,1502
E07000143,Breckland,2,Male,3,Aged 5 to 7 years,2346
E07000143,Breckland,2,Male,4,Aged 8 to 9 years,1591
E07000143,Breckland,2,Male,5,Aged 10 to 14 years,4022
E07000143,Breckland,2,Male,6,Aged 15 years,730
E07000143,Breckland,2,Male,7,Aged 16 to 17 years,1494
E07000143,Breckland,2,Male,8,Aged 18 to 19 years,1240
E07000143,Breckland,2,Male,9,Aged 20 to 24 years,3562
E07000143,Breckland,2,Male,10,Aged 25 to 29 years,4126
E07000143,Breckland,2,Male,11,Aged 30 to 34 years,4322
E07000143,Breckland,2,Male,12,Aged 35 to 39 years,3876
E07000143,Breckland,2,Male,13,Aged 40 to 44 years,3872
E07000143,Breckland,2,Male,14,Aged 45 to 49 years,4198
E07000143,Breckland,2,Male,15,Aged 50 to 54 years,4971
E07000143,Breckland,2,Male,16,Aged 55 to 59 years,5184
E07000143,Breckland,2,Male,17,Aged 60 to 64 years,4548
E07000143,Breckland,2,Male,18,Aged 65 years,851
E07000143,Breckland,2,Male,19,Aged 66 to 69 years,3407
E07000143,Breckland,2,Male,20,Aged 70 to 74 years,4620
E07000143,Breckland,2,Male,21,Aged 75 to 79 years,3582
E07000143,Breckland,2,Male,22,Aged 80 to 84 years,2258
E07000143,Breckland,2,Male,23,Aged 85 years and over,1820
E07000144,Broadland,1,Female,1,Aged 2 years and under,1639
E07000144,Broadland,1,Female,2,Aged 3 to 4 years,1211
E07000144,Broadland,1,Female,3,Aged 5 to 7 years,1979
E07000144,Broadland,1,Female,4,Aged 8 to 9 years,1389
E07000144,Broadland,1,Female,5,Aged 10 to 14 years,3423
E07000144,Broadland,1,Female,6,Aged 15 years,635
E07000144,Broadland,1,Female,7,Aged 16 to 17 years,1351
E07000144,Broadland,1,Female,8,Aged 18 to 19 years,1095
E07000144,Broadland,1,Female,9,Aged 20 to 24 years,2665
E07000144,Broadland,1,Female,10,Aged 25 to 29 years,3304
E07000144,Broadland,1,Female,11,Aged 30 to 34 years,3655
E07000144,Broadland,1,Female,12,Aged 35 to 39 years,3856
E07000144,Broadland,1,Female,13,Aged 40 to 44 years,3911
E07000144,Broadland,1,Female,14,Aged 45 to 49 years,4394
E07000144,Broadland,1,Female,15,Aged 50 to 54 years,5027
E07000144,Broadland,1,Female,16,Aged 55 to 59 years,5073
E07000144,Broadland,1,Female,17,Aged 60 to 64 years,4532
E07000144,Broadland,1,Female,18,Aged 65 years,878
E07000144,Broadland,1,Female,19,Aged 66 to 69 years,3412
E07000144,Broadland,1,Female,20,Aged 70 to 74 years,4823
E07000144,Broadland,1,Female,21,Aged 75 to 79 years,3573
E07000144,Broadland,1,Female,22,Aged 80 to 84 years,2688
E07000144,Broadland,1,Female,23,Aged 85 years and over,2947
E07000144,Broadland,2,Male,1,Aged 2 years and under,1742
E07000144,Broadland,2,Male,2,Aged 3 to 4 years,1344
E07000144,Broadland,2,Male,3,Aged 5 to 7 years,1974
E07000144,Broadland,2,Male,4,Aged 8 to 9 years,1498
E07000144,Broadland,2,Male,5,Aged 10 to 14 years,3735
E07000144,Broadland,2,Male,6,Aged 15 years,648
E07000144,Broadland,2,Male,7,Aged 16 to 17 years,1425
E07000144,Broadland,2,Male,8,Aged 18 to 19 years,1165
E07000144,Broadland,2,Male,9,Aged 20 to 24 years,2868
E07000144,Broadland,2,Male,10,Aged 25 to 29 years,3184
E07000144,Broadland,2,Male,11,Aged 30 to 34 years,3498
E07000144,Broadland,2,Male,12,Aged 35 to 39 years,3558
E07000144,Broadland,2,Male,13,Aged 40 to 44 years,3658
E07000144,Broadland,2,Male,14,Aged 45 to 49 years,4214
E07000144,Broadland,2,Male,15,Aged 50 to 54 years,4860
E07000144,Broadland,2,Male,16,Aged 55 to 59 years,4889
E07000144,Broadland,2,Male,17,Aged 60 to 64 years,4254
E07000144,Broadland,2,Male,18,Aged 65 years,792
E07000144,Broadland,2,Male,19,Aged 66 to 69 years,3080
E07000144,Broadland,2,Male,20,Aged 70 to 74 years,4418
E07000144,Broadland,2,Male,21,Aged 75 to 79 years,3293
E07000144,Broadland,2,Male,22,Aged 80 to 84 years,2280
E07000144,Broadland,2,Male,23,Aged 85 years and over,1885
E07000145,Great Yarmouth,1,Female,1,Aged 2 years and under,1375
E07000145,Great Yarmouth,1,Female,2,Aged 3 to 4 years,1011
E07000145,Great Yarmouth,1,Female,3,Aged 5 to 7 years,1559
E07000145,Great Yarmouth,1,Female,4,Aged 8 to 9 years,1034
E07000145,Great Yarmouth,1,Female,5,Aged 10 to 14 years,2765
E07000145,Great Yarmouth,1,Female,6,Aged 15 years,512
E07000145,Great Yarmouth,1,Female,7,Aged 16 to 17 years,1045
E07000145,Great Yarmouth,1,Female,8,Aged 18 to 19 years,929
E07000145,Great Yarmouth,1,Female,9,Aged 20 to 24 years,2488
E07000145,Great Yarmouth,1,Female,10,Aged 25 to 29 years,2924
E07000145,Great Yarmouth,1,Female,11,Aged 30 to 34 years,3076
E07000145,Great Yarmouth,1,Female,12,Aged 35 to 39 years,2871
E07000145,Great Yarmouth,1,Female,13,Aged 40 to 44 years,2683
E07000145,Great Yarmouth,1,Female,14,Aged 45 to 49 years,3081
E07000145,Great Yarmouth,1,Female,15,Aged 50 to 54 years,3679
E07000145,Great Yarmouth,1,Female,16,Aged 55 to 59 years,3834
E07000145,Great Yarmouth,1,Female,17,Aged 60 to 64 years,3400
E07000145,Great Yarmouth,1,Female,18,Aged 65 years,617
E07000145,Great Yarmouth,1,Female,19,Aged 66 to 69 years,2457
E07000145,Great Yarmouth,1,Female,20,Aged 70 to 74 years,3375
E07000145,Great Yarmouth,1,Female,21,Aged 75 to 79 years,2632
E07000145,Great Yarmouth,1,Female,22,Aged 80 to 84 years,1696
E07000145,Great Yarmouth,1,Female,23,Aged 85 years and over,1812
E07000145,Great Yarmouth,2,Male,1,Aged 2 years and under,1481
E07000145,Great Yarmouth,2,Male,2,Aged 3 to 4 years,1086
E07000145,Great Yarmouth,2,Male,3,Aged 5 to 7 years,1602
E07000145,Great Yarmouth,2,Male,4,Aged 8 to 9 years,1169
E07000145,Great Yarmouth,2,Male,5,Aged 10 to 14 years,2912
E07000145,Great Yarmouth,2,Male,6,Aged 15 years,523
E07000145,Great Yarmouth,2,Male,7,Aged 16 to 17 years,1102
E07000145,Great Yarmouth,2,Male,8,Aged 18 to 19 years,998
E07000145,Great Yarmouth,2,Male,9,Aged 20 to 24 years,2538
E07000145,Great Yarmouth,2,Male,10,Aged 25 to 29 years,2786
E07000145,Great Yarmouth,2,Male,11,Aged 30 to 34 years,2906
E07000145,Great Yarmouth,2,Male,12,Aged 35 to 39 years,2724
E07000145,Great Yarmouth,2,Male,13,Aged 40 to 44 years,2638
E07000145,Great Yarmouth,2,Male,14,Aged 45 to 49 years,2886
E07000145,Great Yarmouth,2,Male,15,Aged 50 to 54 years,3449
E07000145,Great Yarmouth,2,Male,16,Aged 55 to 59 years,3516
E07000145,Great Yarmouth,2,Male,17,Aged 60 to 64 years,3229
E07000145,Great Yarmouth,2,Male,18,Aged 65 years,620
E07000145,Great Yarmouth,2,Male,19,Aged 66 to 69 years,2466
E07000145,Great Yarmouth,2,Male,20,Aged 70 to 74 years,3238
E07000145,Great Yarmouth,2,Male,21,Aged 75 to 79 years,2384
E07000145,Great Yarmouth,2,Male,22,Aged 80 to 84 years,1491
E07000145,Great Yarmouth,2,Male,23,Aged 85 years and over,1151
E07000146,King's Lynn and West Norfolk,1,Female,1,Aged 2 years and under,2071
E07000146,King's Lynn and West Norfolk,1,Female,2,Aged 3 to 4 years,1447
E07000146,King's Lynn and West Norfolk,1,Female,3,Aged 5 to 7 years,2444
E07000146,King's Lynn and West Norfolk,1,Female,4,Aged 8 to 9 years,1641
E07000146,King's Lynn and West Norfolk,1,Female,5,Aged 10 to 14 years,4124
E07000146,King's Lynn and West Norfolk,1,Female,6,Aged 15 years,721
E07000146,King's Lynn and West Norfolk,1,Female,7,Aged 16 to 17 years,1406
E07000146,King's Lynn and West Norfolk,1,Female,8,Aged 18 to 19 years,1268
E07000146,King's Lynn and West Norfolk,1,Female,9,Aged 20 to 24 years,3461
E07000146,King's Lynn and West Norfolk,1,Female,10,Aged 25 to 29 years,4282
E07000146,King's Lynn and West Norfolk,1,Female,11,Aged 30 to 34 years,4745
E07000146,King's Lynn and West Norfolk,1,Female,12,Aged 35 to 39 years,4394
E07000146,King's Lynn and West Norfolk,1,Female,13,Aged 40 to 44 years,4054
E07000146,King's Lynn and West Norfolk,1,Female,14,Aged 45 to 49 years,4737
E07000146,King's Lynn and West Norfolk,1,Female,15,Aged 50 to 54 years,5427
E07000146,King's Lynn and West Norfolk,1,Female,16,Aged 55 to 59 years,5828
E07000146,King's Lynn and West Norfolk,1,Female,17,Aged 60 to 64 years,5448
E07000146,King's Lynn and West Norfolk,1,Female,18,Aged 65 years,1098
E07000146,King's Lynn and West Norfolk,1,Female,19,Aged 66 to 69 years,4054
E07000146,King's Lynn and West Norfolk,1,Female,20,Aged 70 to 74 years,5633
E07000146,King's Lynn and West Norfolk,1,Female,21,Aged 75 to 79 years,4318
E07000146,King's Lynn and West Norfolk,1,Female,22,Aged 80 to 84 years,3067
E07000146,King's Lynn and West Norfolk,1,Female,23,Aged 85 years and over,3296
E07000146,King's Lynn and West Norfolk,2,Male,1,Aged 2 years and under,2177
E07000146,King's Lynn and West Norfolk,2,Male,2,Aged 3 to 4 years,1564
E07000146,King's Lynn and West Norfolk,2,Male,3,Aged 5 to 7 years,2515
E07000146,King's Lynn and West Norfolk,2,Male,4,Aged 8 to 9 years,1766
E07000146,King's Lynn and West Norfolk,2,Male,5,Aged 10 to 14 years,4135
E07000146,King's Lynn and West Norfolk,2,Male,6,Aged 15 years,828
E07000146,King's Lynn and West Norfolk,2,Male,7,Aged 16 to 17 years,1618
E07000146,King's Lynn and West Norfolk,2,Male,8,Aged 18 to 19 years,1375
E07000146,King's Lynn and West Norfolk,2,Male,9,Aged 20 to 24 years,3717
E07000146,King's Lynn and West Norfolk,2,Male,10,Aged 25 to 29 years,4338
E07000146,King's Lynn and West Norfolk,2,Male,11,Aged 30 to 34 years,4374
E07000146,King's Lynn and West Norfolk,2,Male,12,Aged 35 to 39 years,4153
E07000146,King's Lynn and West Norfolk,2,Male,13,Aged 40 to 44 years,3989
E07000146,King's Lynn and West Norfolk,2,Male,14,Aged 45 to 49 years,4403
E07000146,King's Lynn and West Norfolk,2,Male,15,Aged 50 to 54 years,5250
E07000146,King's Lynn and West Norfolk,2,Male,16,Aged 55 to 59 years,5613
E07000146,King's Lynn and West Norfolk,2,Male,17,Aged 60 to 64 years,5077
E07000146,King's Lynn and West Norfolk,2,Male,18,Aged 65 years,947
E07000146,King's Lynn and West Norfolk,2,Male,19,Aged 66 to 69 years,3687
E07000146,King's Lynn and West Norfolk,2,Male,20,Aged 70 to 74 years,5174
E07000146,King's Lynn and West Norfolk,2,Male,21,Aged 75 to 79 years,3917
E07000146,King's Lynn and West Norfolk,2,Male,22,Aged 80 to 84 years,2594
E07000146,King's Lynn and West Norfolk,2,Male,23,Aged 85 years and over,2148
E07000147,North Norfolk,1,Female,1,Aged 2 years and under,945
E07000147,North Norfolk,1,Female,2,Aged 3 to 4 years,790
E07000147,North Norfolk,1,Female,3,Aged 5 to 7 years,1239
E07000147,North Norfolk,1,Female,4,Aged 8 to 9 years,883
E07000147,North Norfolk,1,Female,5,Aged 10 to 14 years,2317
E07000147,North Norfolk,1,Female,6,Aged 15 years,437
E07000147,North Norfolk,1,Female,7,Aged 16 to 17 years,901
E07000147,North Norfolk,1,Female,8,Aged 18 to 19 years,716
E07000147,North Norfolk,1,Female,9,Aged 20 to 24 years,1866
E07000147,North Norfolk,1,Female,10,Aged 25 to 29 years,2158
E07000147,North Norfolk,1,Female,11,Aged 30 to 34 years,2294
E07000147,North Norfolk,1,Female,12,Aged 35 to 39 years,2319
E07000147,North Norfolk,1,Female,13,Aged 40 to 44 years,2317
E07000147,North Norfolk,1,Female,14,Aged 45 to 49 years,2860
E07000147,North Norfolk,1,Female,15,Aged 50 to 54 years,3622
E07000147,North Norfolk,1,Female,16,Aged 55 to 59 years,4258
E07000147,North Norfolk,1,Female,17,Aged 60 to 64 years,4460
E07000147,North Norfolk,1,Female,18,Aged 65 years,842
E07000147,North Norfolk,1,Female,19,Aged 66 to 69 years,3502
E07000147,North Norfolk,1,Female,20,Aged 70 to 74 years,4829
E07000147,North Norfolk,1,Female,21,Aged 75 to 79 years,3601
E07000147,North Norfolk,1,Female,22,Aged 80 to 84 years,2597
E07000147,North Norfolk,1,Female,23,Aged 85 years and over,2928
E07000147,North Norfolk,2,Male,1,Aged 2 years and under,1105
E07000147,North Norfolk,2,Male,2,Aged 3 to 4 years,824
E07000147,North Norfolk,2,Male,3,Aged 5 to 7 years,1333
E07000147,North Norfolk,2,Male,4,Aged 8 to 9 years,968
E07000147,North Norfolk,2,Male,5,Aged 10 to 14 years,2498
E07000147,North Norfolk,2,Male,6,Aged 15 years,497
E07000147,North Norfolk,2,Male,7,Aged 16 to 17 years,1026
E07000147,North Norfolk,2,Male,8,Aged 18 to 19 years,831
E07000147,North Norfolk,2,Male,9,Aged 20 to 24 years,2016
E07000147,North Norfolk,2,Male,10,Aged 25 to 29 years,2149
E07000147,North Norfolk,2,Male,11,Aged 30 to 34 years,2334
E07000147,North Norfolk,2,Male,12,Aged 35 to 39 years,2256
E07000147,North Norfolk,2,Male,13,Aged 40 to 44 years,2184
E07000147,North Norfolk,2,Male,14,Aged 45 to 49 years,2675
E07000147,North Norfolk,2,Male,15,Aged 50 to 54 years,3445
E07000147,North Norfolk,2,Male,16,Aged 55 to 59 years,3860
E07000147,North Norfolk,2,Male,17,Aged 60 to 64 years,4096
E07000147,North Norfolk,2,Male,18,Aged 65 years,788
E07000147,North Norfolk,2,Male,19,Aged 66 to 69 years,3211
E07000147,North Norfolk,2,Male,20,Aged 70 to 74 years,4623
E07000147,North Norfolk,2,Male,21,Aged 75 to 79 years,3417
E07000147,North Norfolk,2,Male,22,Aged 80 to 84 years,2162
E07000147,North Norfolk,2,Male,23,Aged 85 years and over,1997
E07000148,Norwich,1,Female,1,Aged 2 years and under,1937
E07000148,Norwich,1,Female,2,Aged 3 to 4 years,1394
E07000148,Norwich,1,Female,3,Aged 5 to 7 years,2143
E07000148,Norwich,1,Female,4,Aged 8 to 9 years,1568
E07000148,Norwich,1,Female,5,Aged 10 to 14 years,3608
E07000148,Norwich,1,Female,6,Aged 15 years,660
E07000148,Norwich,1,Female,7,Aged 16 to 17 years,1194
E07000148,Norwich,1,Female,8,Aged 18 to 19 years,3361
E07000148,Norwich,1,Female,9,Aged 20 to 24 years,8770
E07000148,Norwich,1,Female,10,Aged 25 to 29 years,6098
E07000148,Norwich,1,Female,11,Aged 30 to 34 years,5771
E07000148,Norwich,1,Female,12,Aged 35 to 39 years,5076
E07000148,Norwich,1,Female,13,Aged 40 to 44 years,4318
E07000148,Norwich,1,Female,14,Aged 45 to 49 years,3956
E07000148,Norwich,1,Female,15,Aged 50 to 54 years,4033
E07000148,Norwich,1,Female,16,Aged 55 to 59 years,3815
E07000148,Norwich,1,Female,17,Aged 60 to 64 years,3288
E07000148,Norwich,1,Female,18,Aged 65 years,636
E07000148,Norwich,1,Female,19,Aged 66 to 69 years,2424
E07000148,Norwich,1,Female,20,Aged 70 to 74 years,2966
E07000148,Norwich,1,Female,21,Aged 75 to 79 years,2203
E07000148,Norwich,1,Female,22,Aged 80 to 84 years,1594
E07000148,Norwich,1,Female,23,Aged 85 years and over,2037
E07000148,Norwich,2,Male,1,Aged 2 years and under,2157
E07000148,Norwich,2,Male,2,Aged 3 to 4 years,1443
E07000148,Norwich,2,Male,3,Aged 5 to 7 years,2292
E07000148,Norwich,2,Male,4,Aged 8 to 9 years,1594
E07000148,Norwich,2,Male,5,Aged 10 to 14 years,3736
E07000148,Norwich,2,Male,6,Aged 15 years,627
E07000148,Norwich,2,Male,7,Aged 16 to 17 years,1367
E07000148,Norwich,2,Male,8,Aged 18 to 19 years,3054
E07000148,Norwich,2,Male,9,Aged 20 to 24 years,7701
E07000148,Norwich,2,Male,10,Aged 25 to 29 years,5963
E07000148,Norwich,2,Male,11,Aged 30 to 34 years,5911
E07000148,Norwich,2,Male,12,Aged 35 to 39 years,5341
E07000148,Norwich,2,Male,13,Aged 40 to 44 years,4658
E07000148,Norwich,2,Male,14,Aged 45 to 49 years,4269
E07000148,Norwich,2,Male,15,Aged 50 to 54 years,4219
E07000148,Norwich,2,Male,16,Aged 55 to 59 years,3957
E07000148,Norwich,2,Male,17,Aged 60 to 64 years,3133
E07000148,Norwich,2,Male,18,Aged 65 years,546
E07000148,Norwich,2,Male,19,Aged 66 to 69 years,2222
E07000148,Norwich,2,Male,20,Aged 70 to 74 years,2673
E07000148,Norwich,2,Male,21,Aged 75 to 79 years,1876
E07000148,Norwich,2,Male,22,Aged 80 to 84 years,1248
E07000148,Norwich,2,Male,23,Aged 85 years and over,1083
E07000149,South Norfolk,1,Female,1,Aged 2 years and under,1922
E07000149,South Norfolk,1,Female,2,Aged 3 to 4 years,1446
E07000149,South Norfolk,1,Female,3,Aged 5 to 7 years,2322
E07000149,South Norfolk,1,Female,4,Aged 8 to 9 years,1709
E07000149,South Norfolk,1,Female,5,Aged 10 to 14 years,3932
E07000149,South Norfolk,1,Female,6,Aged 15 years,729
E07000149,South Norfolk,1,Female,7,Aged 16 to 17 years,1508
E07000149,South Norfolk,1,Female,8,Aged 18 to 19 years,1052
E07000149,South Norfolk,1,Female,9,Aged 20 to 24 years,2892
E07000149,South Norfolk,1,Female,10,Aged 25 to 29 years,3796
E07000149,South Norfolk,1,Female,11,Aged 30 to 34 years,4319
E07000149,South Norfolk,1,Female,12,Aged 35 to 39 years,4372
E07000149,South Norfolk,1,Female,13,Aged 40 to 44 years,4253
E07000149,South Norfolk,1,Female,14,Aged 45 to 49 years,4808
E07000149,South Norfolk,1,Female,15,Aged 50 to 54 years,5150
E07000149,South Norfolk,1,Female,16,Aged 55 to 59 years,5377
E07000149,South Norfolk,1,Female,17,Aged 60 to 64 years,4774
E07000149,South Norfolk,1,Female,18,Aged 65 years,870
E07000149,South Norfolk,1,Female,19,Aged 66 to 69 years,3502
E07000149,South Norfolk,1,Female,20,Aged 70 to 74 years,4893
E07000149,South Norfolk,1,Female,21,Aged 75 to 79 years,3692
E07000149,South Norfolk,1,Female,22,Aged 80 to 84 years,2526
E07000149,South Norfolk,1,Female,23,Aged 85 years and over,2869
E07000149,South Norfolk,2,Male,1,Aged 2 years and under,2042
E07000149,South Norfolk,2,Male,2,Aged 3 to 4 years,1580
E07000149,South Norfolk,2,Male,3,Aged 5 to 7 years,2374
E07000149,South Norfolk,2,Male,4,Aged 8 to 9 years,1701
E07000149,South Norfolk,2,Male,5,Aged 10 to 14 years,4146
E07000149,South Norfolk,2,Male,6,Aged 15 years,827
E07000149,South Norfolk,2,Male,7,Aged 16 to 17 years,1615
E07000149,South Norfolk,2,Male,8,Aged 18 to 19 years,1171
E07000149,South Norfolk,2,Male,9,Aged 20 to 24 years,3085
E07000149,South Norfolk,2,Male,10,Aged 25 to 29 years,3506
E07000149,South Norfolk,2,Male,11,Aged 30 to 34 years,3850
E07000149,South Norfolk,2,Male,12,Aged 35 to 39 years,4113
E07000149,South Norfolk,2,Male,13,Aged 40 to 44 years,4072
E07000149,South Norfolk,2,Male,14,Aged 45 to 49 years,4437
E07000149,South Norfolk,2,Male,15,Aged 50 to 54 years,4964
E07000149,South Norfolk,2,Male,16,Aged 55 to 59 years,5116
E07000149,South Norfolk,2,Male,17,Aged 60 to 64 years,4480
E07000149,South Norfolk,2,Male,18,Aged 65 years,842
E07000149,South Norfolk,2,Male,19,Aged 66 to 69 years,3229
E07000149,South Norfolk,2,Male,20,Aged 70 to 74 years,4549
E07000149,South Norfolk,2,Male,21,Aged 75 to 79 years,3435
E07000149,South Norfolk,2,Male,22,Aged 80 to 84 years,2272
E07000149,South Norfolk,2,Male,23,Aged 85 years and over,1832
E07000163,Craven,1,Female,1,Aged 2 years and under,672
E07000163,Craven,1,Female,2,Aged 3 to 4 years,518
E07000163,Craven,1,Female,3,Aged 5 to 7 years,754
E07000163,Craven,1,Female,4,Aged 8 to 9 years,590
E07000163,Craven,1,Female,5,Aged 10 to 14 years,1445
E07000163,Craven,1,Female,6,Aged 15 years,289
E07000163,Craven,1,Female,7,Aged 16 to 17 years,499
E07000163,Craven,1,Female,8,Aged 18 to 19 years,418
E07000163,Craven,1,Female,9,Aged 20 to 24 years,1111
E07000163,Craven,1,Female,10,Aged 25 to 29 years,1302
E07000163,Craven,1,Female,11,Aged 30 to 34 years,1399
E07000163,Craven,1,Female,12,Aged 35 to 39 years,1449
E07000163,Craven,1,Female,13,Aged 40 to 44 years,1514
E07000163,Craven,1,Female,14,Aged 45 to 49 years,1839
E07000163,Craven,1,Female,15,Aged 50 to 54 years,2316
E07000163,Craven,1,Female,16,Aged 55 to 59 years,2476
E07000163,Craven,1,Female,17,Aged 60 to 64 years,2313
E07000163,Craven,1,Female,18,Aged 65 years,408
E07000163,Craven,1,Female,19,Aged 66 to 69 years,1658
E07000163,Craven,1,Female,20,Aged 70 to 74 years,2192
E07000163,Craven,1,Female,21,Aged 75 to 79 years,1649
E07000163,Craven,1,Female,22,Aged 80 to 84 years,1157
E07000163,Craven,1,Female,23,Aged 85 years and over,1341
E07000163,Craven,2,Male,1,Aged 2 years and under,670
E07000163,Craven,2,Male,2,Aged 3 to 4 years,492
E07000163,Craven,2,Male,3,Aged 5 to 7 years,817
E07000163,Craven,2,Male,4,Aged 8 to 9 years,560
E07000163,Craven,2,Male,5,Aged 10 to 14 years,1537
E07000163,Craven,2,Male,6,Aged 15 years,302
E07000163,Craven,2,Male,7,Aged 16 to 17 years,599
E07000163,Craven,2,Male,8,Aged 18 to 19 years,504
E07000163,Craven,2,Male,9,Aged 20 to 24 years,1193
E07000163,Craven,2,Male,10,Aged 25 to 29 years,1260
E07000163,Craven,2,Male,11,Aged 30 to 34 years,1392
E07000163,Craven,2,Male,12,Aged 35 to 39 years,1322
E07000163,Craven,2,Male,13,Aged 40 to 44 years,1491
E07000163,Craven,2,Male,14,Aged 45 to 49 years,1688
E07000163,Craven,2,Male,15,Aged 50 to 54 years,2172
E07000163,Craven,2,Male,16,Aged 55 to 59 years,2247
E07000163,Craven,2,Male,17,Aged 60 to 64 years,2149
E07000163,Craven,2,Male,18,Aged 65 years,408
E07000163,Craven,2,Male,19,Aged 66 to 69 years,1638
E07000163,Craven,2,Male,20,Aged 70 to 74 years,2023
E07000163,Craven,2,Male,21,Aged 75 to 79 years,1490
E07000163,Craven,2,Male,22,Aged 80 to 84 years,914
E07000163,Craven,2,Male,23,Aged 85 years and over,751
E07000164,Hambleton,1,Female,1,Aged 2 years and under,1062
E07000164,Hambleton,1,Female,2,Aged 3 to 4 years,782
E07000164,Hambleton,1,Female,3,Aged 5 to 7 years,1253
E07000164,Hambleton,1,Female,4,Aged 8 to 9 years,934
E07000164,Hambleton,1,Female,5,Aged 10 to 14 years,2232
E07000164,Hambleton,1,Female,6,Aged 15 years,463
E07000164,Hambleton,1,Female,7,Aged 16 to 17 years,926
E07000164,Hambleton,1,Female,8,Aged 18 to 19 years,648
E07000164,Hambleton,1,Female,9,Aged 20 to 24 years,1803
E07000164,Hambleton,1,Female,10,Aged 25 to 29 years,2131
E07000164,Hambleton,1,Female,11,Aged 30 to 34 years,2394
E07000164,Hambleton,1,Female,12,Aged 35 to 39 years,2324
E07000164,Hambleton,1,Female,13,Aged 40 to 44 years,2394
E07000164,Hambleton,1,Female,14,Aged 45 to 49 years,2772
E07000164,Hambleton,1,Female,15,Aged 50 to 54 years,3582
E07000164,Hambleton,1,Female,16,Aged 55 to 59 years,4071
E07000164,Hambleton,1,Female,17,Aged 60 to 64 years,3552
E07000164,Hambleton,1,Female,18,Aged 65 years,675
E07000164,Hambleton,1,Female,19,Aged 66 to 69 years,2553
E07000164,Hambleton,1,Female,20,Aged 70 to 74 years,3447
E07000164,Hambleton,1,Female,21,Aged 75 to 79 years,2516
E07000164,Hambleton,1,Female,22,Aged 80 to 84 years,1980
E07000164,Hambleton,1,Female,23,Aged 85 years and over,1963
E07000164,Hambleton,2,Male,1,Aged 2 years and under,1109
E07000164,Hambleton,2,Male,2,Aged 3 to 4 years,863
E07000164,Hambleton,2,Male,3,Aged 5 to 7 years,1295
E07000164,Hambleton,2,Male,4,Aged 8 to 9 years,953
E07000164,Hambleton,2,Male,5,Aged 10 to 14 years,2297
E07000164,Hambleton,2,Male,6,Aged 15 years,464
E07000164,Hambleton,2,Male,7,Aged 16 to 17 years,968
E07000164,Hambleton,2,Male,8,Aged 18 to 19 years,781
E07000164,Hambleton,2,Male,9,Aged 20 to 24 years,2094
E07000164,Hambleton,2,Male,10,Aged 25 to 29 years,2276
E07000164,Hambleton,2,Male,11,Aged 30 to 34 years,2236
E07000164,Hambleton,2,Male,12,Aged 35 to 39 years,2138
E07000164,Hambleton,2,Male,13,Aged 40 to 44 years,2233
E07000164,Hambleton,2,Male,14,Aged 45 to 49 years,2439
E07000164,Hambleton,2,Male,15,Aged 50 to 54 years,3345
E07000164,Hambleton,2,Male,16,Aged 55 to 59 years,3710
E07000164,Hambleton,2,Male,17,Aged 60 to 64 years,3435
E07000164,Hambleton,2,Male,18,Aged 65 years,605
E07000164,Hambleton,2,Male,19,Aged 66 to 69 years,2460
E07000164,Hambleton,2,Male,20,Aged 70 to 74 years,3289
E07000164,Hambleton,2,Male,21,Aged 75 to 79 years,2429
E07000164,Hambleton,2,Male,22,Aged 80 to 84 years,1527
E07000164,Hambleton,2,Male,23,Aged 85 years and over,1289
E07000165,Harrogate,1,Female,1,Aged 2 years and under,1991
E07000165,Harrogate,1,Female,2,Aged 3 to 4 years,1555
E07000165,Harrogate,1,Female,3,Aged 5 to 7 years,2423
E07000165,Harrogate,1,Female,4,Aged 8 to 9 years,1726
E07000165,Harrogate,1,Female,5,Aged 10 to 14 years,4809
E07000165,Harrogate,1,Female,6,Aged 15 years,925
E07000165,Harrogate,1,Female,7,Aged 16 to 17 years,2002
E07000165,Harrogate,1,Female,8,Aged 18 to 19 years,1248
E07000165,Harrogate,1,Female,9,Aged 20 to 24 years,3004
E07000165,Harrogate,1,Female,10,Aged 25 to 29 years,3879
E07000165,Harrogate,1,Female,11,Aged 30 to 34 years,4436
E07000165,Harrogate,1,Female,12,Aged 35 to 39 years,4748
E07000165,Harrogate,1,Female,13,Aged 40 to 44 years,5028
E07000165,Harrogate,1,Female,14,Aged 45 to 49 years,5553
E07000165,Harrogate,1,Female,15,Aged 50 to 54 years,6611
E07000165,Harrogate,1,Female,16,Aged 55 to 59 years,6677
E07000165,Harrogate,1,Female,17,Aged 60 to 64 years,5698
E07000165,Harrogate,1,Female,18,Aged 65 years,1021
E07000165,Harrogate,1,Female,19,Aged 66 to 69 years,3868
E07000165,Harrogate,1,Female,20,Aged 70 to 74 years,5354
E07000165,Harrogate,1,Female,21,Aged 75 to 79 years,3978
E07000165,Harrogate,1,Female,22,Aged 80 to 84 years,3067
E07000165,Harrogate,1,Female,23,Aged 85 years and over,3405
E07000165,Harrogate,2,Male,1,Aged 2 years and under,2133
E07000165,Harrogate,2,Male,2,Aged 3 to 4 years,1607
E07000165,Harrogate,2,Male,3,Aged 5 to 7 years,2491
E07000165,Harrogate,2,Male,4,Aged 8 to 9 years,1754
E07000165,Harrogate,2,Male,5,Aged 10 to 14 years,4930
E07000165,Harrogate,2,Male,6,Aged 15 years,1017
E07000165,Harrogate,2,Male,7,Aged 16 to 17 years,3007
E07000165,Harrogate,2,Male,8,Aged 18 to 19 years,1475
E07000165,Harrogate,2,Male,9,Aged 20 to 24 years,3462
E07000165,Harrogate,2,Male,10,Aged 25 to 29 years,4023
E07000165,Harrogate,2,Male,11,Aged 30 to 34 years,4249
E07000165,Harrogate,2,Male,12,Aged 35 to 39 years,4523
E07000165,Harrogate,2,Male,13,Aged 40 to 44 years,4689
E07000165,Harrogate,2,Male,14,Aged 45 to 49 years,5172
E07000165,Harrogate,2,Male,15,Aged 50 to 54 years,6087
E07000165,Harrogate,2,Male,16,Aged 55 to 59 years,6245
E07000165,Harrogate,2,Male,17,Aged 60 to 64 years,5463
E07000165,Harrogate,2,Male,18,Aged 65 years,1014
E07000165,Harrogate,2,Male,19,Aged 66 to 69 years,3565
E07000165,Harrogate,2,Male,20,Aged 70 to 74 years,4873
E07000165,Harrogate,2,Male,21,Aged 75 to 79 years,3467
E07000165,Harrogate,2,Male,22,Aged 80 to 84 years,2417
E07000165,Harrogate,2,Male,23,Aged 85 years and over,1999
E07000166,Richmondshire,1,Female,1,Aged 2 years and under,644
E07000166,Richmondshire,1,Female,2,Aged 3 to 4 years,475
E07000166,Richmondshire,1,Female,3,Aged 5 to 7 years,680
E07000166,Richmondshire,1,Female,4,Aged 8 to 9 years,518
E07000166,Richmondshire,1,Female,5,Aged 10 to 14 years,1240
E07000166,Richmondshire,1,Female,6,Aged 15 years,236
E07000166,Richmondshire,1,Female,7,Aged 16 to 17 years,477
E07000166,Richmondshire,1,Female,8,Aged 18 to 19 years,392
E07000166,Richmondshire,1,Female,9,Aged 20 to 24 years,978
E07000166,Richmondshire,1,Female,10,Aged 25 to 29 years,1273
E07000166,Richmondshire,1,Female,11,Aged 30 to 34 years,1398
E07000166,Richmondshire,1,Female,12,Aged 35 to 39 years,1355
E07000166,Richmondshire,1,Female,13,Aged 40 to 44 years,1302
E07000166,Richmondshire,1,Female,14,Aged 45 to 49 years,1451
E07000166,Richmondshire,1,Female,15,Aged 50 to 54 years,1915
E07000166,Richmondshire,1,Female,16,Aged 55 to 59 years,1983
E07000166,Richmondshire,1,Female,17,Aged 60 to 64 years,1872
E07000166,Richmondshire,1,Female,18,Aged 65 years,317
E07000166,Richmondshire,1,Female,19,Aged 66 to 69 years,1226
E07000166,Richmondshire,1,Female,20,Aged 70 to 74 years,1715
E07000166,Richmondshire,1,Female,21,Aged 75 to 79 years,1170
E07000166,Richmondshire,1,Female,22,Aged 80 to 84 years,866
E07000166,Richmondshire,1,Female,23,Aged 85 years and over,830
E07000166,Richmondshire,2,Male,1,Aged 2 years and under,707
E07000166,Richmondshire,2,Male,2,Aged 3 to 4 years,499
E07000166,Richmondshire,2,Male,3,Aged 5 to 7 years,820
E07000166,Richmondshire,2,Male,4,Aged 8 to 9 years,518
E07000166,Richmondshire,2,Male,5,Aged 10 to 14 years,1438
E07000166,Richmondshire,2,Male,6,Aged 15 years,261
E07000166,Richmondshire,2,Male,7,Aged 16 to 17 years,516
E07000166,Richmondshire,2,Male,8,Aged 18 to 19 years,1016
E07000166,Richmondshire,2,Male,9,Aged 20 to 24 years,1748
E07000166,Richmondshire,2,Male,10,Aged 25 to 29 years,1831
E07000166,Richmondshire,2,Male,11,Aged 30 to 34 years,1382
E07000166,Richmondshire,2,Male,12,Aged 35 to 39 years,1378
E07000166,Richmondshire,2,Male,13,Aged 40 to 44 years,1187
E07000166,Richmondshire,2,Male,14,Aged 45 to 49 years,1369
E07000166,Richmondshire,2,Male,15,Aged 50 to 54 years,1700
E07000166,Richmondshire,2,Male,16,Aged 55 to 59 years,1799
E07000166,Richmondshire,2,Male,17,Aged 60 to 64 years,1762
E07000166,Richmondshire,2,Male,18,Aged 65 years,333
E07000166,Richmondshire,2,Male,19,Aged 66 to 69 years,1266
E07000166,Richmondshire,2,Male,20,Aged 70 to 74 years,1550
E07000166,Richmondshire,2,Male,21,Aged 75 to 79 years,1119
E07000166,Richmondshire,2,Male,22,Aged 80 to 84 years,744
E07000166,Richmondshire,2,Male,23,Aged 85 years and over,522
E07000167,Ryedale,1,Female,1,Aged 2 years and under,690
E07000167,Ryedale,1,Female,2,Aged 3 to 4 years,476
E07000167,Ryedale,1,Female,3,Aged 5 to 7 years,718
E07000167,Ryedale,1,Female,4,Aged 8 to 9 years,549
E07000167,Ryedale,1,Female,5,Aged 10 to 14 years,1353
E07000167,Ryedale,1,Female,6,Aged 15 years,305
E07000167,Ryedale,1,Female,7,Aged 16 to 17 years,596
E07000167,Ryedale,1,Female,8,Aged 18 to 19 years,415
E07000167,Ryedale,1,Female,9,Aged 20 to 24 years,1062
E07000167,Ryedale,1,Female,10,Aged 25 to 29 years,1288
E07000167,Ryedale,1,Female,11,Aged 30 to 34 years,1448
E07000167,Ryedale,1,Female,12,Aged 35 to 39 years,1408
E07000167,Ryedale,1,Female,13,Aged 40 to 44 years,1391
E07000167,Ryedale,1,Female,14,Aged 45 to 49 years,1695
E07000167,Ryedale,1,Female,15,Aged 50 to 54 years,2164
E07000167,Ryedale,1,Female,16,Aged 55 to 59 years,2351
E07000167,Ryedale,1,Female,17,Aged 60 to 64 years,2117
E07000167,Ryedale,1,Female,18,Aged 65 years,471
E07000167,Ryedale,1,Female,19,Aged 66 to 69 years,1565
E07000167,Ryedale,1,Female,20,Aged 70 to 74 years,2059
E07000167,Ryedale,1,Female,21,Aged 75 to 79 years,1519
E07000167,Ryedale,1,Female,22,Aged 80 to 84 years,1198
E07000167,Ryedale,1,Female,23,Aged 85 years and over,1184
E07000167,Ryedale,2,Male,1,Aged 2 years and under,656
E07000167,Ryedale,2,Male,2,Aged 3 to 4 years,473
E07000167,Ryedale,2,Male,3,Aged 5 to 7 years,823
E07000167,Ryedale,2,Male,4,Aged 8 to 9 years,564
E07000167,Ryedale,2,Male,5,Aged 10 to 14 years,1472
E07000167,Ryedale,2,Male,6,Aged 15 years,302
E07000167,Ryedale,2,Male,7,Aged 16 to 17 years,600
E07000167,Ryedale,2,Male,8,Aged 18 to 19 years,458
E07000167,Ryedale,2,Male,9,Aged 20 to 24 years,1120
E07000167,Ryedale,2,Male,10,Aged 25 to 29 years,1244
E07000167,Ryedale,2,Male,11,Aged 30 to 34 years,1308
E07000167,Ryedale,2,Male,12,Aged 35 to 39 years,1347
E07000167,Ryedale,2,Male,13,Aged 40 to 44 years,1336
E07000167,Ryedale,2,Male,14,Aged 45 to 49 years,1565
E07000167,Ryedale,2,Male,15,Aged 50 to 54 years,1934
E07000167,Ryedale,2,Male,16,Aged 55 to 59 years,2252
E07000167,Ryedale,2,Male,17,Aged 60 to 64 years,2084
E07000167,Ryedale,2,Male,18,Aged 65 years,392
E07000167,Ryedale,2,Male,19,Aged 66 to 69 years,1529
E07000167,Ryedale,2,Male,20,Aged 70 to 74 years,2038
E07000167,Ryedale,2,Male,21,Aged 75 to 79 years,1484
E07000167,Ryedale,2,Male,22,Aged 80 to 84 years,905
E07000167,Ryedale,2,Male,23,Aged 85 years and over,799
E07000168,Scarborough,1,Female,1,Aged 2 years and under,1339
E07000168,Scarborough,1,Female,2,Aged 3 to 4 years,961
E07000168,Scarborough,1,Female,3,Aged 5 to 7 years,1434
E07000168,Scarborough,1,Female,4,Aged 8 to 9 years,1126
E07000168,Scarborough,1,Female,5,Aged 10 to 14 years,2723
E07000168,Scarborough,1,Female,6,Aged 15 years,546
E07000168,Scarborough,1,Female,7,Aged 16 to 17 years,1104
E07000168,Scarborough,1,Female,8,Aged 18 to 19 years,861
E07000168,Scarborough,1,Female,9,Aged 20 to 24 years,2326
E07000168,Scarborough,1,Female,10,Aged 25 to 29 years,2747
E07000168,Scarborough,1,Female,11,Aged 30 to 34 years,3084
E07000168,Scarborough,1,Female,12,Aged 35 to 39 years,2840
E07000168,Scarborough,1,Female,13,Aged 40 to 44 years,2710
E07000168,Scarborough,1,Female,14,Aged 45 to 49 years,3210
E07000168,Scarborough,1,Female,15,Aged 50 to 54 years,3928
E07000168,Scarborough,1,Female,16,Aged 55 to 59 years,4568
E07000168,Scarborough,1,Female,17,Aged 60 to 64 years,4297
E07000168,Scarborough,1,Female,18,Aged 65 years,808
E07000168,Scarborough,1,Female,19,Aged 66 to 69 years,3218
E07000168,Scarborough,1,Female,20,Aged 70 to 74 years,4300
E07000168,Scarborough,1,Female,21,Aged 75 to 79 years,3115
E07000168,Scarborough,1,Female,22,Aged 80 to 84 years,2275
E07000168,Scarborough,1,Female,23,Aged 85 years and over,2380
E07000168,Scarborough,2,Male,1,Aged 2 years and under,1397
E07000168,Scarborough,2,Male,2,Aged 3 to 4 years,1017
E07000168,Scarborough,2,Male,3,Aged 5 to 7 years,1618
E07000168,Scarborough,2,Male,4,Aged 8 to 9 years,1073
E07000168,Scarborough,2,Male,5,Aged 10 to 14 years,2832
E07000168,Scarborough,2,Male,6,Aged 15 years,561
E07000168,Scarborough,2,Male,7,Aged 16 to 17 years,1173
E07000168,Scarborough,2,Male,8,Aged 18 to 19 years,986
E07000168,Scarborough,2,Male,9,Aged 20 to 24 years,2338
E07000168,Scarborough,2,Male,10,Aged 25 to 29 years,2737
E07000168,Scarborough,2,Male,11,Aged 30 to 34 years,2951
E07000168,Scarborough,2,Male,12,Aged 35 to 39 years,2688
E07000168,Scarborough,2,Male,13,Aged 40 to 44 years,2528
E07000168,Scarborough,2,Male,14,Aged 45 to 49 years,3067
E07000168,Scarborough,2,Male,15,Aged 50 to 54 years,3774
E07000168,Scarborough,2,Male,16,Aged 55 to 59 years,4167
E07000168,Scarborough,2,Male,17,Aged 60 to 64 years,4157
E07000168,Scarborough,2,Male,18,Aged 65 years,730
E07000168,Scarborough,2,Male,19,Aged 66 to 69 years,3058
E07000168,Scarborough,2,Male,20,Aged 70 to 74 years,3996
E07000168,Scarborough,2,Male,21,Aged 75 to 79 years,2800
E07000168,Scarborough,2,Male,22,Aged 80 to 84 years,1765
E07000168,Scarborough,2,Male,23,Aged 85 years and over,1423
E07000169,Selby,1,Female,1,Aged 2 years and under,1390
E07000169,Selby,1,Female,2,Aged 3 to 4 years,980
E07000169,Selby,1,Female,3,Aged 5 to 7 years,1511
E07000169,Selby,1,Female,4,Aged 8 to 9 years,1027
E07000169,Selby,1,Female,5,Aged 10 to 14 years,2664
E07000169,Selby,1,Female,6,Aged 15 years,480
E07000169,Selby,1,Female,7,Aged 16 to 17 years,1016
E07000169,Selby,1,Female,8,Aged 18 to 19 years,758
E07000169,Selby,1,Female,9,Aged 20 to 24 years,1990
E07000169,Selby,1,Female,10,Aged 25 to 29 years,2797
E07000169,Selby,1,Female,11,Aged 30 to 34 years,3129
E07000169,Selby,1,Female,12,Aged 35 to 39 years,2903
E07000169,Selby,1,Female,13,Aged 40 to 44 years,2785
E07000169,Selby,1,Female,14,Aged 45 to 49 years,3128
E07000169,Selby,1,Female,15,Aged 50 to 54 years,3601
E07000169,Selby,1,Female,16,Aged 55 to 59 years,3643
E07000169,Selby,1,Female,17,Aged 60 to 64 years,3095
E07000169,Selby,1,Female,18,Aged 65 years,498
E07000169,Selby,1,Female,19,Aged 66 to 69 years,2131
E07000169,Selby,1,Female,20,Aged 70 to 74 years,2752
E07000169,Selby,1,Female,21,Aged 75 to 79 years,1904
E07000169,Selby,1,Female,22,Aged 80 to 84 years,1313
E07000169,Selby,1,Female,23,Aged 85 years and over,1312
E07000169,Selby,2,Male,1,Aged 2 years and under,1488
E07000169,Selby,2,Male,2,Aged 3 to 4 years,1097
E07000169,Selby,2,Male,3,Aged 5 to 7 years,1612
E07000169,Selby,2,Male,4,Aged 8 to 9 years,1095
E07000169,Selby,2,Male,5,Aged 10 to 14 years,2692
E07000169,Selby,2,Male,6,Aged 15 years,522
E07000169,Selby,2,Male,7,Aged 16 to 17 years,999
E07000169,Selby,2,Male,8,Aged 18 to 19 years,824
E07000169,Selby,2,Male,9,Aged 20 to 24 years,2032
E07000169,Selby,2,Male,10,Aged 25 to 29 years,2553
E07000169,Selby,2,Male,11,Aged 30 to 34 years,2919
E07000169,Selby,2,Male,12,Aged 35 to 39 years,2804
E07000169,Selby,2,Male,13,Aged 40 to 44 years,2689
E07000169,Selby,2,Male,14,Aged 45 to 49 years,2925
E07000169,Selby,2,Male,15,Aged 50 to 54 years,3442
E07000169,Selby,2,Male,16,Aged 55 to 59 years,3473
E07000169,Selby,2,Male,17,Aged 60 to 64 years,3155
E07000169,Selby,2,Male,18,Aged 65 years,535
E07000169,Selby,2,Male,19,Aged 66 to 69 years,2015
E07000169,Selby,2,Male,20,Aged 70 to 74 years,2633
E07000169,Selby,2,Male,21,Aged 75 to 79 years,1792
E07000169,Selby,2,Male,22,Aged 80 to 84 years,1062
E07000169,Selby,2,Male,23,Aged 85 years and over,824
E07000170,Ashfield,1,Female,1,Aged 2 years and under,1892
E07000170,Ashfield,1,Female,2,Aged 3 to 4 years,1374
E07000170,Ashfield,1,Female,3,Aged 5 to 7 years,2195
E07000170,Ashfield,1,Female,4,Aged 8 to 9 years,1507
E07000170,Ashfield,1,Female,5,Aged 10 to 14 years,3750
E07000170,Ashfield,1,Female,6,Aged 15 years,657
E07000170,Ashfield,1,Female,7,Aged 16 to 17 years,1312
E07000170,Ashfield,1,Female,8,Aged 18 to 19 years,1201
E07000170,Ashfield,1,Female,9,Aged 20 to 24 years,3173
E07000170,Ashfield,1,Female,10,Aged 25 to 29 years,4154
E07000170,Ashfield,1,Female,11,Aged 30 to 34 years,4527
E07000170,Ashfield,1,Female,12,Aged 35 to 39 years,4058
E07000170,Ashfield,1,Female,13,Aged 40 to 44 years,3834
E07000170,Ashfield,1,Female,14,Aged 45 to 49 years,4123
E07000170,Ashfield,1,Female,15,Aged 50 to 54 years,4811
E07000170,Ashfield,1,Female,16,Aged 55 to 59 years,4613
E07000170,Ashfield,1,Female,17,Aged 60 to 64 years,3843
E07000170,Ashfield,1,Female,18,Aged 65 years,707
E07000170,Ashfield,1,Female,19,Aged 66 to 69 years,2706
E07000170,Ashfield,1,Female,20,Aged 70 to 74 years,3469
E07000170,Ashfield,1,Female,21,Aged 75 to 79 years,2838
E07000170,Ashfield,1,Female,22,Aged 80 to 84 years,1922
E07000170,Ashfield,1,Female,23,Aged 85 years and over,1774
E07000170,Ashfield,2,Male,1,Aged 2 years and under,2002
E07000170,Ashfield,2,Male,2,Aged 3 to 4 years,1508
E07000170,Ashfield,2,Male,3,Aged 5 to 7 years,2311
E07000170,Ashfield,2,Male,4,Aged 8 to 9 years,1690
E07000170,Ashfield,2,Male,5,Aged 10 to 14 years,3812
E07000170,Ashfield,2,Male,6,Aged 15 years,753
E07000170,Ashfield,2,Male,7,Aged 16 to 17 years,1432
E07000170,Ashfield,2,Male,8,Aged 18 to 19 years,1192
E07000170,Ashfield,2,Male,9,Aged 20 to 24 years,3278
E07000170,Ashfield,2,Male,10,Aged 25 to 29 years,3697
E07000170,Ashfield,2,Male,11,Aged 30 to 34 years,4103
E07000170,Ashfield,2,Male,12,Aged 35 to 39 years,3921
E07000170,Ashfield,2,Male,13,Aged 40 to 44 years,3643
E07000170,Ashfield,2,Male,14,Aged 45 to 49 years,3932
E07000170,Ashfield,2,Male,15,Aged 50 to 54 years,4658
E07000170,Ashfield,2,Male,16,Aged 55 to 59 years,4635
E07000170,Ashfield,2,Male,17,Aged 60 to 64 years,3823
E07000170,Ashfield,2,Male,18,Aged 65 years,648
E07000170,Ashfield,2,Male,19,Aged 66 to 69 years,2556
E07000170,Ashfield,2,Male,20,Aged 70 to 74 years,3231
E07000170,Ashfield,2,Male,21,Aged 75 to 79 years,2462
E07000170,Ashfield,2,Male,22,Aged 80 to 84 years,1502
E07000170,Ashfield,2,Male,23,Aged 85 years and over,1066
E07000171,Bassetlaw,1,Female,1,Aged 2 years and under,1722
E07000171,Bassetlaw,1,Female,2,Aged 3 to 4 years,1230
E07000171,Bassetlaw,1,Female,3,Aged 5 to 7 years,1841
E07000171,Bassetlaw,1,Female,4,Aged 8 to 9 years,1367
E07000171,Bassetlaw,1,Female,5,Aged 10 to 14 years,3225
E07000171,Bassetlaw,1,Female,6,Aged 15 years,598
E07000171,Bassetlaw,1,Female,7,Aged 16 to 17 years,1197
E07000171,Bassetlaw,1,Female,8,Aged 18 to 19 years,981
E07000171,Bassetlaw,1,Female,9,Aged 20 to 24 years,2739
E07000171,Bassetlaw,1,Female,10,Aged 25 to 29 years,3467
E07000171,Bassetlaw,1,Female,11,Aged 30 to 34 years,3563
E07000171,Bassetlaw,1,Female,12,Aged 35 to 39 years,3429
E07000171,Bassetlaw,1,Female,13,Aged 40 to 44 years,3333
E07000171,Bassetlaw,1,Female,14,Aged 45 to 49 years,3811
E07000171,Bassetlaw,1,Female,15,Aged 50 to 54 years,4486
E07000171,Bassetlaw,1,Female,16,Aged 55 to 59 years,4616
E07000171,Bassetlaw,1,Female,17,Aged 60 to 64 years,3946
E07000171,Bassetlaw,1,Female,18,Aged 65 years,701
E07000171,Bassetlaw,1,Female,19,Aged 66 to 69 years,2763
E07000171,Bassetlaw,1,Female,20,Aged 70 to 74 years,3753
E07000171,Bassetlaw,1,Female,21,Aged 75 to 79 years,2796
E07000171,Bassetlaw,1,Female,22,Aged 80 to 84 years,1939
E07000171,Bassetlaw,1,Female,23,Aged 85 years and over,1888
E07000171,Bassetlaw,2,Male,1,Aged 2 years and under,1704
E07000171,Bassetlaw,2,Male,2,Aged 3 to 4 years,1311
E07000171,Bassetlaw,2,Male,3,Aged 5 to 7 years,1994
E07000171,Bassetlaw,2,Male,4,Aged 8 to 9 years,1360
E07000171,Bassetlaw,2,Male,5,Aged 10 to 14 years,3395
E07000171,Bassetlaw,2,Male,6,Aged 15 years,692
E07000171,Bassetlaw,2,Male,7,Aged 16 to 17 years,1301
E07000171,Bassetlaw,2,Male,8,Aged 18 to 19 years,1005
E07000171,Bassetlaw,2,Male,9,Aged 20 to 24 years,2991
E07000171,Bassetlaw,2,Male,10,Aged 25 to 29 years,3486
E07000171,Bassetlaw,2,Male,11,Aged 30 to 34 years,3655
E07000171,Bassetlaw,2,Male,12,Aged 35 to 39 years,3378
E07000171,Bassetlaw,2,Male,13,Aged 40 to 44 years,3310
E07000171,Bassetlaw,2,Male,14,Aged 45 to 49 years,3639
E07000171,Bassetlaw,2,Male,15,Aged 50 to 54 years,4435
E07000171,Bassetlaw,2,Male,16,Aged 55 to 59 years,4611
E07000171,Bassetlaw,2,Male,17,Aged 60 to 64 years,3909
E07000171,Bassetlaw,2,Male,18,Aged 65 years,677
E07000171,Bassetlaw,2,Male,19,Aged 66 to 69 years,2673
E07000171,Bassetlaw,2,Male,20,Aged 70 to 74 years,3512
E07000171,Bassetlaw,2,Male,21,Aged 75 to 79 years,2577
E07000171,Bassetlaw,2,Male,22,Aged 80 to 84 years,1565
E07000171,Bassetlaw,2,Male,23,Aged 85 years and over,1236
E07000172,Broxtowe,1,Female,1,Aged 2 years and under,1470
E07000172,Broxtowe,1,Female,2,Aged 3 to 4 years,1111
E07000172,Broxtowe,1,Female,3,Aged 5 to 7 years,1705
E07000172,Broxtowe,1,Female,4,Aged 8 to 9 years,1250
E07000172,Broxtowe,1,Female,5,Aged 10 to 14 years,2886
E07000172,Broxtowe,1,Female,6,Aged 15 years,505
E07000172,Broxtowe,1,Female,7,Aged 16 to 17 years,1044
E07000172,Broxtowe,1,Female,8,Aged 18 to 19 years,1298
E07000172,Broxtowe,1,Female,9,Aged 20 to 24 years,3110
E07000172,Broxtowe,1,Female,10,Aged 25 to 29 years,3565
E07000172,Broxtowe,1,Female,11,Aged 30 to 34 years,3800
E07000172,Broxtowe,1,Female,12,Aged 35 to 39 years,3570
E07000172,Broxtowe,1,Female,13,Aged 40 to 44 years,3318
E07000172,Broxtowe,1,Female,14,Aged 45 to 49 years,3397
E07000172,Broxtowe,1,Female,15,Aged 50 to 54 years,3874
E07000172,Broxtowe,1,Female,16,Aged 55 to 59 years,4092
E07000172,Broxtowe,1,Female,17,Aged 60 to 64 years,3494
E07000172,Broxtowe,1,Female,18,Aged 65 years,588
E07000172,Broxtowe,1,Female,19,Aged 66 to 69 years,2480
E07000172,Broxtowe,1,Female,20,Aged 70 to 74 years,3528
E07000172,Broxtowe,1,Female,21,Aged 75 to 79 years,2605
E07000172,Broxtowe,1,Female,22,Aged 80 to 84 years,1855
E07000172,Broxtowe,1,Female,23,Aged 85 years and over,1996
E07000172,Broxtowe,2,Male,1,Aged 2 years and under,1579
E07000172,Broxtowe,2,Male,2,Aged 3 to 4 years,1130
E07000172,Broxtowe,2,Male,3,Aged 5 to 7 years,1787
E07000172,Broxtowe,2,Male,4,Aged 8 to 9 years,1307
E07000172,Broxtowe,2,Male,5,Aged 10 to 14 years,3112
E07000172,Broxtowe,2,Male,6,Aged 15 years,556
E07000172,Broxtowe,2,Male,7,Aged 16 to 17 years,1011
E07000172,Broxtowe,2,Male,8,Aged 18 to 19 years,1249
E07000172,Broxtowe,2,Male,9,Aged 20 to 24 years,3257
E07000172,Broxtowe,2,Male,10,Aged 25 to 29 years,3515
E07000172,Broxtowe,2,Male,11,Aged 30 to 34 years,3674
E07000172,Broxtowe,2,Male,12,Aged 35 to 39 years,3441
E07000172,Broxtowe,2,Male,13,Aged 40 to 44 years,3149
E07000172,Broxtowe,2,Male,14,Aged 45 to 49 years,3356
E07000172,Broxtowe,2,Male,15,Aged 50 to 54 years,3979
E07000172,Broxtowe,2,Male,16,Aged 55 to 59 years,3785
E07000172,Broxtowe,2,Male,17,Aged 60 to 64 years,3338
E07000172,Broxtowe,2,Male,18,Aged 65 years,627
E07000172,Broxtowe,2,Male,19,Aged 66 to 69 years,2346
E07000172,Broxtowe,2,Male,20,Aged 70 to 74 years,3207
E07000172,Broxtowe,2,Male,21,Aged 75 to 79 years,2291
E07000172,Broxtowe,2,Male,22,Aged 80 to 84 years,1507
E07000172,Broxtowe,2,Male,23,Aged 85 years and over,1194
E07000173,Gedling,1,Female,1,Aged 2 years and under,1716
E07000173,Gedling,1,Female,2,Aged 3 to 4 years,1200
E07000173,Gedling,1,Female,3,Aged 5 to 7 years,1968
E07000173,Gedling,1,Female,4,Aged 8 to 9 years,1347
E07000173,Gedling,1,Female,5,Aged 10 to 14 years,3229
E07000173,Gedling,1,Female,6,Aged 15 years,646
E07000173,Gedling,1,Female,7,Aged 16 to 17 years,1210
E07000173,Gedling,1,Female,8,Aged 18 to 19 years,906
E07000173,Gedling,1,Female,9,Aged 20 to 24 years,2623
E07000173,Gedling,1,Female,10,Aged 25 to 29 years,3563
E07000173,Gedling,1,Female,11,Aged 30 to 34 years,4069
E07000173,Gedling,1,Female,12,Aged 35 to 39 years,3915
E07000173,Gedling,1,Female,13,Aged 40 to 44 years,3750
E07000173,Gedling,1,Female,14,Aged 45 to 49 years,3822
E07000173,Gedling,1,Female,15,Aged 50 to 54 years,4469
E07000173,Gedling,1,Female,16,Aged 55 to 59 years,4431
E07000173,Gedling,1,Female,17,Aged 60 to 64 years,3776
E07000173,Gedling,1,Female,18,Aged 65 years,695
E07000173,Gedling,1,Female,19,Aged 66 to 69 years,2728
E07000173,Gedling,1,Female,20,Aged 70 to 74 years,3583
E07000173,Gedling,1,Female,21,Aged 75 to 79 years,2674
E07000173,Gedling,1,Female,22,Aged 80 to 84 years,2001
E07000173,Gedling,1,Female,23,Aged 85 years and over,2061
E07000173,Gedling,2,Male,1,Aged 2 years and under,1762
E07000173,Gedling,2,Male,2,Aged 3 to 4 years,1303
E07000173,Gedling,2,Male,3,Aged 5 to 7 years,1998
E07000173,Gedling,2,Male,4,Aged 8 to 9 years,1413
E07000173,Gedling,2,Male,5,Aged 10 to 14 years,3594
E07000173,Gedling,2,Male,6,Aged 15 years,630
E07000173,Gedling,2,Male,7,Aged 16 to 17 years,1315
E07000173,Gedling,2,Male,8,Aged 18 to 19 years,1025
E07000173,Gedling,2,Male,9,Aged 20 to 24 years,2673
E07000173,Gedling,2,Male,10,Aged 25 to 29 years,3302
E07000173,Gedling,2,Male,11,Aged 30 to 34 years,3509
E07000173,Gedling,2,Male,12,Aged 35 to 39 years,3566
E07000173,Gedling,2,Male,13,Aged 40 to 44 years,3558
E07000173,Gedling,2,Male,14,Aged 45 to 49 years,3681
E07000173,Gedling,2,Male,15,Aged 50 to 54 years,4237
E07000173,Gedling,2,Male,16,Aged 55 to 59 years,4183
E07000173,Gedling,2,Male,17,Aged 60 to 64 years,3582
E07000173,Gedling,2,Male,18,Aged 65 years,644
E07000173,Gedling,2,Male,19,Aged 66 to 69 years,2529
E07000173,Gedling,2,Male,20,Aged 70 to 74 years,3351
E07000173,Gedling,2,Male,21,Aged 75 to 79 years,2254
E07000173,Gedling,2,Male,22,Aged 80 to 84 years,1543
E07000173,Gedling,2,Male,23,Aged 85 years and over,1223
E07000174,Mansfield,1,Female,1,Aged 2 years and under,1665
E07000174,Mansfield,1,Female,2,Aged 3 to 4 years,1254
E07000174,Mansfield,1,Female,3,Aged 5 to 7 years,1871
E07000174,Mansfield,1,Female,4,Aged 8 to 9 years,1356
E07000174,Mansfield,1,Female,5,Aged 10 to 14 years,3229
E07000174,Mansfield,1,Female,6,Aged 15 years,615
E07000174,Mansfield,1,Female,7,Aged 16 to 17 years,1099
E07000174,Mansfield,1,Female,8,Aged 18 to 19 years,885
E07000174,Mansfield,1,Female,9,Aged 20 to 24 years,2766
E07000174,Mansfield,1,Female,10,Aged 25 to 29 years,3616
E07000174,Mansfield,1,Female,11,Aged 30 to 34 years,4041
E07000174,Mansfield,1,Female,12,Aged 35 to 39 years,3824
E07000174,Mansfield,1,Female,13,Aged 40 to 44 years,3272
E07000174,Mansfield,1,Female,14,Aged 45 to 49 years,3385
E07000174,Mansfield,1,Female,15,Aged 50 to 54 years,4012
E07000174,Mansfield,1,Female,16,Aged 55 to 59 years,4161
E07000174,Mansfield,1,Female,17,Aged 60 to 64 years,3554
E07000174,Mansfield,1,Female,18,Aged 65 years,640
E07000174,Mansfield,1,Female,19,Aged 66 to 69 years,2363
E07000174,Mansfield,1,Female,20,Aged 70 to 74 years,2927
E07000174,Mansfield,1,Female,21,Aged 75 to 79 years,2320
E07000174,Mansfield,1,Female,22,Aged 80 to 84 years,1597
E07000174,Mansfield,1,Female,23,Aged 85 years and over,1633
E07000174,Mansfield,2,Male,1,Aged 2 years and under,1809
E07000174,Mansfield,2,Male,2,Aged 3 to 4 years,1232
E07000174,Mansfield,2,Male,3,Aged 5 to 7 years,1994
E07000174,Mansfield,2,Male,4,Aged 8 to 9 years,1368
E07000174,Mansfield,2,Male,5,Aged 10 to 14 years,3331
E07000174,Mansfield,2,Male,6,Aged 15 years,588
E07000174,Mansfield,2,Male,7,Aged 16 to 17 years,1198
E07000174,Mansfield,2,Male,8,Aged 18 to 19 years,968
E07000174,Mansfield,2,Male,9,Aged 20 to 24 years,2740
E07000174,Mansfield,2,Male,10,Aged 25 to 29 years,3571
E07000174,Mansfield,2,Male,11,Aged 30 to 34 years,3874
E07000174,Mansfield,2,Male,12,Aged 35 to 39 years,3833
E07000174,Mansfield,2,Male,13,Aged 40 to 44 years,3281
E07000174,Mansfield,2,Male,14,Aged 45 to 49 years,3381
E07000174,Mansfield,2,Male,15,Aged 50 to 54 years,3934
E07000174,Mansfield,2,Male,16,Aged 55 to 59 years,3996
E07000174,Mansfield,2,Male,17,Aged 60 to 64 years,3473
E07000174,Mansfield,2,Male,18,Aged 65 years,604
E07000174,Mansfield,2,Male,19,Aged 66 to 69 years,2300
E07000174,Mansfield,2,Male,20,Aged 70 to 74 years,2788
E07000174,Mansfield,2,Male,21,Aged 75 to 79 years,2001
E07000174,Mansfield,2,Male,22,Aged 80 to 84 years,1184
E07000174,Mansfield,2,Male,23,Aged 85 years and over,943
E07000175,Newark and Sherwood,1,Female,1,Aged 2 years and under,1733
E07000175,Newark and Sherwood,1,Female,2,Aged 3 to 4 years,1230
E07000175,Newark and Sherwood,1,Female,3,Aged 5 to 7 years,1956
E07000175,Newark and Sherwood,1,Female,4,Aged 8 to 9 years,1348
E07000175,Newark and Sherwood,1,Female,5,Aged 10 to 14 years,3428
E07000175,Newark and Sherwood,1,Female,6,Aged 15 years,661
E07000175,Newark and Sherwood,1,Female,7,Aged 16 to 17 years,1309
E07000175,Newark and Sherwood,1,Female,8,Aged 18 to 19 years,1129
E07000175,Newark and Sherwood,1,Female,9,Aged 20 to 24 years,2980
E07000175,Newark and Sherwood,1,Female,10,Aged 25 to 29 years,3574
E07000175,Newark and Sherwood,1,Female,11,Aged 30 to 34 years,3782
E07000175,Newark and Sherwood,1,Female,12,Aged 35 to 39 years,3646
E07000175,Newark and Sherwood,1,Female,13,Aged 40 to 44 years,3443
E07000175,Newark and Sherwood,1,Female,14,Aged 45 to 49 years,3923
E07000175,Newark and Sherwood,1,Female,15,Aged 50 to 54 years,4608
E07000175,Newark and Sherwood,1,Female,16,Aged 55 to 59 years,4711
E07000175,Newark and Sherwood,1,Female,17,Aged 60 to 64 years,4208
E07000175,Newark and Sherwood,1,Female,18,Aged 65 years,753
E07000175,Newark and Sherwood,1,Female,19,Aged 66 to 69 years,2944
E07000175,Newark and Sherwood,1,Female,20,Aged 70 to 74 years,3962
E07000175,Newark and Sherwood,1,Female,21,Aged 75 to 79 years,3003
E07000175,Newark and Sherwood,1,Female,22,Aged 80 to 84 years,2043
E07000175,Newark and Sherwood,1,Female,23,Aged 85 years and over,2084
E07000175,Newark and Sherwood,2,Male,1,Aged 2 years and under,1796
E07000175,Newark and Sherwood,2,Male,2,Aged 3 to 4 years,1303
E07000175,Newark and Sherwood,2,Male,3,Aged 5 to 7 years,1905
E07000175,Newark and Sherwood,2,Male,4,Aged 8 to 9 years,1474
E07000175,Newark and Sherwood,2,Male,5,Aged 10 to 14 years,3493
E07000175,Newark and Sherwood,2,Male,6,Aged 15 years,664
E07000175,Newark and Sherwood,2,Male,7,Aged 16 to 17 years,1365
E07000175,Newark and Sherwood,2,Male,8,Aged 18 to 19 years,1143
E07000175,Newark and Sherwood,2,Male,9,Aged 20 to 24 years,3116
E07000175,Newark and Sherwood,2,Male,10,Aged 25 to 29 years,3656
E07000175,Newark and Sherwood,2,Male,11,Aged 30 to 34 years,3724
E07000175,Newark and Sherwood,2,Male,12,Aged 35 to 39 years,3525
E07000175,Newark and Sherwood,2,Male,13,Aged 40 to 44 years,3488
E07000175,Newark and Sherwood,2,Male,14,Aged 45 to 49 years,3838
E07000175,Newark and Sherwood,2,Male,15,Aged 50 to 54 years,4584
E07000175,Newark and Sherwood,2,Male,16,Aged 55 to 59 years,4559
E07000175,Newark and Sherwood,2,Male,17,Aged 60 to 64 years,3990
E07000175,Newark and Sherwood,2,Male,18,Aged 65 years,747
E07000175,Newark and Sherwood,2,Male,19,Aged 66 to 69 years,2784
E07000175,Newark and Sherwood,2,Male,20,Aged 70 to 74 years,3723
E07000175,Newark and Sherwood,2,Male,21,Aged 75 to 79 years,2652
E07000175,Newark and Sherwood,2,Male,22,Aged 80 to 84 years,1693
E07000175,Newark and Sherwood,2,Male,23,Aged 85 years and over,1277
E07000176,Rushcliffe,1,Female,1,Aged 2 years and under,1634
E07000176,Rushcliffe,1,Female,2,Aged 3 to 4 years,1195
E07000176,Rushcliffe,1,Female,3,Aged 5 to 7 years,1955
E07000176,Rushcliffe,1,Female,4,Aged 8 to 9 years,1327
E07000176,Rushcliffe,1,Female,5,Aged 10 to 14 years,3616
E07000176,Rushcliffe,1,Female,6,Aged 15 years,605
E07000176,Rushcliffe,1,Female,7,Aged 16 to 17 years,1283
E07000176,Rushcliffe,1,Female,8,Aged 18 to 19 years,1276
E07000176,Rushcliffe,1,Female,9,Aged 20 to 24 years,3114
E07000176,Rushcliffe,1,Female,10,Aged 25 to 29 years,3058
E07000176,Rushcliffe,1,Female,11,Aged 30 to 34 years,3526
E07000176,Rushcliffe,1,Female,12,Aged 35 to 39 years,3842
E07000176,Rushcliffe,1,Female,13,Aged 40 to 44 years,3998
E07000176,Rushcliffe,1,Female,14,Aged 45 to 49 years,3979
E07000176,Rushcliffe,1,Female,15,Aged 50 to 54 years,4402
E07000176,Rushcliffe,1,Female,16,Aged 55 to 59 years,4343
E07000176,Rushcliffe,1,Female,17,Aged 60 to 64 years,3621
E07000176,Rushcliffe,1,Female,18,Aged 65 years,689
E07000176,Rushcliffe,1,Female,19,Aged 66 to 69 years,2648
E07000176,Rushcliffe,1,Female,20,Aged 70 to 74 years,3527
E07000176,Rushcliffe,1,Female,21,Aged 75 to 79 years,2790
E07000176,Rushcliffe,1,Female,22,Aged 80 to 84 years,1938
E07000176,Rushcliffe,1,Female,23,Aged 85 years and over,2361
E07000176,Rushcliffe,2,Male,1,Aged 2 years and under,1728
E07000176,Rushcliffe,2,Male,2,Aged 3 to 4 years,1293
E07000176,Rushcliffe,2,Male,3,Aged 5 to 7 years,2086
E07000176,Rushcliffe,2,Male,4,Aged 8 to 9 years,1494
E07000176,Rushcliffe,2,Male,5,Aged 10 to 14 years,3707
E07000176,Rushcliffe,2,Male,6,Aged 15 years,713
E07000176,Rushcliffe,2,Male,7,Aged 16 to 17 years,1403
E07000176,Rushcliffe,2,Male,8,Aged 18 to 19 years,1114
E07000176,Rushcliffe,2,Male,9,Aged 20 to 24 years,3195
E07000176,Rushcliffe,2,Male,10,Aged 25 to 29 years,3063
E07000176,Rushcliffe,2,Male,11,Aged 30 to 34 years,3263
E07000176,Rushcliffe,2,Male,12,Aged 35 to 39 years,3521
E07000176,Rushcliffe,2,Male,13,Aged 40 to 44 years,3769
E07000176,Rushcliffe,2,Male,14,Aged 45 to 49 years,4013
E07000176,Rushcliffe,2,Male,15,Aged 50 to 54 years,4283
E07000176,Rushcliffe,2,Male,16,Aged 55 to 59 years,4242
E07000176,Rushcliffe,2,Male,17,Aged 60 to 64 years,3673
E07000176,Rushcliffe,2,Male,18,Aged 65 years,617
E07000176,Rushcliffe,2,Male,19,Aged 66 to 69 years,2494
E07000176,Rushcliffe,2,Male,20,Aged 70 to 74 years,3341
E07000176,Rushcliffe,2,Male,21,Aged 75 to 79 years,2389
E07000176,Rushcliffe,2,Male,22,Aged 80 to 84 years,1574
E07000176,Rushcliffe,2,Male,23,Aged 85 years and over,1373
E07000177,Cherwell,1,Female,1,Aged 2 years and under,2612
E07000177,Cherwell,1,Female,2,Aged 3 to 4 years,1888
E07000177,Cherwell,1,Female,3,Aged 5 to 7 years,2674
E07000177,Cherwell,1,Female,4,Aged 8 to 9 years,1851
E07000177,Cherwell,1,Female,5,Aged 10 to 14 years,4757
E07000177,Cherwell,1,Female,6,Aged 15 years,937
E07000177,Cherwell,1,Female,7,Aged 16 to 17 years,1789
E07000177,Cherwell,1,Female,8,Aged 18 to 19 years,1347
E07000177,Cherwell,1,Female,9,Aged 20 to 24 years,3797
E07000177,Cherwell,1,Female,10,Aged 25 to 29 years,5307
E07000177,Cherwell,1,Female,11,Aged 30 to 34 years,6149
E07000177,Cherwell,1,Female,12,Aged 35 to 39 years,6072
E07000177,Cherwell,1,Female,13,Aged 40 to 44 years,5450
E07000177,Cherwell,1,Female,14,Aged 45 to 49 years,5368
E07000177,Cherwell,1,Female,15,Aged 50 to 54 years,5808
E07000177,Cherwell,1,Female,16,Aged 55 to 59 years,5590
E07000177,Cherwell,1,Female,17,Aged 60 to 64 years,4591
E07000177,Cherwell,1,Female,18,Aged 65 years,765
E07000177,Cherwell,1,Female,19,Aged 66 to 69 years,3069
E07000177,Cherwell,1,Female,20,Aged 70 to 74 years,3977
E07000177,Cherwell,1,Female,21,Aged 75 to 79 years,2867
E07000177,Cherwell,1,Female,22,Aged 80 to 84 years,2125
E07000177,Cherwell,1,Female,23,Aged 85 years and over,2320
E07000177,Cherwell,2,Male,1,Aged 2 years and under,2914
E07000177,Cherwell,2,Male,2,Aged 3 to 4 years,1941
E07000177,Cherwell,2,Male,3,Aged 5 to 7 years,2910
E07000177,Cherwell,2,Male,4,Aged 8 to 9 years,1978
E07000177,Cherwell,2,Male,5,Aged 10 to 14 years,5031
E07000177,Cherwell,2,Male,6,Aged 15 years,931
E07000177,Cherwell,2,Male,7,Aged 16 to 17 years,1851
E07000177,Cherwell,2,Male,8,Aged 18 to 19 years,1464
E07000177,Cherwell,2,Male,9,Aged 20 to 24 years,4116
E07000177,Cherwell,2,Male,10,Aged 25 to 29 years,5373
E07000177,Cherwell,2,Male,11,Aged 30 to 34 years,6088
E07000177,Cherwell,2,Male,12,Aged 35 to 39 years,5831
E07000177,Cherwell,2,Male,13,Aged 40 to 44 years,5474
E07000177,Cherwell,2,Male,14,Aged 45 to 49 years,5289
E07000177,Cherwell,2,Male,15,Aged 50 to 54 years,5696
E07000177,Cherwell,2,Male,16,Aged 55 to 59 years,5604
E07000177,Cherwell,2,Male,17,Aged 60 to 64 years,4501
E07000177,Cherwell,2,Male,18,Aged 65 years,827
E07000177,Cherwell,2,Male,19,Aged 66 to 69 years,2871
E07000177,Cherwell,2,Male,20,Aged 70 to 74 years,3575
E07000177,Cherwell,2,Male,21,Aged 75 to 79 years,2511
E07000177,Cherwell,2,Male,22,Aged 80 to 84 years,1694
E07000177,Cherwell,2,Male,23,Aged 85 years and over,1433
E07000178,Oxford,1,Female,1,Aged 2 years and under,2141
E07000178,Oxford,1,Female,2,Aged 3 to 4 years,1300
E07000178,Oxford,1,Female,3,Aged 5 to 7 years,2197
E07000178,Oxford,1,Female,4,Aged 8 to 9 years,1594
E07000178,Oxford,1,Female,5,Aged 10 to 14 years,4152
E07000178,Oxford,1,Female,6,Aged 15 years,793
E07000178,Oxford,1,Female,7,Aged 16 to 17 years,1694
E07000178,Oxford,1,Female,8,Aged 18 to 19 years,5580
E07000178,Oxford,1,Female,9,Aged 20 to 24 years,11186
E07000178,Oxford,1,Female,10,Aged 25 to 29 years,7704
E07000178,Oxford,1,Female,11,Aged 30 to 34 years,6681
E07000178,Oxford,1,Female,12,Aged 35 to 39 years,5542
E07000178,Oxford,1,Female,13,Aged 40 to 44 years,4851
E07000178,Oxford,1,Female,14,Aged 45 to 49 years,4483
E07000178,Oxford,1,Female,15,Aged 50 to 54 years,4500
E07000178,Oxford,1,Female,16,Aged 55 to 59 years,4244
E07000178,Oxford,1,Female,17,Aged 60 to 64 years,3324
E07000178,Oxford,1,Female,18,Aged 65 years,551
E07000178,Oxford,1,Female,19,Aged 66 to 69 years,2186
E07000178,Oxford,1,Female,20,Aged 70 to 74 years,2544
E07000178,Oxford,1,Female,21,Aged 75 to 79 years,1955
E07000178,Oxford,1,Female,22,Aged 80 to 84 years,1499
E07000178,Oxford,1,Female,23,Aged 85 years and over,1719
E07000178,Oxford,2,Male,1,Aged 2 years and under,2175
E07000178,Oxford,2,Male,2,Aged 3 to 4 years,1521
E07000178,Oxford,2,Male,3,Aged 5 to 7 years,2345
E07000178,Oxford,2,Male,4,Aged 8 to 9 years,1716
E07000178,Oxford,2,Male,5,Aged 10 to 14 years,4498
E07000178,Oxford,2,Male,6,Aged 15 years,890
E07000178,Oxford,2,Male,7,Aged 16 to 17 years,1814
E07000178,Oxford,2,Male,8,Aged 18 to 19 years,5104
E07000178,Oxford,2,Male,9,Aged 20 to 24 years,10806
E07000178,Oxford,2,Male,10,Aged 25 to 29 years,7658
E07000178,Oxford,2,Male,11,Aged 30 to 34 years,6628
E07000178,Oxford,2,Male,12,Aged 35 to 39 years,5455
E07000178,Oxford,2,Male,13,Aged 40 to 44 years,4792
E07000178,Oxford,2,Male,14,Aged 45 to 49 years,4322
E07000178,Oxford,2,Male,15,Aged 50 to 54 years,4309
E07000178,Oxford,2,Male,16,Aged 55 to 59 years,3954
E07000178,Oxford,2,Male,17,Aged 60 to 64 years,3119
E07000178,Oxford,2,Male,18,Aged 65 years,579
E07000178,Oxford,2,Male,19,Aged 66 to 69 years,1908
E07000178,Oxford,2,Male,20,Aged 70 to 74 years,2320
E07000178,Oxford,2,Male,21,Aged 75 to 79 years,1588
E07000178,Oxford,2,Male,22,Aged 80 to 84 years,1069
E07000178,Oxford,2,Male,23,Aged 85 years and over,1051
E07000179,South Oxfordshire,1,Female,1,Aged 2 years and under,2216
E07000179,South Oxfordshire,1,Female,2,Aged 3 to 4 years,1633
E07000179,South Oxfordshire,1,Female,3,Aged 5 to 7 years,2505
E07000179,South Oxfordshire,1,Female,4,Aged 8 to 9 years,1750
E07000179,South Oxfordshire,1,Female,5,Aged 10 to 14 years,4462
E07000179,South Oxfordshire,1,Female,6,Aged 15 years,831
E07000179,South Oxfordshire,1,Female,7,Aged 16 to 17 years,1697
E07000179,South Oxfordshire,1,Female,8,Aged 18 to 19 years,1153
E07000179,South Oxfordshire,1,Female,9,Aged 20 to 24 years,2929
E07000179,South Oxfordshire,1,Female,10,Aged 25 to 29 years,4154
E07000179,South Oxfordshire,1,Female,11,Aged 30 to 34 years,4674
E07000179,South Oxfordshire,1,Female,12,Aged 35 to 39 years,4958
E07000179,South Oxfordshire,1,Female,13,Aged 40 to 44 years,4935
E07000179,South Oxfordshire,1,Female,14,Aged 45 to 49 years,5213
E07000179,South Oxfordshire,1,Female,15,Aged 50 to 54 years,5832
E07000179,South Oxfordshire,1,Female,16,Aged 55 to 59 years,5485
E07000179,South Oxfordshire,1,Female,17,Aged 60 to 64 years,4553
E07000179,South Oxfordshire,1,Female,18,Aged 65 years,789
E07000179,South Oxfordshire,1,Female,19,Aged 66 to 69 years,3141
E07000179,South Oxfordshire,1,Female,20,Aged 70 to 74 years,4124
E07000179,South Oxfordshire,1,Female,21,Aged 75 to 79 years,3468
E07000179,South Oxfordshire,1,Female,22,Aged 80 to 84 years,2452
E07000179,South Oxfordshire,1,Female,23,Aged 85 years and over,2574
E07000179,South Oxfordshire,2,Male,1,Aged 2 years and under,2399
E07000179,South Oxfordshire,2,Male,2,Aged 3 to 4 years,1732
E07000179,South Oxfordshire,2,Male,3,Aged 5 to 7 years,2690
E07000179,South Oxfordshire,2,Male,4,Aged 8 to 9 years,1844
E07000179,South Oxfordshire,2,Male,5,Aged 10 to 14 years,4632
E07000179,South Oxfordshire,2,Male,6,Aged 15 years,900
E07000179,South Oxfordshire,2,Male,7,Aged 16 to 17 years,1752
E07000179,South Oxfordshire,2,Male,8,Aged 18 to 19 years,1306
E07000179,South Oxfordshire,2,Male,9,Aged 20 to 24 years,3524
E07000179,South Oxfordshire,2,Male,10,Aged 25 to 29 years,4152
E07000179,South Oxfordshire,2,Male,11,Aged 30 to 34 years,4654
E07000179,South Oxfordshire,2,Male,12,Aged 35 to 39 years,4677
E07000179,South Oxfordshire,2,Male,13,Aged 40 to 44 years,4808
E07000179,South Oxfordshire,2,Male,14,Aged 45 to 49 years,5071
E07000179,South Oxfordshire,2,Male,15,Aged 50 to 54 years,5592
E07000179,South Oxfordshire,2,Male,16,Aged 55 to 59 years,5363
E07000179,South Oxfordshire,2,Male,17,Aged 60 to 64 years,4434
E07000179,South Oxfordshire,2,Male,18,Aged 65 years,756
E07000179,South Oxfordshire,2,Male,19,Aged 66 to 69 years,2942
E07000179,South Oxfordshire,2,Male,20,Aged 70 to 74 years,3751
E07000179,South Oxfordshire,2,Male,21,Aged 75 to 79 years,2871
E07000179,South Oxfordshire,2,Male,22,Aged 80 to 84 years,2014
E07000179,South Oxfordshire,2,Male,23,Aged 85 years and over,1695
E07000180,Vale of White Horse,1,Female,1,Aged 2 years and under,2196
E07000180,Vale of White Horse,1,Female,2,Aged 3 to 4 years,1583
E07000180,Vale of White Horse,1,Female,3,Aged 5 to 7 years,2456
E07000180,Vale of White Horse,1,Female,4,Aged 8 to 9 years,1634
E07000180,Vale of White Horse,1,Female,5,Aged 10 to 14 years,4057
E07000180,Vale of White Horse,1,Female,6,Aged 15 years,752
E07000180,Vale of White Horse,1,Female,7,Aged 16 to 17 years,1521
E07000180,Vale of White Horse,1,Female,8,Aged 18 to 19 years,1074
E07000180,Vale of White Horse,1,Female,9,Aged 20 to 24 years,2963
E07000180,Vale of White Horse,1,Female,10,Aged 25 to 29 years,4149
E07000180,Vale of White Horse,1,Female,11,Aged 30 to 34 years,4896
E07000180,Vale of White Horse,1,Female,12,Aged 35 to 39 years,4845
E07000180,Vale of White Horse,1,Female,13,Aged 40 to 44 years,4641
E07000180,Vale of White Horse,1,Female,14,Aged 45 to 49 years,4605
E07000180,Vale of White Horse,1,Female,15,Aged 50 to 54 years,4901
E07000180,Vale of White Horse,1,Female,16,Aged 55 to 59 years,4785
E07000180,Vale of White Horse,1,Female,17,Aged 60 to 64 years,4226
E07000180,Vale of White Horse,1,Female,18,Aged 65 years,736
E07000180,Vale of White Horse,1,Female,19,Aged 66 to 69 years,2781
E07000180,Vale of White Horse,1,Female,20,Aged 70 to 74 years,3713
E07000180,Vale of White Horse,1,Female,21,Aged 75 to 79 years,2929
E07000180,Vale of White Horse,1,Female,22,Aged 80 to 84 years,2103
E07000180,Vale of White Horse,1,Female,23,Aged 85 years and over,2415
E07000180,Vale of White Horse,2,Male,1,Aged 2 years and under,2341
E07000180,Vale of White Horse,2,Male,2,Aged 3 to 4 years,1679
E07000180,Vale of White Horse,2,Male,3,Aged 5 to 7 years,2518
E07000180,Vale of White Horse,2,Male,4,Aged 8 to 9 years,1760
E07000180,Vale of White Horse,2,Male,5,Aged 10 to 14 years,4583
E07000180,Vale of White Horse,2,Male,6,Aged 15 years,927
E07000180,Vale of White Horse,2,Male,7,Aged 16 to 17 years,1758
E07000180,Vale of White Horse,2,Male,8,Aged 18 to 19 years,1316
E07000180,Vale of White Horse,2,Male,9,Aged 20 to 24 years,3287
E07000180,Vale of White Horse,2,Male,10,Aged 25 to 29 years,4240
E07000180,Vale of White Horse,2,Male,11,Aged 30 to 34 years,4600
E07000180,Vale of White Horse,2,Male,12,Aged 35 to 39 years,4631
E07000180,Vale of White Horse,2,Male,13,Aged 40 to 44 years,4475
E07000180,Vale of White Horse,2,Male,14,Aged 45 to 49 years,4550
E07000180,Vale of White Horse,2,Male,15,Aged 50 to 54 years,4700
E07000180,Vale of White Horse,2,Male,16,Aged 55 to 59 years,4798
E07000180,Vale of White Horse,2,Male,17,Aged 60 to 64 years,4000
E07000180,Vale of White Horse,2,Male,18,Aged 65 years,729
E07000180,Vale of White Horse,2,Male,19,Aged 66 to 69 years,2718
E07000180,Vale of White Horse,2,Male,20,Aged 70 to 74 years,3555
E07000180,Vale of White Horse,2,Male,21,Aged 75 to 79 years,2537
E07000180,Vale of White Horse,2,Male,22,Aged 80 to 84 years,1741
E07000180,Vale of White Horse,2,Male,23,Aged 85 years and over,1509
E07000181,West Oxfordshire,1,Female,1,Aged 2 years and under,1646
E07000181,West Oxfordshire,1,Female,2,Aged 3 to 4 years,1181
E07000181,West Oxfordshire,1,Female,3,Aged 5 to 7 years,1782
E07000181,West Oxfordshire,1,Female,4,Aged 8 to 9 years,1356
E07000181,West Oxfordshire,1,Female,5,Aged 10 to 14 years,3371
E07000181,West Oxfordshire,1,Female,6,Aged 15 years,613
E07000181,West Oxfordshire,1,Female,7,Aged 16 to 17 years,1213
E07000181,West Oxfordshire,1,Female,8,Aged 18 to 19 years,915
E07000181,West Oxfordshire,1,Female,9,Aged 20 to 24 years,2399
E07000181,West Oxfordshire,1,Female,10,Aged 25 to 29 years,3221
E07000181,West Oxfordshire,1,Female,11,Aged 30 to 34 years,3577
E07000181,West Oxfordshire,1,Female,12,Aged 35 to 39 years,3557
E07000181,West Oxfordshire,1,Female,13,Aged 40 to 44 years,3625
E07000181,West Oxfordshire,1,Female,14,Aged 45 to 49 years,3861
E07000181,West Oxfordshire,1,Female,15,Aged 50 to 54 years,4301
E07000181,West Oxfordshire,1,Female,16,Aged 55 to 59 years,4307
E07000181,West Oxfordshire,1,Female,17,Aged 60 to 64 years,3669
E07000181,West Oxfordshire,1,Female,18,Aged 65 years,672
E07000181,West Oxfordshire,1,Female,19,Aged 66 to 69 years,2577
E07000181,West Oxfordshire,1,Female,20,Aged 70 to 74 years,3441
E07000181,West Oxfordshire,1,Female,21,Aged 75 to 79 years,2686
E07000181,West Oxfordshire,1,Female,22,Aged 80 to 84 years,1897
E07000181,West Oxfordshire,1,Female,23,Aged 85 years and over,2238
E07000181,West Oxfordshire,2,Male,1,Aged 2 years and under,1758
E07000181,West Oxfordshire,2,Male,2,Aged 3 to 4 years,1135
E07000181,West Oxfordshire,2,Male,3,Aged 5 to 7 years,1974
E07000181,West Oxfordshire,2,Male,4,Aged 8 to 9 years,1468
E07000181,West Oxfordshire,2,Male,5,Aged 10 to 14 years,3502
E07000181,West Oxfordshire,2,Male,6,Aged 15 years,642
E07000181,West Oxfordshire,2,Male,7,Aged 16 to 17 years,1341
E07000181,West Oxfordshire,2,Male,8,Aged 18 to 19 years,1050
E07000181,West Oxfordshire,2,Male,9,Aged 20 to 24 years,2924
E07000181,West Oxfordshire,2,Male,10,Aged 25 to 29 years,3402
E07000181,West Oxfordshire,2,Male,11,Aged 30 to 34 years,3490
E07000181,West Oxfordshire,2,Male,12,Aged 35 to 39 years,3447
E07000181,West Oxfordshire,2,Male,13,Aged 40 to 44 years,3374
E07000181,West Oxfordshire,2,Male,14,Aged 45 to 49 years,3580
E07000181,West Oxfordshire,2,Male,15,Aged 50 to 54 years,4061
E07000181,West Oxfordshire,2,Male,16,Aged 55 to 59 years,4192
E07000181,West Oxfordshire,2,Male,17,Aged 60 to 64 years,3556
E07000181,West Oxfordshire,2,Male,18,Aged 65 years,604
E07000181,West Oxfordshire,2,Male,19,Aged 66 to 69 years,2351
E07000181,West Oxfordshire,2,Male,20,Aged 70 to 74 years,3044
E07000181,West Oxfordshire,2,Male,21,Aged 75 to 79 years,2348
E07000181,West Oxfordshire,2,Male,22,Aged 80 to 84 years,1521
E07000181,West Oxfordshire,2,Male,23,Aged 85 years and over,1369
E07000187,Mendip,1,Female,1,Aged 2 years and under,1584
E07000187,Mendip,1,Female,2,Aged 3 to 4 years,1119
E07000187,Mendip,1,Female,3,Aged 5 to 7 years,1751
E07000187,Mendip,1,Female,4,Aged 8 to 9 years,1316
E07000187,Mendip,1,Female,5,Aged 10 to 14 years,3365
E07000187,Mendip,1,Female,6,Aged 15 years,686
E07000187,Mendip,1,Female,7,Aged 16 to 17 years,1453
E07000187,Mendip,1,Female,8,Aged 18 to 19 years,1004
E07000187,Mendip,1,Female,9,Aged 20 to 24 years,2272
E07000187,Mendip,1,Female,10,Aged 25 to 29 years,2845
E07000187,Mendip,1,Female,11,Aged 30 to 34 years,3374
E07000187,Mendip,1,Female,12,Aged 35 to 39 years,3265
E07000187,Mendip,1,Female,13,Aged 40 to 44 years,3381
E07000187,Mendip,1,Female,14,Aged 45 to 49 years,3915
E07000187,Mendip,1,Female,15,Aged 50 to 54 years,4698
E07000187,Mendip,1,Female,16,Aged 55 to 59 years,4637
E07000187,Mendip,1,Female,17,Aged 60 to 64 years,4091
E07000187,Mendip,1,Female,18,Aged 65 years,714
E07000187,Mendip,1,Female,19,Aged 66 to 69 years,3049
E07000187,Mendip,1,Female,20,Aged 70 to 74 years,3952
E07000187,Mendip,1,Female,21,Aged 75 to 79 years,2898
E07000187,Mendip,1,Female,22,Aged 80 to 84 years,2061
E07000187,Mendip,1,Female,23,Aged 85 years and over,2276
E07000187,Mendip,2,Male,1,Aged 2 years and under,1609
E07000187,Mendip,2,Male,2,Aged 3 to 4 years,1150
E07000187,Mendip,2,Male,3,Aged 5 to 7 years,1865
E07000187,Mendip,2,Male,4,Aged 8 to 9 years,1235
E07000187,Mendip,2,Male,5,Aged 10 to 14 years,3641
E07000187,Mendip,2,Male,6,Aged 15 years,719
E07000187,Mendip,2,Male,7,Aged 16 to 17 years,1623
E07000187,Mendip,2,Male,8,Aged 18 to 19 years,1167
E07000187,Mendip,2,Male,9,Aged 20 to 24 years,2558
E07000187,Mendip,2,Male,10,Aged 25 to 29 years,2872
E07000187,Mendip,2,Male,11,Aged 30 to 34 years,3060
E07000187,Mendip,2,Male,12,Aged 35 to 39 years,3043
E07000187,Mendip,2,Male,13,Aged 40 to 44 years,3012
E07000187,Mendip,2,Male,14,Aged 45 to 49 years,3573
E07000187,Mendip,2,Male,15,Aged 50 to 54 years,4379
E07000187,Mendip,2,Male,16,Aged 55 to 59 years,4422
E07000187,Mendip,2,Male,17,Aged 60 to 64 years,3797
E07000187,Mendip,2,Male,18,Aged 65 years,696
E07000187,Mendip,2,Male,19,Aged 66 to 69 years,2750
E07000187,Mendip,2,Male,20,Aged 70 to 74 years,3634
E07000187,Mendip,2,Male,21,Aged 75 to 79 years,2550
E07000187,Mendip,2,Male,22,Aged 80 to 84 years,1655
E07000187,Mendip,2,Male,23,Aged 85 years and over,1375
E07000188,Sedgemoor,1,Female,1,Aged 2 years and under,1634
E07000188,Sedgemoor,1,Female,2,Aged 3 to 4 years,1235
E07000188,Sedgemoor,1,Female,3,Aged 5 to 7 years,1959
E07000188,Sedgemoor,1,Female,4,Aged 8 to 9 years,1424
E07000188,Sedgemoor,1,Female,5,Aged 10 to 14 years,3547
E07000188,Sedgemoor,1,Female,6,Aged 15 years,649
E07000188,Sedgemoor,1,Female,7,Aged 16 to 17 years,1321
E07000188,Sedgemoor,1,Female,8,Aged 18 to 19 years,1051
E07000188,Sedgemoor,1,Female,9,Aged 20 to 24 years,2993
E07000188,Sedgemoor,1,Female,10,Aged 25 to 29 years,3475
E07000188,Sedgemoor,1,Female,11,Aged 30 to 34 years,3737
E07000188,Sedgemoor,1,Female,12,Aged 35 to 39 years,3441
E07000188,Sedgemoor,1,Female,13,Aged 40 to 44 years,3389
E07000188,Sedgemoor,1,Female,14,Aged 45 to 49 years,3827
E07000188,Sedgemoor,1,Female,15,Aged 50 to 54 years,4607
E07000188,Sedgemoor,1,Female,16,Aged 55 to 59 years,4836
E07000188,Sedgemoor,1,Female,17,Aged 60 to 64 years,4194
E07000188,Sedgemoor,1,Female,18,Aged 65 years,748
E07000188,Sedgemoor,1,Female,19,Aged 66 to 69 years,3248
E07000188,Sedgemoor,1,Female,20,Aged 70 to 74 years,4211
E07000188,Sedgemoor,1,Female,21,Aged 75 to 79 years,3132
E07000188,Sedgemoor,1,Female,22,Aged 80 to 84 years,2191
E07000188,Sedgemoor,1,Female,23,Aged 85 years and over,2417
E07000188,Sedgemoor,2,Male,1,Aged 2 years and under,1828
E07000188,Sedgemoor,2,Male,2,Aged 3 to 4 years,1303
E07000188,Sedgemoor,2,Male,3,Aged 5 to 7 years,2139
E07000188,Sedgemoor,2,Male,4,Aged 8 to 9 years,1412
E07000188,Sedgemoor,2,Male,5,Aged 10 to 14 years,3694
E07000188,Sedgemoor,2,Male,6,Aged 15 years,738
E07000188,Sedgemoor,2,Male,7,Aged 16 to 17 years,1401
E07000188,Sedgemoor,2,Male,8,Aged 18 to 19 years,1248
E07000188,Sedgemoor,2,Male,9,Aged 20 to 24 years,3105
E07000188,Sedgemoor,2,Male,10,Aged 25 to 29 years,3465
E07000188,Sedgemoor,2,Male,11,Aged 30 to 34 years,3692
E07000188,Sedgemoor,2,Male,12,Aged 35 to 39 years,3527
E07000188,Sedgemoor,2,Male,13,Aged 40 to 44 years,3328
E07000188,Sedgemoor,2,Male,14,Aged 45 to 49 years,3801
E07000188,Sedgemoor,2,Male,15,Aged 50 to 54 years,4630
E07000188,Sedgemoor,2,Male,16,Aged 55 to 59 years,4761
E07000188,Sedgemoor,2,Male,17,Aged 60 to 64 years,4139
E07000188,Sedgemoor,2,Male,18,Aged 65 years,748
E07000188,Sedgemoor,2,Male,19,Aged 66 to 69 years,2886
E07000188,Sedgemoor,2,Male,20,Aged 70 to 74 years,4028
E07000188,Sedgemoor,2,Male,21,Aged 75 to 79 years,2859
E07000188,Sedgemoor,2,Male,22,Aged 80 to 84 years,1865
E07000188,Sedgemoor,2,Male,23,Aged 85 years and over,1479
E07000189,South Somerset,1,Female,1,Aged 2 years and under,2293
E07000189,South Somerset,1,Female,2,Aged 3 to 4 years,1712
E07000189,South Somerset,1,Female,3,Aged 5 to 7 years,2639
E07000189,South Somerset,1,Female,4,Aged 8 to 9 years,1846
E07000189,South Somerset,1,Female,5,Aged 10 to 14 years,4719
E07000189,South Somerset,1,Female,6,Aged 15 years,917
E07000189,South Somerset,1,Female,7,Aged 16 to 17 years,1862
E07000189,South Somerset,1,Female,8,Aged 18 to 19 years,1440
E07000189,South Somerset,1,Female,9,Aged 20 to 24 years,3880
E07000189,South Somerset,1,Female,10,Aged 25 to 29 years,4681
E07000189,South Somerset,1,Female,11,Aged 30 to 34 years,5144
E07000189,South Somerset,1,Female,12,Aged 35 to 39 years,4635
E07000189,South Somerset,1,Female,13,Aged 40 to 44 years,4603
E07000189,South Somerset,1,Female,14,Aged 45 to 49 years,5315
E07000189,South Somerset,1,Female,15,Aged 50 to 54 years,6259
E07000189,South Somerset,1,Female,16,Aged 55 to 59 years,6651
E07000189,South Somerset,1,Female,17,Aged 60 to 64 years,5981
E07000189,South Somerset,1,Female,18,Aged 65 years,1046
E07000189,South Somerset,1,Female,19,Aged 66 to 69 years,4640
E07000189,South Somerset,1,Female,20,Aged 70 to 74 years,6353
E07000189,South Somerset,1,Female,21,Aged 75 to 79 years,4706
E07000189,South Somerset,1,Female,22,Aged 80 to 84 years,3206
E07000189,South Somerset,1,Female,23,Aged 85 years and over,3636
E07000189,South Somerset,2,Male,1,Aged 2 years and under,2527
E07000189,South Somerset,2,Male,2,Aged 3 to 4 years,1697
E07000189,South Somerset,2,Male,3,Aged 5 to 7 years,2670
E07000189,South Somerset,2,Male,4,Aged 8 to 9 years,1974
E07000189,South Somerset,2,Male,5,Aged 10 to 14 years,4917
E07000189,South Somerset,2,Male,6,Aged 15 years,949
E07000189,South Somerset,2,Male,7,Aged 16 to 17 years,1818
E07000189,South Somerset,2,Male,8,Aged 18 to 19 years,1599
E07000189,South Somerset,2,Male,9,Aged 20 to 24 years,4367
E07000189,South Somerset,2,Male,10,Aged 25 to 29 years,4728
E07000189,South Somerset,2,Male,11,Aged 30 to 34 years,4909
E07000189,South Somerset,2,Male,12,Aged 35 to 39 years,4647
E07000189,South Somerset,2,Male,13,Aged 40 to 44 years,4410
E07000189,South Somerset,2,Male,14,Aged 45 to 49 years,4956
E07000189,South Somerset,2,Male,15,Aged 50 to 54 years,5981
E07000189,South Somerset,2,Male,16,Aged 55 to 59 years,6258
E07000189,South Somerset,2,Male,17,Aged 60 to 64 years,5652
E07000189,South Somerset,2,Male,18,Aged 65 years,1046
E07000189,South Somerset,2,Male,19,Aged 66 to 69 years,4363
E07000189,South Somerset,2,Male,20,Aged 70 to 74 years,5789
E07000189,South Somerset,2,Male,21,Aged 75 to 79 years,4257
E07000189,South Somerset,2,Male,22,Aged 80 to 84 years,2738
E07000189,South Somerset,2,Male,23,Aged 85 years and over,2257
E07000192,Cannock Chase,1,Female,1,Aged 2 years and under,1656
E07000192,Cannock Chase,1,Female,2,Aged 3 to 4 years,1066
E07000192,Cannock Chase,1,Female,3,Aged 5 to 7 years,1614
E07000192,Cannock Chase,1,Female,4,Aged 8 to 9 years,1172
E07000192,Cannock Chase,1,Female,5,Aged 10 to 14 years,2828
E07000192,Cannock Chase,1,Female,6,Aged 15 years,545
E07000192,Cannock Chase,1,Female,7,Aged 16 to 17 years,1028
E07000192,Cannock Chase,1,Female,8,Aged 18 to 19 years,829
E07000192,Cannock Chase,1,Female,9,Aged 20 to 24 years,2614
E07000192,Cannock Chase,1,Female,10,Aged 25 to 29 years,3463
E07000192,Cannock Chase,1,Female,11,Aged 30 to 34 years,3569
E07000192,Cannock Chase,1,Female,12,Aged 35 to 39 years,3264
E07000192,Cannock Chase,1,Female,13,Aged 40 to 44 years,2866
E07000192,Cannock Chase,1,Female,14,Aged 45 to 49 years,3228
E07000192,Cannock Chase,1,Female,15,Aged 50 to 54 years,3867
E07000192,Cannock Chase,1,Female,16,Aged 55 to 59 years,3754
E07000192,Cannock Chase,1,Female,17,Aged 60 to 64 years,3071
E07000192,Cannock Chase,1,Female,18,Aged 65 years,560
E07000192,Cannock Chase,1,Female,19,Aged 66 to 69 years,2178
E07000192,Cannock Chase,1,Female,20,Aged 70 to 74 years,2787
E07000192,Cannock Chase,1,Female,21,Aged 75 to 79 years,2112
E07000192,Cannock Chase,1,Female,22,Aged 80 to 84 years,1533
E07000192,Cannock Chase,1,Female,23,Aged 85 years and over,1403
E07000192,Cannock Chase,2,Male,1,Aged 2 years and under,1683
E07000192,Cannock Chase,2,Male,2,Aged 3 to 4 years,1160
E07000192,Cannock Chase,2,Male,3,Aged 5 to 7 years,1701
E07000192,Cannock Chase,2,Male,4,Aged 8 to 9 years,1209
E07000192,Cannock Chase,2,Male,5,Aged 10 to 14 years,2854
E07000192,Cannock Chase,2,Male,6,Aged 15 years,552
E07000192,Cannock Chase,2,Male,7,Aged 16 to 17 years,1152
E07000192,Cannock Chase,2,Male,8,Aged 18 to 19 years,986
E07000192,Cannock Chase,2,Male,9,Aged 20 to 24 years,2631
E07000192,Cannock Chase,2,Male,10,Aged 25 to 29 years,3245
E07000192,Cannock Chase,2,Male,11,Aged 30 to 34 years,3515
E07000192,Cannock Chase,2,Male,12,Aged 35 to 39 years,3167
E07000192,Cannock Chase,2,Male,13,Aged 40 to 44 years,2780
E07000192,Cannock Chase,2,Male,14,Aged 45 to 49 years,3214
E07000192,Cannock Chase,2,Male,15,Aged 50 to 54 years,3926
E07000192,Cannock Chase,2,Male,16,Aged 55 to 59 years,3730
E07000192,Cannock Chase,2,Male,17,Aged 60 to 64 years,3024
E07000192,Cannock Chase,2,Male,18,Aged 65 years,534
E07000192,Cannock Chase,2,Male,19,Aged 66 to 69 years,2050
E07000192,Cannock Chase,2,Male,20,Aged 70 to 74 years,2554
E07000192,Cannock Chase,2,Male,21,Aged 75 to 79 years,1882
E07000192,Cannock Chase,2,Male,22,Aged 80 to 84 years,1138
E07000192,Cannock Chase,2,Male,23,Aged 85 years and over,824
E07000193,East Staffordshire,1,Female,1,Aged 2 years and under,1945
E07000193,East Staffordshire,1,Female,2,Aged 3 to 4 years,1381
E07000193,East Staffordshire,1,Female,3,Aged 5 to 7 years,2121
E07000193,East Staffordshire,1,Female,4,Aged 8 to 9 years,1521
E07000193,East Staffordshire,1,Female,5,Aged 10 to 14 years,3790
E07000193,East Staffordshire,1,Female,6,Aged 15 years,687
E07000193,East Staffordshire,1,Female,7,Aged 16 to 17 years,1389
E07000193,East Staffordshire,1,Female,8,Aged 18 to 19 years,1121
E07000193,East Staffordshire,1,Female,9,Aged 20 to 24 years,3139
E07000193,East Staffordshire,1,Female,10,Aged 25 to 29 years,3939
E07000193,East Staffordshire,1,Female,11,Aged 30 to 34 years,4261
E07000193,East Staffordshire,1,Female,12,Aged 35 to 39 years,3976
E07000193,East Staffordshire,1,Female,13,Aged 40 to 44 years,3714
E07000193,East Staffordshire,1,Female,14,Aged 45 to 49 years,3899
E07000193,East Staffordshire,1,Female,15,Aged 50 to 54 years,4516
E07000193,East Staffordshire,1,Female,16,Aged 55 to 59 years,4408
E07000193,East Staffordshire,1,Female,17,Aged 60 to 64 years,3751
E07000193,East Staffordshire,1,Female,18,Aged 65 years,614
E07000193,East Staffordshire,1,Female,19,Aged 66 to 69 years,2474
E07000193,East Staffordshire,1,Female,20,Aged 70 to 74 years,3234
E07000193,East Staffordshire,1,Female,21,Aged 75 to 79 years,2512
E07000193,East Staffordshire,1,Female,22,Aged 80 to 84 years,1759
E07000193,East Staffordshire,1,Female,23,Aged 85 years and over,1835
E07000193,East Staffordshire,2,Male,1,Aged 2 years and under,2125
E07000193,East Staffordshire,2,Male,2,Aged 3 to 4 years,1515
E07000193,East Staffordshire,2,Male,3,Aged 5 to 7 years,2256
E07000193,East Staffordshire,2,Male,4,Aged 8 to 9 years,1576
E07000193,East Staffordshire,2,Male,5,Aged 10 to 14 years,3835
E07000193,East Staffordshire,2,Male,6,Aged 15 years,759
E07000193,East Staffordshire,2,Male,7,Aged 16 to 17 years,1524
E07000193,East Staffordshire,2,Male,8,Aged 18 to 19 years,1268
E07000193,East Staffordshire,2,Male,9,Aged 20 to 24 years,3371
E07000193,East Staffordshire,2,Male,10,Aged 25 to 29 years,4159
E07000193,East Staffordshire,2,Male,11,Aged 30 to 34 years,4435
E07000193,East Staffordshire,2,Male,12,Aged 35 to 39 years,4143
E07000193,East Staffordshire,2,Male,13,Aged 40 to 44 years,3880
E07000193,East Staffordshire,2,Male,14,Aged 45 to 49 years,3964
E07000193,East Staffordshire,2,Male,15,Aged 50 to 54 years,4486
E07000193,East Staffordshire,2,Male,16,Aged 55 to 59 years,4274
E07000193,East Staffordshire,2,Male,17,Aged 60 to 64 years,3804
E07000193,East Staffordshire,2,Male,18,Aged 65 years,679
E07000193,East Staffordshire,2,Male,19,Aged 66 to 69 years,2414
E07000193,East Staffordshire,2,Male,20,Aged 70 to 74 years,2978
E07000193,East Staffordshire,2,Male,21,Aged 75 to 79 years,2177
E07000193,East Staffordshire,2,Male,22,Aged 80 to 84 years,1368
E07000193,East Staffordshire,2,Male,23,Aged 85 years and over,1043
E07000194,Lichfield,1,Female,1,Aged 2 years and under,1515
E07000194,Lichfield,1,Female,2,Aged 3 to 4 years,1118
E07000194,Lichfield,1,Female,3,Aged 5 to 7 years,1624
E07000194,Lichfield,1,Female,4,Aged 8 to 9 years,1179
E07000194,Lichfield,1,Female,5,Aged 10 to 14 years,2805
E07000194,Lichfield,1,Female,6,Aged 15 years,554
E07000194,Lichfield,1,Female,7,Aged 16 to 17 years,1108
E07000194,Lichfield,1,Female,8,Aged 18 to 19 years,848
E07000194,Lichfield,1,Female,9,Aged 20 to 24 years,2244
E07000194,Lichfield,1,Female,10,Aged 25 to 29 years,3033
E07000194,Lichfield,1,Female,11,Aged 30 to 34 years,3072
E07000194,Lichfield,1,Female,12,Aged 35 to 39 years,3113
E07000194,Lichfield,1,Female,13,Aged 40 to 44 years,3113
E07000194,Lichfield,1,Female,14,Aged 45 to 49 years,3487
E07000194,Lichfield,1,Female,15,Aged 50 to 54 years,4072
E07000194,Lichfield,1,Female,16,Aged 55 to 59 years,3985
E07000194,Lichfield,1,Female,17,Aged 60 to 64 years,3394
E07000194,Lichfield,1,Female,18,Aged 65 years,662
E07000194,Lichfield,1,Female,19,Aged 66 to 69 years,2547
E07000194,Lichfield,1,Female,20,Aged 70 to 74 years,3601
E07000194,Lichfield,1,Female,21,Aged 75 to 79 years,3117
E07000194,Lichfield,1,Female,22,Aged 80 to 84 years,2005
E07000194,Lichfield,1,Female,23,Aged 85 years and over,1800
E07000194,Lichfield,2,Male,1,Aged 2 years and under,1484
E07000194,Lichfield,2,Male,2,Aged 3 to 4 years,1113
E07000194,Lichfield,2,Male,3,Aged 5 to 7 years,1653
E07000194,Lichfield,2,Male,4,Aged 8 to 9 years,1198
E07000194,Lichfield,2,Male,5,Aged 10 to 14 years,2993
E07000194,Lichfield,2,Male,6,Aged 15 years,607
E07000194,Lichfield,2,Male,7,Aged 16 to 17 years,1199
E07000194,Lichfield,2,Male,8,Aged 18 to 19 years,1057
E07000194,Lichfield,2,Male,9,Aged 20 to 24 years,2811
E07000194,Lichfield,2,Male,10,Aged 25 to 29 years,2934
E07000194,Lichfield,2,Male,11,Aged 30 to 34 years,2988
E07000194,Lichfield,2,Male,12,Aged 35 to 39 years,2911
E07000194,Lichfield,2,Male,13,Aged 40 to 44 years,2973
E07000194,Lichfield,2,Male,14,Aged 45 to 49 years,3451
E07000194,Lichfield,2,Male,15,Aged 50 to 54 years,4021
E07000194,Lichfield,2,Male,16,Aged 55 to 59 years,3937
E07000194,Lichfield,2,Male,17,Aged 60 to 64 years,3320
E07000194,Lichfield,2,Male,18,Aged 65 years,593
E07000194,Lichfield,2,Male,19,Aged 66 to 69 years,2357
E07000194,Lichfield,2,Male,20,Aged 70 to 74 years,3352
E07000194,Lichfield,2,Male,21,Aged 75 to 79 years,2707
E07000194,Lichfield,2,Male,22,Aged 80 to 84 years,1653
E07000194,Lichfield,2,Male,23,Aged 85 years and over,1133
E07000195,Newcastle-under-Lyme,1,Female,1,Aged 2 years and under,1668
E07000195,Newcastle-under-Lyme,1,Female,2,Aged 3 to 4 years,1164
E07000195,Newcastle-under-Lyme,1,Female,3,Aged 5 to 7 years,1851
E07000195,Newcastle-under-Lyme,1,Female,4,Aged 8 to 9 years,1325
E07000195,Newcastle-under-Lyme,1,Female,5,Aged 10 to 14 years,3152
E07000195,Newcastle-under-Lyme,1,Female,6,Aged 15 years,634
E07000195,Newcastle-under-Lyme,1,Female,7,Aged 16 to 17 years,1260
E07000195,Newcastle-under-Lyme,1,Female,8,Aged 18 to 19 years,1908
E07000195,Newcastle-under-Lyme,1,Female,9,Aged 20 to 24 years,4324
E07000195,Newcastle-under-Lyme,1,Female,10,Aged 25 to 29 years,3471
E07000195,Newcastle-under-Lyme,1,Female,11,Aged 30 to 34 years,3869
E07000195,Newcastle-under-Lyme,1,Female,12,Aged 35 to 39 years,3659
E07000195,Newcastle-under-Lyme,1,Female,13,Aged 40 to 44 years,3506
E07000195,Newcastle-under-Lyme,1,Female,14,Aged 45 to 49 years,3799
E07000195,Newcastle-under-Lyme,1,Female,15,Aged 50 to 54 years,4490
E07000195,Newcastle-under-Lyme,1,Female,16,Aged 55 to 59 years,4424
E07000195,Newcastle-under-Lyme,1,Female,17,Aged 60 to 64 years,3960
E07000195,Newcastle-under-Lyme,1,Female,18,Aged 65 years,735
E07000195,Newcastle-under-Lyme,1,Female,19,Aged 66 to 69 years,2775
E07000195,Newcastle-under-Lyme,1,Female,20,Aged 70 to 74 years,3751
E07000195,Newcastle-under-Lyme,1,Female,21,Aged 75 to 79 years,2786
E07000195,Newcastle-under-Lyme,1,Female,22,Aged 80 to 84 years,2107
E07000195,Newcastle-under-Lyme,1,Female,23,Aged 85 years and over,2221
E07000195,Newcastle-under-Lyme,2,Male,1,Aged 2 years and under,1702
E07000195,Newcastle-under-Lyme,2,Male,2,Aged 3 to 4 years,1259
E07000195,Newcastle-under-Lyme,2,Male,3,Aged 5 to 7 years,1981
E07000195,Newcastle-under-Lyme,2,Male,4,Aged 8 to 9 years,1349
E07000195,Newcastle-under-Lyme,2,Male,5,Aged 10 to 14 years,3357
E07000195,Newcastle-under-Lyme,2,Male,6,Aged 15 years,671
E07000195,Newcastle-under-Lyme,2,Male,7,Aged 16 to 17 years,1455
E07000195,Newcastle-under-Lyme,2,Male,8,Aged 18 to 19 years,1718
E07000195,Newcastle-under-Lyme,2,Male,9,Aged 20 to 24 years,4253
E07000195,Newcastle-under-Lyme,2,Male,10,Aged 25 to 29 years,3386
E07000195,Newcastle-under-Lyme,2,Male,11,Aged 30 to 34 years,3689
E07000195,Newcastle-under-Lyme,2,Male,12,Aged 35 to 39 years,3518
E07000195,Newcastle-under-Lyme,2,Male,13,Aged 40 to 44 years,3379
E07000195,Newcastle-under-Lyme,2,Male,14,Aged 45 to 49 years,3734
E07000195,Newcastle-under-Lyme,2,Male,15,Aged 50 to 54 years,4357
E07000195,Newcastle-under-Lyme,2,Male,16,Aged 55 to 59 years,4331
E07000195,Newcastle-under-Lyme,2,Male,17,Aged 60 to 64 years,3954
E07000195,Newcastle-under-Lyme,2,Male,18,Aged 65 years,650
E07000195,Newcastle-under-Lyme,2,Male,19,Aged 66 to 69 years,2682
E07000195,Newcastle-under-Lyme,2,Male,20,Aged 70 to 74 years,3528
E07000195,Newcastle-under-Lyme,2,Male,21,Aged 75 to 79 years,2534
E07000195,Newcastle-under-Lyme,2,Male,22,Aged 80 to 84 years,1665
E07000195,Newcastle-under-Lyme,2,Male,23,Aged 85 years and over,1304
E07000196,South Staffordshire,1,Female,1,Aged 2 years and under,1396
E07000196,South Staffordshire,1,Female,2,Aged 3 to 4 years,992
E07000196,South Staffordshire,1,Female,3,Aged 5 to 7 years,1623
E07000196,South Staffordshire,1,Female,4,Aged 8 to 9 years,1131
E07000196,South Staffordshire,1,Female,5,Aged 10 to 14 years,2775
E07000196,South Staffordshire,1,Female,6,Aged 15 years,519
E07000196,South Staffordshire,1,Female,7,Aged 16 to 17 years,1076
E07000196,South Staffordshire,1,Female,8,Aged 18 to 19 years,813
E07000196,South Staffordshire,1,Female,9,Aged 20 to 24 years,2397
E07000196,South Staffordshire,1,Female,10,Aged 25 to 29 years,2689
E07000196,South Staffordshire,1,Female,11,Aged 30 to 34 years,2924
E07000196,South Staffordshire,1,Female,12,Aged 35 to 39 years,3002
E07000196,South Staffordshire,1,Female,13,Aged 40 to 44 years,2849
E07000196,South Staffordshire,1,Female,14,Aged 45 to 49 years,3407
E07000196,South Staffordshire,1,Female,15,Aged 50 to 54 years,4209
E07000196,South Staffordshire,1,Female,16,Aged 55 to 59 years,4495
E07000196,South Staffordshire,1,Female,17,Aged 60 to 64 years,3998
E07000196,South Staffordshire,1,Female,18,Aged 65 years,727
E07000196,South Staffordshire,1,Female,19,Aged 66 to 69 years,2795
E07000196,South Staffordshire,1,Female,20,Aged 70 to 74 years,3777
E07000196,South Staffordshire,1,Female,21,Aged 75 to 79 years,3215
E07000196,South Staffordshire,1,Female,22,Aged 80 to 84 years,2188
E07000196,South Staffordshire,1,Female,23,Aged 85 years and over,2167
E07000196,South Staffordshire,2,Male,1,Aged 2 years and under,1427
E07000196,South Staffordshire,2,Male,2,Aged 3 to 4 years,1108
E07000196,South Staffordshire,2,Male,3,Aged 5 to 7 years,1605
E07000196,South Staffordshire,2,Male,4,Aged 8 to 9 years,1151
E07000196,South Staffordshire,2,Male,5,Aged 10 to 14 years,2809
E07000196,South Staffordshire,2,Male,6,Aged 15 years,564
E07000196,South Staffordshire,2,Male,7,Aged 16 to 17 years,1213
E07000196,South Staffordshire,2,Male,8,Aged 18 to 19 years,1044
E07000196,South Staffordshire,2,Male,9,Aged 20 to 24 years,3034
E07000196,South Staffordshire,2,Male,10,Aged 25 to 29 years,3182
E07000196,South Staffordshire,2,Male,11,Aged 30 to 34 years,3264
E07000196,South Staffordshire,2,Male,12,Aged 35 to 39 years,3214
E07000196,South Staffordshire,2,Male,13,Aged 40 to 44 years,3023
E07000196,South Staffordshire,2,Male,14,Aged 45 to 49 years,3365
E07000196,South Staffordshire,2,Male,15,Aged 50 to 54 years,4204
E07000196,South Staffordshire,2,Male,16,Aged 55 to 59 years,4329
E07000196,South Staffordshire,2,Male,17,Aged 60 to 64 years,3897
E07000196,South Staffordshire,2,Male,18,Aged 65 years,640
E07000196,South Staffordshire,2,Male,19,Aged 66 to 69 years,2685
E07000196,South Staffordshire,2,Male,20,Aged 70 to 74 years,3567
E07000196,South Staffordshire,2,Male,21,Aged 75 to 79 years,2768
E07000196,South Staffordshire,2,Male,22,Aged 80 to 84 years,1900
E07000196,South Staffordshire,2,Male,23,Aged 85 years and over,1316
E07000197,Stafford,1,Female,1,Aged 2 years and under,1938
E07000197,Stafford,1,Female,2,Aged 3 to 4 years,1371
E07000197,Stafford,1,Female,3,Aged 5 to 7 years,2107
E07000197,Stafford,1,Female,4,Aged 8 to 9 years,1454
E07000197,Stafford,1,Female,5,Aged 10 to 14 years,3813
E07000197,Stafford,1,Female,6,Aged 15 years,711
E07000197,Stafford,1,Female,7,Aged 16 to 17 years,1380
E07000197,Stafford,1,Female,8,Aged 18 to 19 years,1053
E07000197,Stafford,1,Female,9,Aged 20 to 24 years,3064
E07000197,Stafford,1,Female,10,Aged 25 to 29 years,3970
E07000197,Stafford,1,Female,11,Aged 30 to 34 years,4335
E07000197,Stafford,1,Female,12,Aged 35 to 39 years,4077
E07000197,Stafford,1,Female,13,Aged 40 to 44 years,4101
E07000197,Stafford,1,Female,14,Aged 45 to 49 years,4336
E07000197,Stafford,1,Female,15,Aged 50 to 54 years,5196
E07000197,Stafford,1,Female,16,Aged 55 to 59 years,5110
E07000197,Stafford,1,Female,17,Aged 60 to 64 years,4503
E07000197,Stafford,1,Female,18,Aged 65 years,780
E07000197,Stafford,1,Female,19,Aged 66 to 69 years,3226
E07000197,Stafford,1,Female,20,Aged 70 to 74 years,4331
E07000197,Stafford,1,Female,21,Aged 75 to 79 years,3551
E07000197,Stafford,1,Female,22,Aged 80 to 84 years,2419
E07000197,Stafford,1,Female,23,Aged 85 years and over,2407
E07000197,Stafford,2,Male,1,Aged 2 years and under,2033
E07000197,Stafford,2,Male,2,Aged 3 to 4 years,1376
E07000197,Stafford,2,Male,3,Aged 5 to 7 years,2211
E07000197,Stafford,2,Male,4,Aged 8 to 9 years,1636
E07000197,Stafford,2,Male,5,Aged 10 to 14 years,3854
E07000197,Stafford,2,Male,6,Aged 15 years,748
E07000197,Stafford,2,Male,7,Aged 16 to 17 years,1418
E07000197,Stafford,2,Male,8,Aged 18 to 19 years,1120
E07000197,Stafford,2,Male,9,Aged 20 to 24 years,3267
E07000197,Stafford,2,Male,10,Aged 25 to 29 years,3852
E07000197,Stafford,2,Male,11,Aged 30 to 34 years,4205
E07000197,Stafford,2,Male,12,Aged 35 to 39 years,4145
E07000197,Stafford,2,Male,13,Aged 40 to 44 years,4002
E07000197,Stafford,2,Male,14,Aged 45 to 49 years,4430
E07000197,Stafford,2,Male,15,Aged 50 to 54 years,5129
E07000197,Stafford,2,Male,16,Aged 55 to 59 years,5029
E07000197,Stafford,2,Male,17,Aged 60 to 64 years,4439
E07000197,Stafford,2,Male,18,Aged 65 years,823
E07000197,Stafford,2,Male,19,Aged 66 to 69 years,3094
E07000197,Stafford,2,Male,20,Aged 70 to 74 years,4079
E07000197,Stafford,2,Male,21,Aged 75 to 79 years,3114
E07000197,Stafford,2,Male,22,Aged 80 to 84 years,2083
E07000197,Stafford,2,Male,23,Aged 85 years and over,1543
E07000198,Staffordshire Moorlands,1,Female,1,Aged 2 years and under,1188
E07000198,Staffordshire Moorlands,1,Female,2,Aged 3 to 4 years,836
E07000198,Staffordshire Moorlands,1,Female,3,Aged 5 to 7 years,1313
E07000198,Staffordshire Moorlands,1,Female,4,Aged 8 to 9 years,981
E07000198,Staffordshire Moorlands,1,Female,5,Aged 10 to 14 years,2504
E07000198,Staffordshire Moorlands,1,Female,6,Aged 15 years,459
E07000198,Staffordshire Moorlands,1,Female,7,Aged 16 to 17 years,1042
E07000198,Staffordshire Moorlands,1,Female,8,Aged 18 to 19 years,771
E07000198,Staffordshire Moorlands,1,Female,9,Aged 20 to 24 years,1933
E07000198,Staffordshire Moorlands,1,Female,10,Aged 25 to 29 years,2350
E07000198,Staffordshire Moorlands,1,Female,11,Aged 30 to 34 years,2547
E07000198,Staffordshire Moorlands,1,Female,12,Aged 35 to 39 years,2496
E07000198,Staffordshire Moorlands,1,Female,13,Aged 40 to 44 years,2563
E07000198,Staffordshire Moorlands,1,Female,14,Aged 45 to 49 years,3055
E07000198,Staffordshire Moorlands,1,Female,15,Aged 50 to 54 years,3922
E07000198,Staffordshire Moorlands,1,Female,16,Aged 55 to 59 years,3845
E07000198,Staffordshire Moorlands,1,Female,17,Aged 60 to 64 years,3441
E07000198,Staffordshire Moorlands,1,Female,18,Aged 65 years,648
E07000198,Staffordshire Moorlands,1,Female,19,Aged 66 to 69 years,2544
E07000198,Staffordshire Moorlands,1,Female,20,Aged 70 to 74 years,3625
E07000198,Staffordshire Moorlands,1,Female,21,Aged 75 to 79 years,2719
E07000198,Staffordshire Moorlands,1,Female,22,Aged 80 to 84 years,1914
E07000198,Staffordshire Moorlands,1,Female,23,Aged 85 years and over,1869
E07000198,Staffordshire Moorlands,2,Male,1,Aged 2 years and under,1173
E07000198,Staffordshire Moorlands,2,Male,2,Aged 3 to 4 years,875
E07000198,Staffordshire Moorlands,2,Male,3,Aged 5 to 7 years,1454
E07000198,Staffordshire Moorlands,2,Male,4,Aged 8 to 9 years,1041
E07000198,Staffordshire Moorlands,2,Male,5,Aged 10 to 14 years,2669
E07000198,Staffordshire Moorlands,2,Male,6,Aged 15 years,496
E07000198,Staffordshire Moorlands,2,Male,7,Aged 16 to 17 years,1058
E07000198,Staffordshire Moorlands,2,Male,8,Aged 18 to 19 years,920
E07000198,Staffordshire Moorlands,2,Male,9,Aged 20 to 24 years,2187
E07000198,Staffordshire Moorlands,2,Male,10,Aged 25 to 29 years,2252
E07000198,Staffordshire Moorlands,2,Male,11,Aged 30 to 34 years,2446
E07000198,Staffordshire Moorlands,2,Male,12,Aged 35 to 39 years,2495
E07000198,Staffordshire Moorlands,2,Male,13,Aged 40 to 44 years,2343
E07000198,Staffordshire Moorlands,2,Male,14,Aged 45 to 49 years,3038
E07000198,Staffordshire Moorlands,2,Male,15,Aged 50 to 54 years,3869
E07000198,Staffordshire Moorlands,2,Male,16,Aged 55 to 59 years,3764
E07000198,Staffordshire Moorlands,2,Male,17,Aged 60 to 64 years,3400
E07000198,Staffordshire Moorlands,2,Male,18,Aged 65 years,612
E07000198,Staffordshire Moorlands,2,Male,19,Aged 66 to 69 years,2527
E07000198,Staffordshire Moorlands,2,Male,20,Aged 70 to 74 years,3377
E07000198,Staffordshire Moorlands,2,Male,21,Aged 75 to 79 years,2521
E07000198,Staffordshire Moorlands,2,Male,22,Aged 80 to 84 years,1598
E07000198,Staffordshire Moorlands,2,Male,23,Aged 85 years and over,1164
E07000199,Tamworth,1,Female,1,Aged 2 years and under,1245
E07000199,Tamworth,1,Female,2,Aged 3 to 4 years,862
E07000199,Tamworth,1,Female,3,Aged 5 to 7 years,1345
E07000199,Tamworth,1,Female,4,Aged 8 to 9 years,921
E07000199,Tamworth,1,Female,5,Aged 10 to 14 years,2378
E07000199,Tamworth,1,Female,6,Aged 15 years,395
E07000199,Tamworth,1,Female,7,Aged 16 to 17 years,876
E07000199,Tamworth,1,Female,8,Aged 18 to 19 years,737
E07000199,Tamworth,1,Female,9,Aged 20 to 24 years,2084
E07000199,Tamworth,1,Female,10,Aged 25 to 29 years,2596
E07000199,Tamworth,1,Female,11,Aged 30 to 34 years,2847
E07000199,Tamworth,1,Female,12,Aged 35 to 39 years,2601
E07000199,Tamworth,1,Female,13,Aged 40 to 44 years,2364
E07000199,Tamworth,1,Female,14,Aged 45 to 49 years,2689
E07000199,Tamworth,1,Female,15,Aged 50 to 54 years,2837
E07000199,Tamworth,1,Female,16,Aged 55 to 59 years,2666
E07000199,Tamworth,1,Female,17,Aged 60 to 64 years,2424
E07000199,Tamworth,1,Female,18,Aged 65 years,464
E07000199,Tamworth,1,Female,19,Aged 66 to 69 years,1789
E07000199,Tamworth,1,Female,20,Aged 70 to 74 years,2193
E07000199,Tamworth,1,Female,21,Aged 75 to 79 years,1573
E07000199,Tamworth,1,Female,22,Aged 80 to 84 years,1025
E07000199,Tamworth,1,Female,23,Aged 85 years and over,999
E07000199,Tamworth,2,Male,1,Aged 2 years and under,1349
E07000199,Tamworth,2,Male,2,Aged 3 to 4 years,986
E07000199,Tamworth,2,Male,3,Aged 5 to 7 years,1375
E07000199,Tamworth,2,Male,4,Aged 8 to 9 years,1025
E07000199,Tamworth,2,Male,5,Aged 10 to 14 years,2493
E07000199,Tamworth,2,Male,6,Aged 15 years,482
E07000199,Tamworth,2,Male,7,Aged 16 to 17 years,954
E07000199,Tamworth,2,Male,8,Aged 18 to 19 years,793
E07000199,Tamworth,2,Male,9,Aged 20 to 24 years,2120
E07000199,Tamworth,2,Male,10,Aged 25 to 29 years,2501
E07000199,Tamworth,2,Male,11,Aged 30 to 34 years,2785
E07000199,Tamworth,2,Male,12,Aged 35 to 39 years,2550
E07000199,Tamworth,2,Male,13,Aged 40 to 44 years,2319
E07000199,Tamworth,2,Male,14,Aged 45 to 49 years,2466
E07000199,Tamworth,2,Male,15,Aged 50 to 54 years,2949
E07000199,Tamworth,2,Male,16,Aged 55 to 59 years,2490
E07000199,Tamworth,2,Male,17,Aged 60 to 64 years,2226
E07000199,Tamworth,2,Male,18,Aged 65 years,423
E07000199,Tamworth,2,Male,19,Aged 66 to 69 years,1649
E07000199,Tamworth,2,Male,20,Aged 70 to 74 years,2049
E07000199,Tamworth,2,Male,21,Aged 75 to 79 years,1418
E07000199,Tamworth,2,Male,22,Aged 80 to 84 years,812
E07000199,Tamworth,2,Male,23,Aged 85 years and over,518
E07000200,Babergh,1,Female,1,Aged 2 years and under,1128
E07000200,Babergh,1,Female,2,Aged 3 to 4 years,814
E07000200,Babergh,1,Female,3,Aged 5 to 7 years,1403
E07000200,Babergh,1,Female,4,Aged 8 to 9 years,948
E07000200,Babergh,1,Female,5,Aged 10 to 14 years,2492
E07000200,Babergh,1,Female,6,Aged 15 years,541
E07000200,Babergh,1,Female,7,Aged 16 to 17 years,1073
E07000200,Babergh,1,Female,8,Aged 18 to 19 years,760
E07000200,Babergh,1,Female,9,Aged 20 to 24 years,1935
E07000200,Babergh,1,Female,10,Aged 25 to 29 years,2149
E07000200,Babergh,1,Female,11,Aged 30 to 34 years,2474
E07000200,Babergh,1,Female,12,Aged 35 to 39 years,2448
E07000200,Babergh,1,Female,13,Aged 40 to 44 years,2658
E07000200,Babergh,1,Female,14,Aged 45 to 49 years,2961
E07000200,Babergh,1,Female,15,Aged 50 to 54 years,3644
E07000200,Babergh,1,Female,16,Aged 55 to 59 years,3670
E07000200,Babergh,1,Female,17,Aged 60 to 64 years,3239
E07000200,Babergh,1,Female,18,Aged 65 years,690
E07000200,Babergh,1,Female,19,Aged 66 to 69 years,2443
E07000200,Babergh,1,Female,20,Aged 70 to 74 years,3582
E07000200,Babergh,1,Female,21,Aged 75 to 79 years,2695
E07000200,Babergh,1,Female,22,Aged 80 to 84 years,1807
E07000200,Babergh,1,Female,23,Aged 85 years and over,1976
E07000200,Babergh,2,Male,1,Aged 2 years and under,1160
E07000200,Babergh,2,Male,2,Aged 3 to 4 years,871
E07000200,Babergh,2,Male,3,Aged 5 to 7 years,1379
E07000200,Babergh,2,Male,4,Aged 8 to 9 years,1021
E07000200,Babergh,2,Male,5,Aged 10 to 14 years,2683
E07000200,Babergh,2,Male,6,Aged 15 years,523
E07000200,Babergh,2,Male,7,Aged 16 to 17 years,1075
E07000200,Babergh,2,Male,8,Aged 18 to 19 years,786
E07000200,Babergh,2,Male,9,Aged 20 to 24 years,2075
E07000200,Babergh,2,Male,10,Aged 25 to 29 years,2136
E07000200,Babergh,2,Male,11,Aged 30 to 34 years,2306
E07000200,Babergh,2,Male,12,Aged 35 to 39 years,2241
E07000200,Babergh,2,Male,13,Aged 40 to 44 years,2459
E07000200,Babergh,2,Male,14,Aged 45 to 49 years,2837
E07000200,Babergh,2,Male,15,Aged 50 to 54 years,3282
E07000200,Babergh,2,Male,16,Aged 55 to 59 years,3519
E07000200,Babergh,2,Male,17,Aged 60 to 64 years,3107
E07000200,Babergh,2,Male,18,Aged 65 years,579
E07000200,Babergh,2,Male,19,Aged 66 to 69 years,2238
E07000200,Babergh,2,Male,20,Aged 70 to 74 years,3253
E07000200,Babergh,2,Male,21,Aged 75 to 79 years,2445
E07000200,Babergh,2,Male,22,Aged 80 to 84 years,1629
E07000200,Babergh,2,Male,23,Aged 85 years and over,1203
E07000202,Ipswich,1,Female,1,Aged 2 years and under,2397
E07000202,Ipswich,1,Female,2,Aged 3 to 4 years,1727
E07000202,Ipswich,1,Female,3,Aged 5 to 7 years,2655
E07000202,Ipswich,1,Female,4,Aged 8 to 9 years,1819
E07000202,Ipswich,1,Female,5,Aged 10 to 14 years,4276
E07000202,Ipswich,1,Female,6,Aged 15 years,790
E07000202,Ipswich,1,Female,7,Aged 16 to 17 years,1611
E07000202,Ipswich,1,Female,8,Aged 18 to 19 years,1364
E07000202,Ipswich,1,Female,9,Aged 20 to 24 years,3956
E07000202,Ipswich,1,Female,10,Aged 25 to 29 years,5140
E07000202,Ipswich,1,Female,11,Aged 30 to 34 years,5565
E07000202,Ipswich,1,Female,12,Aged 35 to 39 years,5004
E07000202,Ipswich,1,Female,13,Aged 40 to 44 years,4624
E07000202,Ipswich,1,Female,14,Aged 45 to 49 years,4418
E07000202,Ipswich,1,Female,15,Aged 50 to 54 years,4507
E07000202,Ipswich,1,Female,16,Aged 55 to 59 years,4364
E07000202,Ipswich,1,Female,17,Aged 60 to 64 years,3723
E07000202,Ipswich,1,Female,18,Aged 65 years,618
E07000202,Ipswich,1,Female,19,Aged 66 to 69 years,2577
E07000202,Ipswich,1,Female,20,Aged 70 to 74 years,3103
E07000202,Ipswich,1,Female,21,Aged 75 to 79 years,2205
E07000202,Ipswich,1,Female,22,Aged 80 to 84 years,1786
E07000202,Ipswich,1,Female,23,Aged 85 years and over,2099
E07000202,Ipswich,2,Male,1,Aged 2 years and under,2472
E07000202,Ipswich,2,Male,2,Aged 3 to 4 years,1731
E07000202,Ipswich,2,Male,3,Aged 5 to 7 years,2726
E07000202,Ipswich,2,Male,4,Aged 8 to 9 years,1847
E07000202,Ipswich,2,Male,5,Aged 10 to 14 years,4522
E07000202,Ipswich,2,Male,6,Aged 15 years,848
E07000202,Ipswich,2,Male,7,Aged 16 to 17 years,1834
E07000202,Ipswich,2,Male,8,Aged 18 to 19 years,1612
E07000202,Ipswich,2,Male,9,Aged 20 to 24 years,4013
E07000202,Ipswich,2,Male,10,Aged 25 to 29 years,4749
E07000202,Ipswich,2,Male,11,Aged 30 to 34 years,5254
E07000202,Ipswich,2,Male,12,Aged 35 to 39 years,5163
E07000202,Ipswich,2,Male,13,Aged 40 to 44 years,4789
E07000202,Ipswich,2,Male,14,Aged 45 to 49 years,4502
E07000202,Ipswich,2,Male,15,Aged 50 to 54 years,4729
E07000202,Ipswich,2,Male,16,Aged 55 to 59 years,4242
E07000202,Ipswich,2,Male,17,Aged 60 to 64 years,3659
E07000202,Ipswich,2,Male,18,Aged 65 years,668
E07000202,Ipswich,2,Male,19,Aged 66 to 69 years,2410
E07000202,Ipswich,2,Male,20,Aged 70 to 74 years,2887
E07000202,Ipswich,2,Male,21,Aged 75 to 79 years,2058
E07000202,Ipswich,2,Male,22,Aged 80 to 84 years,1366
E07000202,Ipswich,2,Male,23,Aged 85 years and over,1234
E07000203,Mid Suffolk,1,Female,1,Aged 2 years and under,1283
E07000203,Mid Suffolk,1,Female,2,Aged 3 to 4 years,907
E07000203,Mid Suffolk,1,Female,3,Aged 5 to 7 years,1440
E07000203,Mid Suffolk,1,Female,4,Aged 8 to 9 years,1059
E07000203,Mid Suffolk,1,Female,5,Aged 10 to 14 years,2758
E07000203,Mid Suffolk,1,Female,6,Aged 15 years,522
E07000203,Mid Suffolk,1,Female,7,Aged 16 to 17 years,1107
E07000203,Mid Suffolk,1,Female,8,Aged 18 to 19 years,815
E07000203,Mid Suffolk,1,Female,9,Aged 20 to 24 years,2237
E07000203,Mid Suffolk,1,Female,10,Aged 25 to 29 years,2651
E07000203,Mid Suffolk,1,Female,11,Aged 30 to 34 years,2939
E07000203,Mid Suffolk,1,Female,12,Aged 35 to 39 years,2795
E07000203,Mid Suffolk,1,Female,13,Aged 40 to 44 years,2810
E07000203,Mid Suffolk,1,Female,14,Aged 45 to 49 years,3280
E07000203,Mid Suffolk,1,Female,15,Aged 50 to 54 years,3936
E07000203,Mid Suffolk,1,Female,16,Aged 55 to 59 years,4121
E07000203,Mid Suffolk,1,Female,17,Aged 60 to 64 years,3700
E07000203,Mid Suffolk,1,Female,18,Aged 65 years,667
E07000203,Mid Suffolk,1,Female,19,Aged 66 to 69 years,2776
E07000203,Mid Suffolk,1,Female,20,Aged 70 to 74 years,3732
E07000203,Mid Suffolk,1,Female,21,Aged 75 to 79 years,2691
E07000203,Mid Suffolk,1,Female,22,Aged 80 to 84 years,1854
E07000203,Mid Suffolk,1,Female,23,Aged 85 years and over,1980
E07000203,Mid Suffolk,2,Male,1,Aged 2 years and under,1351
E07000203,Mid Suffolk,2,Male,2,Aged 3 to 4 years,959
E07000203,Mid Suffolk,2,Male,3,Aged 5 to 7 years,1585
E07000203,Mid Suffolk,2,Male,4,Aged 8 to 9 years,1108
E07000203,Mid Suffolk,2,Male,5,Aged 10 to 14 years,2829
E07000203,Mid Suffolk,2,Male,6,Aged 15 years,592
E07000203,Mid Suffolk,2,Male,7,Aged 16 to 17 years,1174
E07000203,Mid Suffolk,2,Male,8,Aged 18 to 19 years,1015
E07000203,Mid Suffolk,2,Male,9,Aged 20 to 24 years,2392
E07000203,Mid Suffolk,2,Male,10,Aged 25 to 29 years,2799
E07000203,Mid Suffolk,2,Male,11,Aged 30 to 34 years,2801
E07000203,Mid Suffolk,2,Male,12,Aged 35 to 39 years,2729
E07000203,Mid Suffolk,2,Male,13,Aged 40 to 44 years,2665
E07000203,Mid Suffolk,2,Male,14,Aged 45 to 49 years,3161
E07000203,Mid Suffolk,2,Male,15,Aged 50 to 54 years,3691
E07000203,Mid Suffolk,2,Male,16,Aged 55 to 59 years,3924
E07000203,Mid Suffolk,2,Male,17,Aged 60 to 64 years,3586
E07000203,Mid Suffolk,2,Male,18,Aged 65 years,647
E07000203,Mid Suffolk,2,Male,19,Aged 66 to 69 years,2647
E07000203,Mid Suffolk,2,Male,20,Aged 70 to 74 years,3562
E07000203,Mid Suffolk,2,Male,21,Aged 75 to 79 years,2537
E07000203,Mid Suffolk,2,Male,22,Aged 80 to 84 years,1605
E07000203,Mid Suffolk,2,Male,23,Aged 85 years and over,1276
E07000207,Elmbridge,1,Female,1,Aged 2 years and under,2295
E07000207,Elmbridge,1,Female,2,Aged 3 to 4 years,1720
E07000207,Elmbridge,1,Female,3,Aged 5 to 7 years,2850
E07000207,Elmbridge,1,Female,4,Aged 8 to 9 years,2077
E07000207,Elmbridge,1,Female,5,Aged 10 to 14 years,4824
E07000207,Elmbridge,1,Female,6,Aged 15 years,891
E07000207,Elmbridge,1,Female,7,Aged 16 to 17 years,1765
E07000207,Elmbridge,1,Female,8,Aged 18 to 19 years,944
E07000207,Elmbridge,1,Female,9,Aged 20 to 24 years,2512
E07000207,Elmbridge,1,Female,10,Aged 25 to 29 years,3095
E07000207,Elmbridge,1,Female,11,Aged 30 to 34 years,3975
E07000207,Elmbridge,1,Female,12,Aged 35 to 39 years,5015
E07000207,Elmbridge,1,Female,13,Aged 40 to 44 years,5899
E07000207,Elmbridge,1,Female,14,Aged 45 to 49 years,5753
E07000207,Elmbridge,1,Female,15,Aged 50 to 54 years,5491
E07000207,Elmbridge,1,Female,16,Aged 55 to 59 years,4966
E07000207,Elmbridge,1,Female,17,Aged 60 to 64 years,3876
E07000207,Elmbridge,1,Female,18,Aged 65 years,643
E07000207,Elmbridge,1,Female,19,Aged 66 to 69 years,2608
E07000207,Elmbridge,1,Female,20,Aged 70 to 74 years,3324
E07000207,Elmbridge,1,Female,21,Aged 75 to 79 years,2577
E07000207,Elmbridge,1,Female,22,Aged 80 to 84 years,2050
E07000207,Elmbridge,1,Female,23,Aged 85 years and over,2592
E07000207,Elmbridge,2,Male,1,Aged 2 years and under,2473
E07000207,Elmbridge,2,Male,2,Aged 3 to 4 years,1859
E07000207,Elmbridge,2,Male,3,Aged 5 to 7 years,2859
E07000207,Elmbridge,2,Male,4,Aged 8 to 9 years,2077
E07000207,Elmbridge,2,Male,5,Aged 10 to 14 years,5115
E07000207,Elmbridge,2,Male,6,Aged 15 years,942
E07000207,Elmbridge,2,Male,7,Aged 16 to 17 years,1799
E07000207,Elmbridge,2,Male,8,Aged 18 to 19 years,1094
E07000207,Elmbridge,2,Male,9,Aged 20 to 24 years,2622
E07000207,Elmbridge,2,Male,10,Aged 25 to 29 years,2913
E07000207,Elmbridge,2,Male,11,Aged 30 to 34 years,3508
E07000207,Elmbridge,2,Male,12,Aged 35 to 39 years,4172
E07000207,Elmbridge,2,Male,13,Aged 40 to 44 years,5348
E07000207,Elmbridge,2,Male,14,Aged 45 to 49 years,5536
E07000207,Elmbridge,2,Male,15,Aged 50 to 54 years,5118
E07000207,Elmbridge,2,Male,16,Aged 55 to 59 years,4777
E07000207,Elmbridge,2,Male,17,Aged 60 to 64 years,3775
E07000207,Elmbridge,2,Male,18,Aged 65 years,631
E07000207,Elmbridge,2,Male,19,Aged 66 to 69 years,2377
E07000207,Elmbridge,2,Male,20,Aged 70 to 74 years,2971
E07000207,Elmbridge,2,Male,21,Aged 75 to 79 years,2145
E07000207,Elmbridge,2,Male,22,Aged 80 to 84 years,1429
E07000207,Elmbridge,2,Male,23,Aged 85 years and over,1473
E07000208,Epsom and Ewell,1,Female,1,Aged 2 years and under,1267
E07000208,Epsom and Ewell,1,Female,2,Aged 3 to 4 years,957
E07000208,Epsom and Ewell,1,Female,3,Aged 5 to 7 years,1514
E07000208,Epsom and Ewell,1,Female,4,Aged 8 to 9 years,1104
E07000208,Epsom and Ewell,1,Female,5,Aged 10 to 14 years,2578
E07000208,Epsom and Ewell,1,Female,6,Aged 15 years,493
E07000208,Epsom and Ewell,1,Female,7,Aged 16 to 17 years,987
E07000208,Epsom and Ewell,1,Female,8,Aged 18 to 19 years,797
E07000208,Epsom and Ewell,1,Female,9,Aged 20 to 24 years,2018
E07000208,Epsom and Ewell,1,Female,10,Aged 25 to 29 years,2106
E07000208,Epsom and Ewell,1,Female,11,Aged 30 to 34 years,2519
E07000208,Epsom and Ewell,1,Female,12,Aged 35 to 39 years,2998
E07000208,Epsom and Ewell,1,Female,13,Aged 40 to 44 years,3257
E07000208,Epsom and Ewell,1,Female,14,Aged 45 to 49 years,3060
E07000208,Epsom and Ewell,1,Female,15,Aged 50 to 54 years,2996
E07000208,Epsom and Ewell,1,Female,16,Aged 55 to 59 years,2737
E07000208,Epsom and Ewell,1,Female,17,Aged 60 to 64 years,2244
E07000208,Epsom and Ewell,1,Female,18,Aged 65 years,365
E07000208,Epsom and Ewell,1,Female,19,Aged 66 to 69 years,1551
E07000208,Epsom and Ewell,1,Female,20,Aged 70 to 74 years,2084
E07000208,Epsom and Ewell,1,Female,21,Aged 75 to 79 years,1598
E07000208,Epsom and Ewell,1,Female,22,Aged 80 to 84 years,1180
E07000208,Epsom and Ewell,1,Female,23,Aged 85 years and over,1327
E07000208,Epsom and Ewell,2,Male,1,Aged 2 years and under,1350
E07000208,Epsom and Ewell,2,Male,2,Aged 3 to 4 years,1052
E07000208,Epsom and Ewell,2,Male,3,Aged 5 to 7 years,1579
E07000208,Epsom and Ewell,2,Male,4,Aged 8 to 9 years,1126
E07000208,Epsom and Ewell,2,Male,5,Aged 10 to 14 years,2763
E07000208,Epsom and Ewell,2,Male,6,Aged 15 years,548
E07000208,Epsom and Ewell,2,Male,7,Aged 16 to 17 years,1057
E07000208,Epsom and Ewell,2,Male,8,Aged 18 to 19 years,737
E07000208,Epsom and Ewell,2,Male,9,Aged 20 to 24 years,1947
E07000208,Epsom and Ewell,2,Male,10,Aged 25 to 29 years,1914
E07000208,Epsom and Ewell,2,Male,11,Aged 30 to 34 years,2254
E07000208,Epsom and Ewell,2,Male,12,Aged 35 to 39 years,2597
E07000208,Epsom and Ewell,2,Male,13,Aged 40 to 44 years,2964
E07000208,Epsom and Ewell,2,Male,14,Aged 45 to 49 years,3063
E07000208,Epsom and Ewell,2,Male,15,Aged 50 to 54 years,2844
E07000208,Epsom and Ewell,2,Male,16,Aged 55 to 59 years,2729
E07000208,Epsom and Ewell,2,Male,17,Aged 60 to 64 years,2166
E07000208,Epsom and Ewell,2,Male,18,Aged 65 years,380
E07000208,Epsom and Ewell,2,Male,19,Aged 66 to 69 years,1310
E07000208,Epsom and Ewell,2,Male,20,Aged 70 to 74 years,1861
E07000208,Epsom and Ewell,2,Male,21,Aged 75 to 79 years,1299
E07000208,Epsom and Ewell,2,Male,22,Aged 80 to 84 years,869
E07000208,Epsom and Ewell,2,Male,23,Aged 85 years and over,793
E07000209,Guildford,1,Female,1,Aged 2 years and under,1908
E07000209,Guildford,1,Female,2,Aged 3 to 4 years,1371
E07000209,Guildford,1,Female,3,Aged 5 to 7 years,2189
E07000209,Guildford,1,Female,4,Aged 8 to 9 years,1588
E07000209,Guildford,1,Female,5,Aged 10 to 14 years,3991
E07000209,Guildford,1,Female,6,Aged 15 years,813
E07000209,Guildford,1,Female,7,Aged 16 to 17 years,1628
E07000209,Guildford,1,Female,8,Aged 18 to 19 years,2826
E07000209,Guildford,1,Female,9,Aged 20 to 24 years,6523
E07000209,Guildford,1,Female,10,Aged 25 to 29 years,4160
E07000209,Guildford,1,Female,11,Aged 30 to 34 years,4420
E07000209,Guildford,1,Female,12,Aged 35 to 39 years,4480
E07000209,Guildford,1,Female,13,Aged 40 to 44 years,4682
E07000209,Guildford,1,Female,14,Aged 45 to 49 years,4907
E07000209,Guildford,1,Female,15,Aged 50 to 54 years,4861
E07000209,Guildford,1,Female,16,Aged 55 to 59 years,4921
E07000209,Guildford,1,Female,17,Aged 60 to 64 years,3973
E07000209,Guildford,1,Female,18,Aged 65 years,697
E07000209,Guildford,1,Female,19,Aged 66 to 69 years,2569
E07000209,Guildford,1,Female,20,Aged 70 to 74 years,3482
E07000209,Guildford,1,Female,21,Aged 75 to 79 years,2587
E07000209,Guildford,1,Female,22,Aged 80 to 84 years,2000
E07000209,Guildford,1,Female,23,Aged 85 years and over,2353
E07000209,Guildford,2,Male,1,Aged 2 years and under,2016
E07000209,Guildford,2,Male,2,Aged 3 to 4 years,1389
E07000209,Guildford,2,Male,3,Aged 5 to 7 years,2309
E07000209,Guildford,2,Male,4,Aged 8 to 9 years,1724
E07000209,Guildford,2,Male,5,Aged 10 to 14 years,4278
E07000209,Guildford,2,Male,6,Aged 15 years,718
E07000209,Guildford,2,Male,7,Aged 16 to 17 years,1810
E07000209,Guildford,2,Male,8,Aged 18 to 19 years,2971
E07000209,Guildford,2,Male,9,Aged 20 to 24 years,6624
E07000209,Guildford,2,Male,10,Aged 25 to 29 years,4418
E07000209,Guildford,2,Male,11,Aged 30 to 34 years,4226
E07000209,Guildford,2,Male,12,Aged 35 to 39 years,4179
E07000209,Guildford,2,Male,13,Aged 40 to 44 years,4447
E07000209,Guildford,2,Male,14,Aged 45 to 49 years,4728
E07000209,Guildford,2,Male,15,Aged 50 to 54 years,4864
E07000209,Guildford,2,Male,16,Aged 55 to 59 years,4741
E07000209,Guildford,2,Male,17,Aged 60 to 64 years,3809
E07000209,Guildford,2,Male,18,Aged 65 years,661
E07000209,Guildford,2,Male,19,Aged 66 to 69 years,2505
E07000209,Guildford,2,Male,20,Aged 70 to 74 years,3114
E07000209,Guildford,2,Male,21,Aged 75 to 79 years,2234
E07000209,Guildford,2,Male,22,Aged 80 to 84 years,1492
E07000209,Guildford,2,Male,23,Aged 85 years and over,1464
E07000210,Mole Valley,1,Female,1,Aged 2 years and under,1155
E07000210,Mole Valley,1,Female,2,Aged 3 to 4 years,857
E07000210,Mole Valley,1,Female,3,Aged 5 to 7 years,1338
E07000210,Mole Valley,1,Female,4,Aged 8 to 9 years,961
E07000210,Mole Valley,1,Female,5,Aged 10 to 14 years,2602
E07000210,Mole Valley,1,Female,6,Aged 15 years,526
E07000210,Mole Valley,1,Female,7,Aged 16 to 17 years,1105
E07000210,Mole Valley,1,Female,8,Aged 18 to 19 years,695
E07000210,Mole Valley,1,Female,9,Aged 20 to 24 years,1715
E07000210,Mole Valley,1,Female,10,Aged 25 to 29 years,1988
E07000210,Mole Valley,1,Female,11,Aged 30 to 34 years,2154
E07000210,Mole Valley,1,Female,12,Aged 35 to 39 years,2493
E07000210,Mole Valley,1,Female,13,Aged 40 to 44 years,2867
E07000210,Mole Valley,1,Female,14,Aged 45 to 49 years,3157
E07000210,Mole Valley,1,Female,15,Aged 50 to 54 years,3465
E07000210,Mole Valley,1,Female,16,Aged 55 to 59 years,3541
E07000210,Mole Valley,1,Female,17,Aged 60 to 64 years,2958
E07000210,Mole Valley,1,Female,18,Aged 65 years,567
E07000210,Mole Valley,1,Female,19,Aged 66 to 69 years,2082
E07000210,Mole Valley,1,Female,20,Aged 70 to 74 years,2707
E07000210,Mole Valley,1,Female,21,Aged 75 to 79 years,2232
E07000210,Mole Valley,1,Female,22,Aged 80 to 84 years,1703
E07000210,Mole Valley,1,Female,23,Aged 85 years and over,2019
E07000210,Mole Valley,2,Male,1,Aged 2 years and under,1163
E07000210,Mole Valley,2,Male,2,Aged 3 to 4 years,829
E07000210,Mole Valley,2,Male,3,Aged 5 to 7 years,1353
E07000210,Mole Valley,2,Male,4,Aged 8 to 9 years,1026
E07000210,Mole Valley,2,Male,5,Aged 10 to 14 years,2722
E07000210,Mole Valley,2,Male,6,Aged 15 years,515
E07000210,Mole Valley,2,Male,7,Aged 16 to 17 years,1081
E07000210,Mole Valley,2,Male,8,Aged 18 to 19 years,744
E07000210,Mole Valley,2,Male,9,Aged 20 to 24 years,1948
E07000210,Mole Valley,2,Male,10,Aged 25 to 29 years,2042
E07000210,Mole Valley,2,Male,11,Aged 30 to 34 years,2054
E07000210,Mole Valley,2,Male,12,Aged 35 to 39 years,2289
E07000210,Mole Valley,2,Male,13,Aged 40 to 44 years,2590
E07000210,Mole Valley,2,Male,14,Aged 45 to 49 years,2990
E07000210,Mole Valley,2,Male,15,Aged 50 to 54 years,3372
E07000210,Mole Valley,2,Male,16,Aged 55 to 59 years,3364
E07000210,Mole Valley,2,Male,17,Aged 60 to 64 years,2965
E07000210,Mole Valley,2,Male,18,Aged 65 years,518
E07000210,Mole Valley,2,Male,19,Aged 66 to 69 years,1961
E07000210,Mole Valley,2,Male,20,Aged 70 to 74 years,2497
E07000210,Mole Valley,2,Male,21,Aged 75 to 79 years,1927
E07000210,Mole Valley,2,Male,22,Aged 80 to 84 years,1312
E07000210,Mole Valley,2,Male,23,Aged 85 years and over,1237
E07000211,Reigate and Banstead,1,Female,1,Aged 2 years and under,2589
E07000211,Reigate and Banstead,1,Female,2,Aged 3 to 4 years,1891
E07000211,Reigate and Banstead,1,Female,3,Aged 5 to 7 years,2919
E07000211,Reigate and Banstead,1,Female,4,Aged 8 to 9 years,1989
E07000211,Reigate and Banstead,1,Female,5,Aged 10 to 14 years,4821
E07000211,Reigate and Banstead,1,Female,6,Aged 15 years,885
E07000211,Reigate and Banstead,1,Female,7,Aged 16 to 17 years,1680
E07000211,Reigate and Banstead,1,Female,8,Aged 18 to 19 years,1176
E07000211,Reigate and Banstead,1,Female,9,Aged 20 to 24 years,3150
E07000211,Reigate and Banstead,1,Female,10,Aged 25 to 29 years,4305
E07000211,Reigate and Banstead,1,Female,11,Aged 30 to 34 years,5448
E07000211,Reigate and Banstead,1,Female,12,Aged 35 to 39 years,5659
E07000211,Reigate and Banstead,1,Female,13,Aged 40 to 44 years,5648
E07000211,Reigate and Banstead,1,Female,14,Aged 45 to 49 years,5351
E07000211,Reigate and Banstead,1,Female,15,Aged 50 to 54 years,5381
E07000211,Reigate and Banstead,1,Female,16,Aged 55 to 59 years,5284
E07000211,Reigate and Banstead,1,Female,17,Aged 60 to 64 years,4223
E07000211,Reigate and Banstead,1,Female,18,Aged 65 years,682
E07000211,Reigate and Banstead,1,Female,19,Aged 66 to 69 years,2779
E07000211,Reigate and Banstead,1,Female,20,Aged 70 to 74 years,3703
E07000211,Reigate and Banstead,1,Female,21,Aged 75 to 79 years,2732
E07000211,Reigate and Banstead,1,Female,22,Aged 80 to 84 years,2024
E07000211,Reigate and Banstead,1,Female,23,Aged 85 years and over,2700
E07000211,Reigate and Banstead,2,Male,1,Aged 2 years and under,2688
E07000211,Reigate and Banstead,2,Male,2,Aged 3 to 4 years,1877
E07000211,Reigate and Banstead,2,Male,3,Aged 5 to 7 years,3019
E07000211,Reigate and Banstead,2,Male,4,Aged 8 to 9 years,2096
E07000211,Reigate and Banstead,2,Male,5,Aged 10 to 14 years,5055
E07000211,Reigate and Banstead,2,Male,6,Aged 15 years,891
E07000211,Reigate and Banstead,2,Male,7,Aged 16 to 17 years,1787
E07000211,Reigate and Banstead,2,Male,8,Aged 18 to 19 years,1247
E07000211,Reigate and Banstead,2,Male,9,Aged 20 to 24 years,3389
E07000211,Reigate and Banstead,2,Male,10,Aged 25 to 29 years,4131
E07000211,Reigate and Banstead,2,Male,11,Aged 30 to 34 years,4997
E07000211,Reigate and Banstead,2,Male,12,Aged 35 to 39 years,5266
E07000211,Reigate and Banstead,2,Male,13,Aged 40 to 44 years,5417
E07000211,Reigate and Banstead,2,Male,14,Aged 45 to 49 years,5378
E07000211,Reigate and Banstead,2,Male,15,Aged 50 to 54 years,5189
E07000211,Reigate and Banstead,2,Male,16,Aged 55 to 59 years,5079
E07000211,Reigate and Banstead,2,Male,17,Aged 60 to 64 years,4229
E07000211,Reigate and Banstead,2,Male,18,Aged 65 years,733
E07000211,Reigate and Banstead,2,Male,19,Aged 66 to 69 years,2618
E07000211,Reigate and Banstead,2,Male,20,Aged 70 to 74 years,3360
E07000211,Reigate and Banstead,2,Male,21,Aged 75 to 79 years,2372
E07000211,Reigate and Banstead,2,Male,22,Aged 80 to 84 years,1546
E07000211,Reigate and Banstead,2,Male,23,Aged 85 years and over,1467
E07000212,Runnymede,1,Female,1,Aged 2 years and under,1401
E07000212,Runnymede,1,Female,2,Aged 3 to 4 years,967
E07000212,Runnymede,1,Female,3,Aged 5 to 7 years,1451
E07000212,Runnymede,1,Female,4,Aged 8 to 9 years,937
E07000212,Runnymede,1,Female,5,Aged 10 to 14 years,2357
E07000212,Runnymede,1,Female,6,Aged 15 years,472
E07000212,Runnymede,1,Female,7,Aged 16 to 17 years,876
E07000212,Runnymede,1,Female,8,Aged 18 to 19 years,2034
E07000212,Runnymede,1,Female,9,Aged 20 to 24 years,3987
E07000212,Runnymede,1,Female,10,Aged 25 to 29 years,2556
E07000212,Runnymede,1,Female,11,Aged 30 to 34 years,2941
E07000212,Runnymede,1,Female,12,Aged 35 to 39 years,2970
E07000212,Runnymede,1,Female,13,Aged 40 to 44 years,2922
E07000212,Runnymede,1,Female,14,Aged 45 to 49 years,3073
E07000212,Runnymede,1,Female,15,Aged 50 to 54 years,3036
E07000212,Runnymede,1,Female,16,Aged 55 to 59 years,2936
E07000212,Runnymede,1,Female,17,Aged 60 to 64 years,2376
E07000212,Runnymede,1,Female,18,Aged 65 years,397
E07000212,Runnymede,1,Female,19,Aged 66 to 69 years,1535
E07000212,Runnymede,1,Female,20,Aged 70 to 74 years,2003
E07000212,Runnymede,1,Female,21,Aged 75 to 79 years,1558
E07000212,Runnymede,1,Female,22,Aged 80 to 84 years,1233
E07000212,Runnymede,1,Female,23,Aged 85 years and over,1528
E07000212,Runnymede,2,Male,1,Aged 2 years and under,1441
E07000212,Runnymede,2,Male,2,Aged 3 to 4 years,972
E07000212,Runnymede,2,Male,3,Aged 5 to 7 years,1450
E07000212,Runnymede,2,Male,4,Aged 8 to 9 years,950
E07000212,Runnymede,2,Male,5,Aged 10 to 14 years,2502
E07000212,Runnymede,2,Male,6,Aged 15 years,461
E07000212,Runnymede,2,Male,7,Aged 16 to 17 years,904
E07000212,Runnymede,2,Male,8,Aged 18 to 19 years,1806
E07000212,Runnymede,2,Male,9,Aged 20 to 24 years,3457
E07000212,Runnymede,2,Male,10,Aged 25 to 29 years,2444
E07000212,Runnymede,2,Male,11,Aged 30 to 34 years,2688
E07000212,Runnymede,2,Male,12,Aged 35 to 39 years,2705
E07000212,Runnymede,2,Male,13,Aged 40 to 44 years,2801
E07000212,Runnymede,2,Male,14,Aged 45 to 49 years,2904
E07000212,Runnymede,2,Male,15,Aged 50 to 54 years,2911
E07000212,Runnymede,2,Male,16,Aged 55 to 59 years,2881
E07000212,Runnymede,2,Male,17,Aged 60 to 64 years,2347
E07000212,Runnymede,2,Male,18,Aged 65 years,401
E07000212,Runnymede,2,Male,19,Aged 66 to 69 years,1441
E07000212,Runnymede,2,Male,20,Aged 70 to 74 years,1805
E07000212,Runnymede,2,Male,21,Aged 75 to 79 years,1421
E07000212,Runnymede,2,Male,22,Aged 80 to 84 years,896
E07000212,Runnymede,2,Male,23,Aged 85 years and over,943
E07000213,Spelthorne,1,Female,1,Aged 2 years and under,1770
E07000213,Spelthorne,1,Female,2,Aged 3 to 4 years,1166
E07000213,Spelthorne,1,Female,3,Aged 5 to 7 years,1893
E07000213,Spelthorne,1,Female,4,Aged 8 to 9 years,1239
E07000213,Spelthorne,1,Female,5,Aged 10 to 14 years,2919
E07000213,Spelthorne,1,Female,6,Aged 15 years,541
E07000213,Spelthorne,1,Female,7,Aged 16 to 17 years,1068
E07000213,Spelthorne,1,Female,8,Aged 18 to 19 years,789
E07000213,Spelthorne,1,Female,9,Aged 20 to 24 years,2442
E07000213,Spelthorne,1,Female,10,Aged 25 to 29 years,3094
E07000213,Spelthorne,1,Female,11,Aged 30 to 34 years,3878
E07000213,Spelthorne,1,Female,12,Aged 35 to 39 years,3863
E07000213,Spelthorne,1,Female,13,Aged 40 to 44 years,3808
E07000213,Spelthorne,1,Female,14,Aged 45 to 49 years,3505
E07000213,Spelthorne,1,Female,15,Aged 50 to 54 years,3754
E07000213,Spelthorne,1,Female,16,Aged 55 to 59 years,3591
E07000213,Spelthorne,1,Female,17,Aged 60 to 64 years,2855
E07000213,Spelthorne,1,Female,18,Aged 65 years,477
E07000213,Spelthorne,1,Female,19,Aged 66 to 69 years,1865
E07000213,Spelthorne,1,Female,20,Aged 70 to 74 years,2473
E07000213,Spelthorne,1,Female,21,Aged 75 to 79 years,2017
E07000213,Spelthorne,1,Female,22,Aged 80 to 84 years,1575
E07000213,Spelthorne,1,Female,23,Aged 85 years and over,1753
E07000213,Spelthorne,2,Male,1,Aged 2 years and under,1816
E07000213,Spelthorne,2,Male,2,Aged 3 to 4 years,1258
E07000213,Spelthorne,2,Male,3,Aged 5 to 7 years,1897
E07000213,Spelthorne,2,Male,4,Aged 8 to 9 years,1348
E07000213,Spelthorne,2,Male,5,Aged 10 to 14 years,3168
E07000213,Spelthorne,2,Male,6,Aged 15 years,580
E07000213,Spelthorne,2,Male,7,Aged 16 to 17 years,1208
E07000213,Spelthorne,2,Male,8,Aged 18 to 19 years,929
E07000213,Spelthorne,2,Male,9,Aged 20 to 24 years,2479
E07000213,Spelthorne,2,Male,10,Aged 25 to 29 years,2942
E07000213,Spelthorne,2,Male,11,Aged 30 to 34 years,3542
E07000213,Spelthorne,2,Male,12,Aged 35 to 39 years,3745
E07000213,Spelthorne,2,Male,13,Aged 40 to 44 years,3634
E07000213,Spelthorne,2,Male,14,Aged 45 to 49 years,3402
E07000213,Spelthorne,2,Male,15,Aged 50 to 54 years,3595
E07000213,Spelthorne,2,Male,16,Aged 55 to 59 years,3717
E07000213,Spelthorne,2,Male,17,Aged 60 to 64 years,2932
E07000213,Spelthorne,2,Male,18,Aged 65 years,509
E07000213,Spelthorne,2,Male,19,Aged 66 to 69 years,1754
E07000213,Spelthorne,2,Male,20,Aged 70 to 74 years,2200
E07000213,Spelthorne,2,Male,21,Aged 75 to 79 years,1632
E07000213,Spelthorne,2,Male,22,Aged 80 to 84 years,1261
E07000213,Spelthorne,2,Male,23,Aged 85 years and over,1075
E07000214,Surrey Heath,1,Female,1,Aged 2 years and under,1259
E07000214,Surrey Heath,1,Female,2,Aged 3 to 4 years,899
E07000214,Surrey Heath,1,Female,3,Aged 5 to 7 years,1471
E07000214,Surrey Heath,1,Female,4,Aged 8 to 9 years,1101
E07000214,Surrey Heath,1,Female,5,Aged 10 to 14 years,2847
E07000214,Surrey Heath,1,Female,6,Aged 15 years,523
E07000214,Surrey Heath,1,Female,7,Aged 16 to 17 years,1093
E07000214,Surrey Heath,1,Female,8,Aged 18 to 19 years,709
E07000214,Surrey Heath,1,Female,9,Aged 20 to 24 years,2057
E07000214,Surrey Heath,1,Female,10,Aged 25 to 29 years,2465
E07000214,Surrey Heath,1,Female,11,Aged 30 to 34 years,2754
E07000214,Surrey Heath,1,Female,12,Aged 35 to 39 years,2974
E07000214,Surrey Heath,1,Female,13,Aged 40 to 44 years,3076
E07000214,Surrey Heath,1,Female,14,Aged 45 to 49 years,3412
E07000214,Surrey Heath,1,Female,15,Aged 50 to 54 years,3569
E07000214,Surrey Heath,1,Female,16,Aged 55 to 59 years,3336
E07000214,Surrey Heath,1,Female,17,Aged 60 to 64 years,2739
E07000214,Surrey Heath,1,Female,18,Aged 65 years,476
E07000214,Surrey Heath,1,Female,19,Aged 66 to 69 years,1800
E07000214,Surrey Heath,1,Female,20,Aged 70 to 74 years,2416
E07000214,Surrey Heath,1,Female,21,Aged 75 to 79 years,1896
E07000214,Surrey Heath,1,Female,22,Aged 80 to 84 years,1392
E07000214,Surrey Heath,1,Female,23,Aged 85 years and over,1737
E07000214,Surrey Heath,2,Male,1,Aged 2 years and under,1317
E07000214,Surrey Heath,2,Male,2,Aged 3 to 4 years,1004
E07000214,Surrey Heath,2,Male,3,Aged 5 to 7 years,1649
E07000214,Surrey Heath,2,Male,4,Aged 8 to 9 years,1125
E07000214,Surrey Heath,2,Male,5,Aged 10 to 14 years,2914
E07000214,Surrey Heath,2,Male,6,Aged 15 years,561
E07000214,Surrey Heath,2,Male,7,Aged 16 to 17 years,1182
E07000214,Surrey Heath,2,Male,8,Aged 18 to 19 years,797
E07000214,Surrey Heath,2,Male,9,Aged 20 to 24 years,2175
E07000214,Surrey Heath,2,Male,10,Aged 25 to 29 years,2429
E07000214,Surrey Heath,2,Male,11,Aged 30 to 34 years,2692
E07000214,Surrey Heath,2,Male,12,Aged 35 to 39 years,2789
E07000214,Surrey Heath,2,Male,13,Aged 40 to 44 years,3007
E07000214,Surrey Heath,2,Male,14,Aged 45 to 49 years,3201
E07000214,Surrey Heath,2,Male,15,Aged 50 to 54 years,3470
E07000214,Surrey Heath,2,Male,16,Aged 55 to 59 years,3358
E07000214,Surrey Heath,2,Male,17,Aged 60 to 64 years,2693
E07000214,Surrey Heath,2,Male,18,Aged 65 years,461
E07000214,Surrey Heath,2,Male,19,Aged 66 to 69 years,1692
E07000214,Surrey Heath,2,Male,20,Aged 70 to 74 years,2150
E07000214,Surrey Heath,2,Male,21,Aged 75 to 79 years,1665
E07000214,Surrey Heath,2,Male,22,Aged 80 to 84 years,1130
E07000214,Surrey Heath,2,Male,23,Aged 85 years and over,994
E07000215,Tandridge,1,Female,1,Aged 2 years and under,1410
E07000215,Tandridge,1,Female,2,Aged 3 to 4 years,997
E07000215,Tandridge,1,Female,3,Aged 5 to 7 years,1478
E07000215,Tandridge,1,Female,4,Aged 8 to 9 years,1080
E07000215,Tandridge,1,Female,5,Aged 10 to 14 years,2929
E07000215,Tandridge,1,Female,6,Aged 15 years,572
E07000215,Tandridge,1,Female,7,Aged 16 to 17 years,1150
E07000215,Tandridge,1,Female,8,Aged 18 to 19 years,688
E07000215,Tandridge,1,Female,9,Aged 20 to 24 years,1893
E07000215,Tandridge,1,Female,10,Aged 25 to 29 years,2116
E07000215,Tandridge,1,Female,11,Aged 30 to 34 years,2607
E07000215,Tandridge,1,Female,12,Aged 35 to 39 years,2972
E07000215,Tandridge,1,Female,13,Aged 40 to 44 years,2990
E07000215,Tandridge,1,Female,14,Aged 45 to 49 years,3072
E07000215,Tandridge,1,Female,15,Aged 50 to 54 years,3455
E07000215,Tandridge,1,Female,16,Aged 55 to 59 years,3265
E07000215,Tandridge,1,Female,17,Aged 60 to 64 years,2811
E07000215,Tandridge,1,Female,18,Aged 65 years,485
E07000215,Tandridge,1,Female,19,Aged 66 to 69 years,1922
E07000215,Tandridge,1,Female,20,Aged 70 to 74 years,2496
E07000215,Tandridge,1,Female,21,Aged 75 to 79 years,2000
E07000215,Tandridge,1,Female,22,Aged 80 to 84 years,1432
E07000215,Tandridge,1,Female,23,Aged 85 years and over,1722
E07000215,Tandridge,2,Male,1,Aged 2 years and under,1509
E07000215,Tandridge,2,Male,2,Aged 3 to 4 years,1060
E07000215,Tandridge,2,Male,3,Aged 5 to 7 years,1590
E07000215,Tandridge,2,Male,4,Aged 8 to 9 years,1138
E07000215,Tandridge,2,Male,5,Aged 10 to 14 years,2755
E07000215,Tandridge,2,Male,6,Aged 15 years,530
E07000215,Tandridge,2,Male,7,Aged 16 to 17 years,1101
E07000215,Tandridge,2,Male,8,Aged 18 to 19 years,804
E07000215,Tandridge,2,Male,9,Aged 20 to 24 years,2056
E07000215,Tandridge,2,Male,10,Aged 25 to 29 years,1962
E07000215,Tandridge,2,Male,11,Aged 30 to 34 years,2312
E07000215,Tandridge,2,Male,12,Aged 35 to 39 years,2612
E07000215,Tandridge,2,Male,13,Aged 40 to 44 years,2662
E07000215,Tandridge,2,Male,14,Aged 45 to 49 years,2887
E07000215,Tandridge,2,Male,15,Aged 50 to 54 years,3146
E07000215,Tandridge,2,Male,16,Aged 55 to 59 years,3235
E07000215,Tandridge,2,Male,17,Aged 60 to 64 years,2691
E07000215,Tandridge,2,Male,18,Aged 65 years,458
E07000215,Tandridge,2,Male,19,Aged 66 to 69 years,1751
E07000215,Tandridge,2,Male,20,Aged 70 to 74 years,2255
E07000215,Tandridge,2,Male,21,Aged 75 to 79 years,1630
E07000215,Tandridge,2,Male,22,Aged 80 to 84 years,1130
E07000215,Tandridge,2,Male,23,Aged 85 years and over,1058
E07000216,Waverley,1,Female,1,Aged 2 years and under,1779
E07000216,Waverley,1,Female,2,Aged 3 to 4 years,1344
E07000216,Waverley,1,Female,3,Aged 5 to 7 years,2189
E07000216,Waverley,1,Female,4,Aged 8 to 9 years,1637
E07000216,Waverley,1,Female,5,Aged 10 to 14 years,4174
E07000216,Waverley,1,Female,6,Aged 15 years,780
E07000216,Waverley,1,Female,7,Aged 16 to 17 years,1894
E07000216,Waverley,1,Female,8,Aged 18 to 19 years,1156
E07000216,Waverley,1,Female,9,Aged 20 to 24 years,2784
E07000216,Waverley,1,Female,10,Aged 25 to 29 years,2670
E07000216,Waverley,1,Female,11,Aged 30 to 34 years,3438
E07000216,Waverley,1,Female,12,Aged 35 to 39 years,3893
E07000216,Waverley,1,Female,13,Aged 40 to 44 years,4452
E07000216,Waverley,1,Female,14,Aged 45 to 49 years,4915
E07000216,Waverley,1,Female,15,Aged 50 to 54 years,4876
E07000216,Waverley,1,Female,16,Aged 55 to 59 years,4625
E07000216,Waverley,1,Female,17,Aged 60 to 64 years,3958
E07000216,Waverley,1,Female,18,Aged 65 years,684
E07000216,Waverley,1,Female,19,Aged 66 to 69 years,2688
E07000216,Waverley,1,Female,20,Aged 70 to 74 years,3783
E07000216,Waverley,1,Female,21,Aged 75 to 79 years,3089
E07000216,Waverley,1,Female,22,Aged 80 to 84 years,2240
E07000216,Waverley,1,Female,23,Aged 85 years and over,2981
E07000216,Waverley,2,Male,1,Aged 2 years and under,1868
E07000216,Waverley,2,Male,2,Aged 3 to 4 years,1475
E07000216,Waverley,2,Male,3,Aged 5 to 7 years,2303
E07000216,Waverley,2,Male,4,Aged 8 to 9 years,1700
E07000216,Waverley,2,Male,5,Aged 10 to 14 years,4428
E07000216,Waverley,2,Male,6,Aged 15 years,917
E07000216,Waverley,2,Male,7,Aged 16 to 17 years,1865
E07000216,Waverley,2,Male,8,Aged 18 to 19 years,1344
E07000216,Waverley,2,Male,9,Aged 20 to 24 years,2840
E07000216,Waverley,2,Male,10,Aged 25 to 29 years,2714
E07000216,Waverley,2,Male,11,Aged 30 to 34 years,2943
E07000216,Waverley,2,Male,12,Aged 35 to 39 years,3584
E07000216,Waverley,2,Male,13,Aged 40 to 44 years,4003
E07000216,Waverley,2,Male,14,Aged 45 to 49 years,4647
E07000216,Waverley,2,Male,15,Aged 50 to 54 years,4792
E07000216,Waverley,2,Male,16,Aged 55 to 59 years,4442
E07000216,Waverley,2,Male,17,Aged 60 to 64 years,3792
E07000216,Waverley,2,Male,18,Aged 65 years,648
E07000216,Waverley,2,Male,19,Aged 66 to 69 years,2531
E07000216,Waverley,2,Male,20,Aged 70 to 74 years,3298
E07000216,Waverley,2,Male,21,Aged 75 to 79 years,2612
E07000216,Waverley,2,Male,22,Aged 80 to 84 years,1755
E07000216,Waverley,2,Male,23,Aged 85 years and over,1697
E07000217,Woking,1,Female,1,Aged 2 years and under,1787
E07000217,Woking,1,Female,2,Aged 3 to 4 years,1201
E07000217,Woking,1,Female,3,Aged 5 to 7 years,1918
E07000217,Woking,1,Female,4,Aged 8 to 9 years,1346
E07000217,Woking,1,Female,5,Aged 10 to 14 years,3279
E07000217,Woking,1,Female,6,Aged 15 years,555
E07000217,Woking,1,Female,7,Aged 16 to 17 years,1197
E07000217,Woking,1,Female,8,Aged 18 to 19 years,788
E07000217,Woking,1,Female,9,Aged 20 to 24 years,2345
E07000217,Woking,1,Female,10,Aged 25 to 29 years,3181
E07000217,Woking,1,Female,11,Aged 30 to 34 years,3756
E07000217,Woking,1,Female,12,Aged 35 to 39 years,4075
E07000217,Woking,1,Female,13,Aged 40 to 44 years,4121
E07000217,Woking,1,Female,14,Aged 45 to 49 years,3781
E07000217,Woking,1,Female,15,Aged 50 to 54 years,3538
E07000217,Woking,1,Female,16,Aged 55 to 59 years,3398
E07000217,Woking,1,Female,17,Aged 60 to 64 years,2730
E07000217,Woking,1,Female,18,Aged 65 years,472
E07000217,Woking,1,Female,19,Aged 66 to 69 years,1761
E07000217,Woking,1,Female,20,Aged 70 to 74 years,2336
E07000217,Woking,1,Female,21,Aged 75 to 79 years,1749
E07000217,Woking,1,Female,22,Aged 80 to 84 years,1333
E07000217,Woking,1,Female,23,Aged 85 years and over,1658
E07000217,Woking,2,Male,1,Aged 2 years and under,1895
E07000217,Woking,2,Male,2,Aged 3 to 4 years,1332
E07000217,Woking,2,Male,3,Aged 5 to 7 years,2040
E07000217,Woking,2,Male,4,Aged 8 to 9 years,1442
E07000217,Woking,2,Male,5,Aged 10 to 14 years,3508
E07000217,Woking,2,Male,6,Aged 15 years,659
E07000217,Woking,2,Male,7,Aged 16 to 17 years,1188
E07000217,Woking,2,Male,8,Aged 18 to 19 years,927
E07000217,Woking,2,Male,9,Aged 20 to 24 years,2544
E07000217,Woking,2,Male,10,Aged 25 to 29 years,3214
E07000217,Woking,2,Male,11,Aged 30 to 34 years,3570
E07000217,Woking,2,Male,12,Aged 35 to 39 years,3808
E07000217,Woking,2,Male,13,Aged 40 to 44 years,4058
E07000217,Woking,2,Male,14,Aged 45 to 49 years,3867
E07000217,Woking,2,Male,15,Aged 50 to 54 years,3604
E07000217,Woking,2,Male,16,Aged 55 to 59 years,3335
E07000217,Woking,2,Male,17,Aged 60 to 64 years,2747
E07000217,Woking,2,Male,18,Aged 65 years,459
E07000217,Woking,2,Male,19,Aged 66 to 69 years,1792
E07000217,Woking,2,Male,20,Aged 70 to 74 years,2116
E07000217,Woking,2,Male,21,Aged 75 to 79 years,1484
E07000217,Woking,2,Male,22,Aged 80 to 84 years,1021
E07000217,Woking,2,Male,23,Aged 85 years and over,1027
E07000218,North Warwickshire,1,Female,1,Aged 2 years and under,933
E07000218,North Warwickshire,1,Female,2,Aged 3 to 4 years,661
E07000218,North Warwickshire,1,Female,3,Aged 5 to 7 years,1044
E07000218,North Warwickshire,1,Female,4,Aged 8 to 9 years,761
E07000218,North Warwickshire,1,Female,5,Aged 10 to 14 years,1825
E07000218,North Warwickshire,1,Female,6,Aged 15 years,339
E07000218,North Warwickshire,1,Female,7,Aged 16 to 17 years,649
E07000218,North Warwickshire,1,Female,8,Aged 18 to 19 years,544
E07000218,North Warwickshire,1,Female,9,Aged 20 to 24 years,1513
E07000218,North Warwickshire,1,Female,10,Aged 25 to 29 years,1875
E07000218,North Warwickshire,1,Female,11,Aged 30 to 34 years,2079
E07000218,North Warwickshire,1,Female,12,Aged 35 to 39 years,1943
E07000218,North Warwickshire,1,Female,13,Aged 40 to 44 years,1862
E07000218,North Warwickshire,1,Female,14,Aged 45 to 49 years,2137
E07000218,North Warwickshire,1,Female,15,Aged 50 to 54 years,2591
E07000218,North Warwickshire,1,Female,16,Aged 55 to 59 years,2531
E07000218,North Warwickshire,1,Female,17,Aged 60 to 64 years,2232
E07000218,North Warwickshire,1,Female,18,Aged 65 years,383
E07000218,North Warwickshire,1,Female,19,Aged 66 to 69 years,1516
E07000218,North Warwickshire,1,Female,20,Aged 70 to 74 years,2047
E07000218,North Warwickshire,1,Female,21,Aged 75 to 79 years,1524
E07000218,North Warwickshire,1,Female,22,Aged 80 to 84 years,1051
E07000218,North Warwickshire,1,Female,23,Aged 85 years and over,1081
E07000218,North Warwickshire,2,Male,1,Aged 2 years and under,937
E07000218,North Warwickshire,2,Male,2,Aged 3 to 4 years,673
E07000218,North Warwickshire,2,Male,3,Aged 5 to 7 years,1064
E07000218,North Warwickshire,2,Male,4,Aged 8 to 9 years,768
E07000218,North Warwickshire,2,Male,5,Aged 10 to 14 years,1806
E07000218,North Warwickshire,2,Male,6,Aged 15 years,325
E07000218,North Warwickshire,2,Male,7,Aged 16 to 17 years,746
E07000218,North Warwickshire,2,Male,8,Aged 18 to 19 years,621
E07000218,North Warwickshire,2,Male,9,Aged 20 to 24 years,1622
E07000218,North Warwickshire,2,Male,10,Aged 25 to 29 years,1851
E07000218,North Warwickshire,2,Male,11,Aged 30 to 34 years,1987
E07000218,North Warwickshire,2,Male,12,Aged 35 to 39 years,1857
E07000218,North Warwickshire,2,Male,13,Aged 40 to 44 years,1692
E07000218,North Warwickshire,2,Male,14,Aged 45 to 49 years,2066
E07000218,North Warwickshire,2,Male,15,Aged 50 to 54 years,2511
E07000218,North Warwickshire,2,Male,16,Aged 55 to 59 years,2533
E07000218,North Warwickshire,2,Male,17,Aged 60 to 64 years,2187
E07000218,North Warwickshire,2,Male,18,Aged 65 years,394
E07000218,North Warwickshire,2,Male,19,Aged 66 to 69 years,1447
E07000218,North Warwickshire,2,Male,20,Aged 70 to 74 years,1912
E07000218,North Warwickshire,2,Male,21,Aged 75 to 79 years,1424
E07000218,North Warwickshire,2,Male,22,Aged 80 to 84 years,862
E07000218,North Warwickshire,2,Male,23,Aged 85 years and over,631
E07000219,Nuneaton and Bedworth,1,Female,1,Aged 2 years and under,2241
E07000219,Nuneaton and Bedworth,1,Female,2,Aged 3 to 4 years,1522
E07000219,Nuneaton and Bedworth,1,Female,3,Aged 5 to 7 years,2352
E07000219,Nuneaton and Bedworth,1,Female,4,Aged 8 to 9 years,1634
E07000219,Nuneaton and Bedworth,1,Female,5,Aged 10 to 14 years,3999
E07000219,Nuneaton and Bedworth,1,Female,6,Aged 15 years,747
E07000219,Nuneaton and Bedworth,1,Female,7,Aged 16 to 17 years,1507
E07000219,Nuneaton and Bedworth,1,Female,8,Aged 18 to 19 years,1200
E07000219,Nuneaton and Bedworth,1,Female,9,Aged 20 to 24 years,3532
E07000219,Nuneaton and Bedworth,1,Female,10,Aged 25 to 29 years,4489
E07000219,Nuneaton and Bedworth,1,Female,11,Aged 30 to 34 years,5024
E07000219,Nuneaton and Bedworth,1,Female,12,Aged 35 to 39 years,4488
E07000219,Nuneaton and Bedworth,1,Female,13,Aged 40 to 44 years,4135
E07000219,Nuneaton and Bedworth,1,Female,14,Aged 45 to 49 years,4158
E07000219,Nuneaton and Bedworth,1,Female,15,Aged 50 to 54 years,4850
E07000219,Nuneaton and Bedworth,1,Female,16,Aged 55 to 59 years,4625
E07000219,Nuneaton and Bedworth,1,Female,17,Aged 60 to 64 years,3973
E07000219,Nuneaton and Bedworth,1,Female,18,Aged 65 years,715
E07000219,Nuneaton and Bedworth,1,Female,19,Aged 66 to 69 years,2754
E07000219,Nuneaton and Bedworth,1,Female,20,Aged 70 to 74 years,3648
E07000219,Nuneaton and Bedworth,1,Female,21,Aged 75 to 79 years,2812
E07000219,Nuneaton and Bedworth,1,Female,22,Aged 80 to 84 years,1988
E07000219,Nuneaton and Bedworth,1,Female,23,Aged 85 years and over,1893
E07000219,Nuneaton and Bedworth,2,Male,1,Aged 2 years and under,2356
E07000219,Nuneaton and Bedworth,2,Male,2,Aged 3 to 4 years,1634
E07000219,Nuneaton and Bedworth,2,Male,3,Aged 5 to 7 years,2475
E07000219,Nuneaton and Bedworth,2,Male,4,Aged 8 to 9 years,1704
E07000219,Nuneaton and Bedworth,2,Male,5,Aged 10 to 14 years,4175
E07000219,Nuneaton and Bedworth,2,Male,6,Aged 15 years,771
E07000219,Nuneaton and Bedworth,2,Male,7,Aged 16 to 17 years,1468
E07000219,Nuneaton and Bedworth,2,Male,8,Aged 18 to 19 years,1245
E07000219,Nuneaton and Bedworth,2,Male,9,Aged 20 to 24 years,3539
E07000219,Nuneaton and Bedworth,2,Male,10,Aged 25 to 29 years,4248
E07000219,Nuneaton and Bedworth,2,Male,11,Aged 30 to 34 years,4694
E07000219,Nuneaton and Bedworth,2,Male,12,Aged 35 to 39 years,4365
E07000219,Nuneaton and Bedworth,2,Male,13,Aged 40 to 44 years,3976
E07000219,Nuneaton and Bedworth,2,Male,14,Aged 45 to 49 years,4263
E07000219,Nuneaton and Bedworth,2,Male,15,Aged 50 to 54 years,4704
E07000219,Nuneaton and Bedworth,2,Male,16,Aged 55 to 59 years,4585
E07000219,Nuneaton and Bedworth,2,Male,17,Aged 60 to 64 years,3922
E07000219,Nuneaton and Bedworth,2,Male,18,Aged 65 years,697
E07000219,Nuneaton and Bedworth,2,Male,19,Aged 66 to 69 years,2702
E07000219,Nuneaton and Bedworth,2,Male,20,Aged 70 to 74 years,3316
E07000219,Nuneaton and Bedworth,2,Male,21,Aged 75 to 79 years,2492
E07000219,Nuneaton and Bedworth,2,Male,22,Aged 80 to 84 years,1498
E07000219,Nuneaton and Bedworth,2,Male,23,Aged 85 years and over,1083
E07000220,Rugby,1,Female,1,Aged 2 years and under,1780
E07000220,Rugby,1,Female,2,Aged 3 to 4 years,1328
E07000220,Rugby,1,Female,3,Aged 5 to 7 years,2099
E07000220,Rugby,1,Female,4,Aged 8 to 9 years,1440
E07000220,Rugby,1,Female,5,Aged 10 to 14 years,3534
E07000220,Rugby,1,Female,6,Aged 15 years,678
E07000220,Rugby,1,Female,7,Aged 16 to 17 years,1312
E07000220,Rugby,1,Female,8,Aged 18 to 19 years,882
E07000220,Rugby,1,Female,9,Aged 20 to 24 years,2678
E07000220,Rugby,1,Female,10,Aged 25 to 29 years,3590
E07000220,Rugby,1,Female,11,Aged 30 to 34 years,4194
E07000220,Rugby,1,Female,12,Aged 35 to 39 years,4204
E07000220,Rugby,1,Female,13,Aged 40 to 44 years,3853
E07000220,Rugby,1,Female,14,Aged 45 to 49 years,3818
E07000220,Rugby,1,Female,15,Aged 50 to 54 years,3983
E07000220,Rugby,1,Female,16,Aged 55 to 59 years,3797
E07000220,Rugby,1,Female,17,Aged 60 to 64 years,3066
E07000220,Rugby,1,Female,18,Aged 65 years,526
E07000220,Rugby,1,Female,19,Aged 66 to 69 years,2095
E07000220,Rugby,1,Female,20,Aged 70 to 74 years,2843
E07000220,Rugby,1,Female,21,Aged 75 to 79 years,2395
E07000220,Rugby,1,Female,22,Aged 80 to 84 years,1638
E07000220,Rugby,1,Female,23,Aged 85 years and over,1678
E07000220,Rugby,2,Male,1,Aged 2 years and under,1926
E07000220,Rugby,2,Male,2,Aged 3 to 4 years,1334
E07000220,Rugby,2,Male,3,Aged 5 to 7 years,2096
E07000220,Rugby,2,Male,4,Aged 8 to 9 years,1477
E07000220,Rugby,2,Male,5,Aged 10 to 14 years,3692
E07000220,Rugby,2,Male,6,Aged 15 years,793
E07000220,Rugby,2,Male,7,Aged 16 to 17 years,1476
E07000220,Rugby,2,Male,8,Aged 18 to 19 years,1063
E07000220,Rugby,2,Male,9,Aged 20 to 24 years,2892
E07000220,Rugby,2,Male,10,Aged 25 to 29 years,3651
E07000220,Rugby,2,Male,11,Aged 30 to 34 years,4159
E07000220,Rugby,2,Male,12,Aged 35 to 39 years,3996
E07000220,Rugby,2,Male,13,Aged 40 to 44 years,3797
E07000220,Rugby,2,Male,14,Aged 45 to 49 years,3848
E07000220,Rugby,2,Male,15,Aged 50 to 54 years,4084
E07000220,Rugby,2,Male,16,Aged 55 to 59 years,3885
E07000220,Rugby,2,Male,17,Aged 60 to 64 years,3150
E07000220,Rugby,2,Male,18,Aged 65 years,524
E07000220,Rugby,2,Male,19,Aged 66 to 69 years,1957
E07000220,Rugby,2,Male,20,Aged 70 to 74 years,2590
E07000220,Rugby,2,Male,21,Aged 75 to 79 years,2075
E07000220,Rugby,2,Male,22,Aged 80 to 84 years,1401
E07000220,Rugby,2,Male,23,Aged 85 years and over,1084
E07000221,Stratford-on-Avon,1,Female,1,Aged 2 years and under,1730
E07000221,Stratford-on-Avon,1,Female,2,Aged 3 to 4 years,1320
E07000221,Stratford-on-Avon,1,Female,3,Aged 5 to 7 years,2006
E07000221,Stratford-on-Avon,1,Female,4,Aged 8 to 9 years,1428
E07000221,Stratford-on-Avon,1,Female,5,Aged 10 to 14 years,3648
E07000221,Stratford-on-Avon,1,Female,6,Aged 15 years,729
E07000221,Stratford-on-Avon,1,Female,7,Aged 16 to 17 years,1430
E07000221,Stratford-on-Avon,1,Female,8,Aged 18 to 19 years,968
E07000221,Stratford-on-Avon,1,Female,9,Aged 20 to 24 years,2565
E07000221,Stratford-on-Avon,1,Female,10,Aged 25 to 29 years,3454
E07000221,Stratford-on-Avon,1,Female,11,Aged 30 to 34 years,3810
E07000221,Stratford-on-Avon,1,Female,12,Aged 35 to 39 years,3839
E07000221,Stratford-on-Avon,1,Female,13,Aged 40 to 44 years,3950
E07000221,Stratford-on-Avon,1,Female,14,Aged 45 to 49 years,4626
E07000221,Stratford-on-Avon,1,Female,15,Aged 50 to 54 years,5360
E07000221,Stratford-on-Avon,1,Female,16,Aged 55 to 59 years,5469
E07000221,Stratford-on-Avon,1,Female,17,Aged 60 to 64 years,4781
E07000221,Stratford-on-Avon,1,Female,18,Aged 65 years,827
E07000221,Stratford-on-Avon,1,Female,19,Aged 66 to 69 years,3365
E07000221,Stratford-on-Avon,1,Female,20,Aged 70 to 74 years,4708
E07000221,Stratford-on-Avon,1,Female,21,Aged 75 to 79 years,3841
E07000221,Stratford-on-Avon,1,Female,22,Aged 80 to 84 years,2603
E07000221,Stratford-on-Avon,1,Female,23,Aged 85 years and over,2898
E07000221,Stratford-on-Avon,2,Male,1,Aged 2 years and under,1857
E07000221,Stratford-on-Avon,2,Male,2,Aged 3 to 4 years,1338
E07000221,Stratford-on-Avon,2,Male,3,Aged 5 to 7 years,2072
E07000221,Stratford-on-Avon,2,Male,4,Aged 8 to 9 years,1438
E07000221,Stratford-on-Avon,2,Male,5,Aged 10 to 14 years,3850
E07000221,Stratford-on-Avon,2,Male,6,Aged 15 years,670
E07000221,Stratford-on-Avon,2,Male,7,Aged 16 to 17 years,1454
E07000221,Stratford-on-Avon,2,Male,8,Aged 18 to 19 years,1120
E07000221,Stratford-on-Avon,2,Male,9,Aged 20 to 24 years,2838
E07000221,Stratford-on-Avon,2,Male,10,Aged 25 to 29 years,3242
E07000221,Stratford-on-Avon,2,Male,11,Aged 30 to 34 years,3660
E07000221,Stratford-on-Avon,2,Male,12,Aged 35 to 39 years,3519
E07000221,Stratford-on-Avon,2,Male,13,Aged 40 to 44 years,3751
E07000221,Stratford-on-Avon,2,Male,14,Aged 45 to 49 years,4204
E07000221,Stratford-on-Avon,2,Male,15,Aged 50 to 54 years,4944
E07000221,Stratford-on-Avon,2,Male,16,Aged 55 to 59 years,5176
E07000221,Stratford-on-Avon,2,Male,17,Aged 60 to 64 years,4567
E07000221,Stratford-on-Avon,2,Male,18,Aged 65 years,813
E07000221,Stratford-on-Avon,2,Male,19,Aged 66 to 69 years,3251
E07000221,Stratford-on-Avon,2,Male,20,Aged 70 to 74 years,4262
E07000221,Stratford-on-Avon,2,Male,21,Aged 75 to 79 years,3405
E07000221,Stratford-on-Avon,2,Male,22,Aged 80 to 84 years,2190
E07000221,Stratford-on-Avon,2,Male,23,Aged 85 years and over,1755
E07000222,Warwick,1,Female,1,Aged 2 years and under,2081
E07000222,Warwick,1,Female,2,Aged 3 to 4 years,1468
E07000222,Warwick,1,Female,3,Aged 5 to 7 years,2366
E07000222,Warwick,1,Female,4,Aged 8 to 9 years,1644
E07000222,Warwick,1,Female,5,Aged 10 to 14 years,3984
E07000222,Warwick,1,Female,6,Aged 15 years,756
E07000222,Warwick,1,Female,7,Aged 16 to 17 years,1453
E07000222,Warwick,1,Female,8,Aged 18 to 19 years,2210
E07000222,Warwick,1,Female,9,Aged 20 to 24 years,5074
E07000222,Warwick,1,Female,10,Aged 25 to 29 years,4550
E07000222,Warwick,1,Female,11,Aged 30 to 34 years,5226
E07000222,Warwick,1,Female,12,Aged 35 to 39 years,5000
E07000222,Warwick,1,Female,13,Aged 40 to 44 years,4775
E07000222,Warwick,1,Female,14,Aged 45 to 49 years,4744
E07000222,Warwick,1,Female,15,Aged 50 to 54 years,5031
E07000222,Warwick,1,Female,16,Aged 55 to 59 years,4921
E07000222,Warwick,1,Female,17,Aged 60 to 64 years,4048
E07000222,Warwick,1,Female,18,Aged 65 years,736
E07000222,Warwick,1,Female,19,Aged 66 to 69 years,2955
E07000222,Warwick,1,Female,20,Aged 70 to 74 years,3764
E07000222,Warwick,1,Female,21,Aged 75 to 79 years,3077
E07000222,Warwick,1,Female,22,Aged 80 to 84 years,2214
E07000222,Warwick,1,Female,23,Aged 85 years and over,2529
E07000222,Warwick,2,Male,1,Aged 2 years and under,2328
E07000222,Warwick,2,Male,2,Aged 3 to 4 years,1561
E07000222,Warwick,2,Male,3,Aged 5 to 7 years,2416
E07000222,Warwick,2,Male,4,Aged 8 to 9 years,1733
E07000222,Warwick,2,Male,5,Aged 10 to 14 years,4114
E07000222,Warwick,2,Male,6,Aged 15 years,750
E07000222,Warwick,2,Male,7,Aged 16 to 17 years,1634
E07000222,Warwick,2,Male,8,Aged 18 to 19 years,2435
E07000222,Warwick,2,Male,9,Aged 20 to 24 years,5666
E07000222,Warwick,2,Male,10,Aged 25 to 29 years,4999
E07000222,Warwick,2,Male,11,Aged 30 to 34 years,5308
E07000222,Warwick,2,Male,12,Aged 35 to 39 years,4947
E07000222,Warwick,2,Male,13,Aged 40 to 44 years,4732
E07000222,Warwick,2,Male,14,Aged 45 to 49 years,4776
E07000222,Warwick,2,Male,15,Aged 50 to 54 years,4992
E07000222,Warwick,2,Male,16,Aged 55 to 59 years,4784
E07000222,Warwick,2,Male,17,Aged 60 to 64 years,3925
E07000222,Warwick,2,Male,18,Aged 65 years,710
E07000222,Warwick,2,Male,19,Aged 66 to 69 years,2659
E07000222,Warwick,2,Male,20,Aged 70 to 74 years,3481
E07000222,Warwick,2,Male,21,Aged 75 to 79 years,2660
E07000222,Warwick,2,Male,22,Aged 80 to 84 years,1762
E07000222,Warwick,2,Male,23,Aged 85 years and over,1478
E07000223,Adur,1,Female,1,Aged 2 years and under,914
E07000223,Adur,1,Female,2,Aged 3 to 4 years,680
E07000223,Adur,1,Female,3,Aged 5 to 7 years,1088
E07000223,Adur,1,Female,4,Aged 8 to 9 years,784
E07000223,Adur,1,Female,5,Aged 10 to 14 years,1804
E07000223,Adur,1,Female,6,Aged 15 years,322
E07000223,Adur,1,Female,7,Aged 16 to 17 years,666
E07000223,Adur,1,Female,8,Aged 18 to 19 years,504
E07000223,Adur,1,Female,9,Aged 20 to 24 years,1247
E07000223,Adur,1,Female,10,Aged 25 to 29 years,1619
E07000223,Adur,1,Female,11,Aged 30 to 34 years,1934
E07000223,Adur,1,Female,12,Aged 35 to 39 years,2071
E07000223,Adur,1,Female,13,Aged 40 to 44 years,2148
E07000223,Adur,1,Female,14,Aged 45 to 49 years,2298
E07000223,Adur,1,Female,15,Aged 50 to 54 years,2393
E07000223,Adur,1,Female,16,Aged 55 to 59 years,2247
E07000223,Adur,1,Female,17,Aged 60 to 64 years,2055
E07000223,Adur,1,Female,18,Aged 65 years,371
E07000223,Adur,1,Female,19,Aged 66 to 69 years,1529
E07000223,Adur,1,Female,20,Aged 70 to 74 years,2255
E07000223,Adur,1,Female,21,Aged 75 to 79 years,1684
E07000223,Adur,1,Female,22,Aged 80 to 84 years,1319
E07000223,Adur,1,Female,23,Aged 85 years and over,1396
E07000223,Adur,2,Male,1,Aged 2 years and under,906
E07000223,Adur,2,Male,2,Aged 3 to 4 years,692
E07000223,Adur,2,Male,3,Aged 5 to 7 years,1166
E07000223,Adur,2,Male,4,Aged 8 to 9 years,871
E07000223,Adur,2,Male,5,Aged 10 to 14 years,2006
E07000223,Adur,2,Male,6,Aged 15 years,358
E07000223,Adur,2,Male,7,Aged 16 to 17 years,749
E07000223,Adur,2,Male,8,Aged 18 to 19 years,597
E07000223,Adur,2,Male,9,Aged 20 to 24 years,1422
E07000223,Adur,2,Male,10,Aged 25 to 29 years,1533
E07000223,Adur,2,Male,11,Aged 30 to 34 years,1732
E07000223,Adur,2,Male,12,Aged 35 to 39 years,1868
E07000223,Adur,2,Male,13,Aged 40 to 44 years,1983
E07000223,Adur,2,Male,14,Aged 45 to 49 years,2198
E07000223,Adur,2,Male,15,Aged 50 to 54 years,2266
E07000223,Adur,2,Male,16,Aged 55 to 59 years,2280
E07000223,Adur,2,Male,17,Aged 60 to 64 years,1905
E07000223,Adur,2,Male,18,Aged 65 years,343
E07000223,Adur,2,Male,19,Aged 66 to 69 years,1351
E07000223,Adur,2,Male,20,Aged 70 to 74 years,1768
E07000223,Adur,2,Male,21,Aged 75 to 79 years,1437
E07000223,Adur,2,Male,22,Aged 80 to 84 years,977
E07000223,Adur,2,Male,23,Aged 85 years and over,806
E07000224,Arun,1,Female,1,Aged 2 years and under,2117
E07000224,Arun,1,Female,2,Aged 3 to 4 years,1457
E07000224,Arun,1,Female,3,Aged 5 to 7 years,2349
E07000224,Arun,1,Female,4,Aged 8 to 9 years,1681
E07000224,Arun,1,Female,5,Aged 10 to 14 years,3961
E07000224,Arun,1,Female,6,Aged 15 years,729
E07000224,Arun,1,Female,7,Aged 16 to 17 years,1491
E07000224,Arun,1,Female,8,Aged 18 to 19 years,1442
E07000224,Arun,1,Female,9,Aged 20 to 24 years,3695
E07000224,Arun,1,Female,10,Aged 25 to 29 years,4212
E07000224,Arun,1,Female,11,Aged 30 to 34 years,4744
E07000224,Arun,1,Female,12,Aged 35 to 39 years,4471
E07000224,Arun,1,Female,13,Aged 40 to 44 years,4443
E07000224,Arun,1,Female,14,Aged 45 to 49 years,4927
E07000224,Arun,1,Female,15,Aged 50 to 54 years,5812
E07000224,Arun,1,Female,16,Aged 55 to 59 years,6208
E07000224,Arun,1,Female,17,Aged 60 to 64 years,5843
E07000224,Arun,1,Female,18,Aged 65 years,1102
E07000224,Arun,1,Female,19,Aged 66 to 69 years,4576
E07000224,Arun,1,Female,20,Aged 70 to 74 years,6741
E07000224,Arun,1,Female,21,Aged 75 to 79 years,5185
E07000224,Arun,1,Female,22,Aged 80 to 84 years,3804
E07000224,Arun,1,Female,23,Aged 85 years and over,4442
E07000224,Arun,2,Male,1,Aged 2 years and under,2106
E07000224,Arun,2,Male,2,Aged 3 to 4 years,1574
E07000224,Arun,2,Male,3,Aged 5 to 7 years,2414
E07000224,Arun,2,Male,4,Aged 8 to 9 years,1788
E07000224,Arun,2,Male,5,Aged 10 to 14 years,4328
E07000224,Arun,2,Male,6,Aged 15 years,831
E07000224,Arun,2,Male,7,Aged 16 to 17 years,1712
E07000224,Arun,2,Male,8,Aged 18 to 19 years,1451
E07000224,Arun,2,Male,9,Aged 20 to 24 years,3715
E07000224,Arun,2,Male,10,Aged 25 to 29 years,4211
E07000224,Arun,2,Male,11,Aged 30 to 34 years,4569
E07000224,Arun,2,Male,12,Aged 35 to 39 years,4477
E07000224,Arun,2,Male,13,Aged 40 to 44 years,4217
E07000224,Arun,2,Male,14,Aged 45 to 49 years,4506
E07000224,Arun,2,Male,15,Aged 50 to 54 years,5627
E07000224,Arun,2,Male,16,Aged 55 to 59 years,5740
E07000224,Arun,2,Male,17,Aged 60 to 64 years,5159
E07000224,Arun,2,Male,18,Aged 65 years,984
E07000224,Arun,2,Male,19,Aged 66 to 69 years,4021
E07000224,Arun,2,Male,20,Aged 70 to 74 years,5858
E07000224,Arun,2,Male,21,Aged 75 to 79 years,4518
E07000224,Arun,2,Male,22,Aged 80 to 84 years,3031
E07000224,Arun,2,Male,23,Aged 85 years and over,2623
E07000225,Chichester,1,Female,1,Aged 2 years and under,1534
E07000225,Chichester,1,Female,2,Aged 3 to 4 years,1093
E07000225,Chichester,1,Female,3,Aged 5 to 7 years,1757
E07000225,Chichester,1,Female,4,Aged 8 to 9 years,1217
E07000225,Chichester,1,Female,5,Aged 10 to 14 years,3268
E07000225,Chichester,1,Female,6,Aged 15 years,638
E07000225,Chichester,1,Female,7,Aged 16 to 17 years,1161
E07000225,Chichester,1,Female,8,Aged 18 to 19 years,1520
E07000225,Chichester,1,Female,9,Aged 20 to 24 years,3318
E07000225,Chichester,1,Female,10,Aged 25 to 29 years,3002
E07000225,Chichester,1,Female,11,Aged 30 to 34 years,3277
E07000225,Chichester,1,Female,12,Aged 35 to 39 years,3184
E07000225,Chichester,1,Female,13,Aged 40 to 44 years,3381
E07000225,Chichester,1,Female,14,Aged 45 to 49 years,3771
E07000225,Chichester,1,Female,15,Aged 50 to 54 years,4415
E07000225,Chichester,1,Female,16,Aged 55 to 59 years,4911
E07000225,Chichester,1,Female,17,Aged 60 to 64 years,4694
E07000225,Chichester,1,Female,18,Aged 65 years,830
E07000225,Chichester,1,Female,19,Aged 66 to 69 years,3267
E07000225,Chichester,1,Female,20,Aged 70 to 74 years,4763
E07000225,Chichester,1,Female,21,Aged 75 to 79 years,3680
E07000225,Chichester,1,Female,22,Aged 80 to 84 years,2704
E07000225,Chichester,1,Female,23,Aged 85 years and over,3169
E07000225,Chichester,2,Male,1,Aged 2 years and under,1560
E07000225,Chichester,2,Male,2,Aged 3 to 4 years,1122
E07000225,Chichester,2,Male,3,Aged 5 to 7 years,1806
E07000225,Chichester,2,Male,4,Aged 8 to 9 years,1363
E07000225,Chichester,2,Male,5,Aged 10 to 14 years,3357
E07000225,Chichester,2,Male,6,Aged 15 years,645
E07000225,Chichester,2,Male,7,Aged 16 to 17 years,1288
E07000225,Chichester,2,Male,8,Aged 18 to 19 years,1275
E07000225,Chichester,2,Male,9,Aged 20 to 24 years,3219
E07000225,Chichester,2,Male,10,Aged 25 to 29 years,3160
E07000225,Chichester,2,Male,11,Aged 30 to 34 years,3115
E07000225,Chichester,2,Male,12,Aged 35 to 39 years,3219
E07000225,Chichester,2,Male,13,Aged 40 to 44 years,3068
E07000225,Chichester,2,Male,14,Aged 45 to 49 years,3453
E07000225,Chichester,2,Male,15,Aged 50 to 54 years,4073
E07000225,Chichester,2,Male,16,Aged 55 to 59 years,4445
E07000225,Chichester,2,Male,17,Aged 60 to 64 years,4133
E07000225,Chichester,2,Male,18,Aged 65 years,808
E07000225,Chichester,2,Male,19,Aged 66 to 69 years,3077
E07000225,Chichester,2,Male,20,Aged 70 to 74 years,4013
E07000225,Chichester,2,Male,21,Aged 75 to 79 years,3249
E07000225,Chichester,2,Male,22,Aged 80 to 84 years,2147
E07000225,Chichester,2,Male,23,Aged 85 years and over,1920
E07000226,Crawley,1,Female,1,Aged 2 years and under,2197
E07000226,Crawley,1,Female,2,Aged 3 to 4 years,1497
E07000226,Crawley,1,Female,3,Aged 5 to 7 years,2291
E07000226,Crawley,1,Female,4,Aged 8 to 9 years,1546
E07000226,Crawley,1,Female,5,Aged 10 to 14 years,3783
E07000226,Crawley,1,Female,6,Aged 15 years,657
E07000226,Crawley,1,Female,7,Aged 16 to 17 years,1367
E07000226,Crawley,1,Female,8,Aged 18 to 19 years,1030
E07000226,Crawley,1,Female,9,Aged 20 to 24 years,3241
E07000226,Crawley,1,Female,10,Aged 25 to 29 years,4408
E07000226,Crawley,1,Female,11,Aged 30 to 34 years,5140
E07000226,Crawley,1,Female,12,Aged 35 to 39 years,4928
E07000226,Crawley,1,Female,13,Aged 40 to 44 years,4490
E07000226,Crawley,1,Female,14,Aged 45 to 49 years,3805
E07000226,Crawley,1,Female,15,Aged 50 to 54 years,3809
E07000226,Crawley,1,Female,16,Aged 55 to 59 years,3531
E07000226,Crawley,1,Female,17,Aged 60 to 64 years,3063
E07000226,Crawley,1,Female,18,Aged 65 years,535
E07000226,Crawley,1,Female,19,Aged 66 to 69 years,1858
E07000226,Crawley,1,Female,20,Aged 70 to 74 years,2268
E07000226,Crawley,1,Female,21,Aged 75 to 79 years,1417
E07000226,Crawley,1,Female,22,Aged 80 to 84 years,1134
E07000226,Crawley,1,Female,23,Aged 85 years and over,1497
E07000226,Crawley,2,Male,1,Aged 2 years and under,2381
E07000226,Crawley,2,Male,2,Aged 3 to 4 years,1562
E07000226,Crawley,2,Male,3,Aged 5 to 7 years,2582
E07000226,Crawley,2,Male,4,Aged 8 to 9 years,1657
E07000226,Crawley,2,Male,5,Aged 10 to 14 years,4047
E07000226,Crawley,2,Male,6,Aged 15 years,722
E07000226,Crawley,2,Male,7,Aged 16 to 17 years,1481
E07000226,Crawley,2,Male,8,Aged 18 to 19 years,1243
E07000226,Crawley,2,Male,9,Aged 20 to 24 years,3315
E07000226,Crawley,2,Male,10,Aged 25 to 29 years,4213
E07000226,Crawley,2,Male,11,Aged 30 to 34 years,4856
E07000226,Crawley,2,Male,12,Aged 35 to 39 years,4853
E07000226,Crawley,2,Male,13,Aged 40 to 44 years,4482
E07000226,Crawley,2,Male,14,Aged 45 to 49 years,4037
E07000226,Crawley,2,Male,15,Aged 50 to 54 years,3920
E07000226,Crawley,2,Male,16,Aged 55 to 59 years,3608
E07000226,Crawley,2,Male,17,Aged 60 to 64 years,2995
E07000226,Crawley,2,Male,18,Aged 65 years,537
E07000226,Crawley,2,Male,19,Aged 66 to 69 years,1701
E07000226,Crawley,2,Male,20,Aged 70 to 74 years,1940
E07000226,Crawley,2,Male,21,Aged 75 to 79 years,1242
E07000226,Crawley,2,Male,22,Aged 80 to 84 years,793
E07000226,Crawley,2,Male,23,Aged 85 years and over,832
E07000227,Horsham,1,Female,1,Aged 2 years and under,2073
E07000227,Horsham,1,Female,2,Aged 3 to 4 years,1503
E07000227,Horsham,1,Female,3,Aged 5 to 7 years,2237
E07000227,Horsham,1,Female,4,Aged 8 to 9 years,1639
E07000227,Horsham,1,Female,5,Aged 10 to 14 years,4351
E07000227,Horsham,1,Female,6,Aged 15 years,847
E07000227,Horsham,1,Female,7,Aged 16 to 17 years,1763
E07000227,Horsham,1,Female,8,Aged 18 to 19 years,1163
E07000227,Horsham,1,Female,9,Aged 20 to 24 years,2963
E07000227,Horsham,1,Female,10,Aged 25 to 29 years,3820
E07000227,Horsham,1,Female,11,Aged 30 to 34 years,4268
E07000227,Horsham,1,Female,12,Aged 35 to 39 years,4435
E07000227,Horsham,1,Female,13,Aged 40 to 44 years,4646
E07000227,Horsham,1,Female,14,Aged 45 to 49 years,4945
E07000227,Horsham,1,Female,15,Aged 50 to 54 years,5647
E07000227,Horsham,1,Female,16,Aged 55 to 59 years,5739
E07000227,Horsham,1,Female,17,Aged 60 to 64 years,4884
E07000227,Horsham,1,Female,18,Aged 65 years,893
E07000227,Horsham,1,Female,19,Aged 66 to 69 years,3421
E07000227,Horsham,1,Female,20,Aged 70 to 74 years,4659
E07000227,Horsham,1,Female,21,Aged 75 to 79 years,3643
E07000227,Horsham,1,Female,22,Aged 80 to 84 years,2554
E07000227,Horsham,1,Female,23,Aged 85 years and over,3052
E07000227,Horsham,2,Male,1,Aged 2 years and under,2157
E07000227,Horsham,2,Male,2,Aged 3 to 4 years,1635
E07000227,Horsham,2,Male,3,Aged 5 to 7 years,2425
E07000227,Horsham,2,Male,4,Aged 8 to 9 years,1712
E07000227,Horsham,2,Male,5,Aged 10 to 14 years,4644
E07000227,Horsham,2,Male,6,Aged 15 years,892
E07000227,Horsham,2,Male,7,Aged 16 to 17 years,1737
E07000227,Horsham,2,Male,8,Aged 18 to 19 years,1269
E07000227,Horsham,2,Male,9,Aged 20 to 24 years,3222
E07000227,Horsham,2,Male,10,Aged 25 to 29 years,3718
E07000227,Horsham,2,Male,11,Aged 30 to 34 years,4149
E07000227,Horsham,2,Male,12,Aged 35 to 39 years,4185
E07000227,Horsham,2,Male,13,Aged 40 to 44 years,4367
E07000227,Horsham,2,Male,14,Aged 45 to 49 years,4634
E07000227,Horsham,2,Male,15,Aged 50 to 54 years,5344
E07000227,Horsham,2,Male,16,Aged 55 to 59 years,5515
E07000227,Horsham,2,Male,17,Aged 60 to 64 years,4807
E07000227,Horsham,2,Male,18,Aged 65 years,878
E07000227,Horsham,2,Male,19,Aged 66 to 69 years,3150
E07000227,Horsham,2,Male,20,Aged 70 to 74 years,4228
E07000227,Horsham,2,Male,21,Aged 75 to 79 years,3051
E07000227,Horsham,2,Male,22,Aged 80 to 84 years,2102
E07000227,Horsham,2,Male,23,Aged 85 years and over,1812
E07000228,Mid Sussex,1,Female,1,Aged 2 years and under,2337
E07000228,Mid Sussex,1,Female,2,Aged 3 to 4 years,1767
E07000228,Mid Sussex,1,Female,3,Aged 5 to 7 years,2698
E07000228,Mid Sussex,1,Female,4,Aged 8 to 9 years,1878
E07000228,Mid Sussex,1,Female,5,Aged 10 to 14 years,4800
E07000228,Mid Sussex,1,Female,6,Aged 15 years,877
E07000228,Mid Sussex,1,Female,7,Aged 16 to 17 years,1779
E07000228,Mid Sussex,1,Female,8,Aged 18 to 19 years,1169
E07000228,Mid Sussex,1,Female,9,Aged 20 to 24 years,3030
E07000228,Mid Sussex,1,Female,10,Aged 25 to 29 years,3942
E07000228,Mid Sussex,1,Female,11,Aged 30 to 34 years,4839
E07000228,Mid Sussex,1,Female,12,Aged 35 to 39 years,5169
E07000228,Mid Sussex,1,Female,13,Aged 40 to 44 years,5385
E07000228,Mid Sussex,1,Female,14,Aged 45 to 49 years,5645
E07000228,Mid Sussex,1,Female,15,Aged 50 to 54 years,5785
E07000228,Mid Sussex,1,Female,16,Aged 55 to 59 years,5457
E07000228,Mid Sussex,1,Female,17,Aged 60 to 64 years,4555
E07000228,Mid Sussex,1,Female,18,Aged 65 years,877
E07000228,Mid Sussex,1,Female,19,Aged 66 to 69 years,3260
E07000228,Mid Sussex,1,Female,20,Aged 70 to 74 years,4404
E07000228,Mid Sussex,1,Female,21,Aged 75 to 79 years,3482
E07000228,Mid Sussex,1,Female,22,Aged 80 to 84 years,2419
E07000228,Mid Sussex,1,Female,23,Aged 85 years and over,2947
E07000228,Mid Sussex,2,Male,1,Aged 2 years and under,2399
E07000228,Mid Sussex,2,Male,2,Aged 3 to 4 years,1815
E07000228,Mid Sussex,2,Male,3,Aged 5 to 7 years,2884
E07000228,Mid Sussex,2,Male,4,Aged 8 to 9 years,1922
E07000228,Mid Sussex,2,Male,5,Aged 10 to 14 years,4944
E07000228,Mid Sussex,2,Male,6,Aged 15 years,935
E07000228,Mid Sussex,2,Male,7,Aged 16 to 17 years,1907
E07000228,Mid Sussex,2,Male,8,Aged 18 to 19 years,1347
E07000228,Mid Sussex,2,Male,9,Aged 20 to 24 years,3343
E07000228,Mid Sussex,2,Male,10,Aged 25 to 29 years,3723
E07000228,Mid Sussex,2,Male,11,Aged 30 to 34 years,4344
E07000228,Mid Sussex,2,Male,12,Aged 35 to 39 years,4746
E07000228,Mid Sussex,2,Male,13,Aged 40 to 44 years,5108
E07000228,Mid Sussex,2,Male,14,Aged 45 to 49 years,5396
E07000228,Mid Sussex,2,Male,15,Aged 50 to 54 years,5592
E07000228,Mid Sussex,2,Male,16,Aged 55 to 59 years,5242
E07000228,Mid Sussex,2,Male,17,Aged 60 to 64 years,4322
E07000228,Mid Sussex,2,Male,18,Aged 65 years,770
E07000228,Mid Sussex,2,Male,19,Aged 66 to 69 years,2967
E07000228,Mid Sussex,2,Male,20,Aged 70 to 74 years,3827
E07000228,Mid Sussex,2,Male,21,Aged 75 to 79 years,2937
E07000228,Mid Sussex,2,Male,22,Aged 80 to 84 years,1851
E07000228,Mid Sussex,2,Male,23,Aged 85 years and over,1748
E07000229,Worthing,1,Female,1,Aged 2 years and under,1569
E07000229,Worthing,1,Female,2,Aged 3 to 4 years,1079
E07000229,Worthing,1,Female,3,Aged 5 to 7 years,1776
E07000229,Worthing,1,Female,4,Aged 8 to 9 years,1232
E07000229,Worthing,1,Female,5,Aged 10 to 14 years,3045
E07000229,Worthing,1,Female,6,Aged 15 years,538
E07000229,Worthing,1,Female,7,Aged 16 to 17 years,1085
E07000229,Worthing,1,Female,8,Aged 18 to 19 years,917
E07000229,Worthing,1,Female,9,Aged 20 to 24 years,2597
E07000229,Worthing,1,Female,10,Aged 25 to 29 years,3199
E07000229,Worthing,1,Female,11,Aged 30 to 34 years,3681
E07000229,Worthing,1,Female,12,Aged 35 to 39 years,3630
E07000229,Worthing,1,Female,13,Aged 40 to 44 years,3692
E07000229,Worthing,1,Female,14,Aged 45 to 49 years,3830
E07000229,Worthing,1,Female,15,Aged 50 to 54 years,4161
E07000229,Worthing,1,Female,16,Aged 55 to 59 years,4060
E07000229,Worthing,1,Female,17,Aged 60 to 64 years,3405
E07000229,Worthing,1,Female,18,Aged 65 years,607
E07000229,Worthing,1,Female,19,Aged 66 to 69 years,2486
E07000229,Worthing,1,Female,20,Aged 70 to 74 years,3549
E07000229,Worthing,1,Female,21,Aged 75 to 79 years,2665
E07000229,Worthing,1,Female,22,Aged 80 to 84 years,2118
E07000229,Worthing,1,Female,23,Aged 85 years and over,2588
E07000229,Worthing,2,Male,1,Aged 2 years and under,1636
E07000229,Worthing,2,Male,2,Aged 3 to 4 years,1164
E07000229,Worthing,2,Male,3,Aged 5 to 7 years,1809
E07000229,Worthing,2,Male,4,Aged 8 to 9 years,1297
E07000229,Worthing,2,Male,5,Aged 10 to 14 years,3252
E07000229,Worthing,2,Male,6,Aged 15 years,586
E07000229,Worthing,2,Male,7,Aged 16 to 17 years,1307
E07000229,Worthing,2,Male,8,Aged 18 to 19 years,1006
E07000229,Worthing,2,Male,9,Aged 20 to 24 years,2598
E07000229,Worthing,2,Male,10,Aged 25 to 29 years,3037
E07000229,Worthing,2,Male,11,Aged 30 to 34 years,3437
E07000229,Worthing,2,Male,12,Aged 35 to 39 years,3388
E07000229,Worthing,2,Male,13,Aged 40 to 44 years,3440
E07000229,Worthing,2,Male,14,Aged 45 to 49 years,3761
E07000229,Worthing,2,Male,15,Aged 50 to 54 years,3990
E07000229,Worthing,2,Male,16,Aged 55 to 59 years,3860
E07000229,Worthing,2,Male,17,Aged 60 to 64 years,3324
E07000229,Worthing,2,Male,18,Aged 65 years,560
E07000229,Worthing,2,Male,19,Aged 66 to 69 years,2191
E07000229,Worthing,2,Male,20,Aged 70 to 74 years,3076
E07000229,Worthing,2,Male,21,Aged 75 to 79 years,2186
E07000229,Worthing,2,Male,22,Aged 80 to 84 years,1513
E07000229,Worthing,2,Male,23,Aged 85 years and over,1413
E07000234,Bromsgrove,1,Female,1,Aged 2 years and under,1458
E07000234,Bromsgrove,1,Female,2,Aged 3 to 4 years,1121
E07000234,Bromsgrove,1,Female,3,Aged 5 to 7 years,1647
E07000234,Bromsgrove,1,Female,4,Aged 8 to 9 years,1121
E07000234,Bromsgrove,1,Female,5,Aged 10 to 14 years,2885
E07000234,Bromsgrove,1,Female,6,Aged 15 years,548
E07000234,Bromsgrove,1,Female,7,Aged 16 to 17 years,1161
E07000234,Bromsgrove,1,Female,8,Aged 18 to 19 years,809
E07000234,Bromsgrove,1,Female,9,Aged 20 to 24 years,2010
E07000234,Bromsgrove,1,Female,10,Aged 25 to 29 years,2426
E07000234,Bromsgrove,1,Female,11,Aged 30 to 34 years,2753
E07000234,Bromsgrove,1,Female,12,Aged 35 to 39 years,3026
E07000234,Bromsgrove,1,Female,13,Aged 40 to 44 years,3165
E07000234,Bromsgrove,1,Female,14,Aged 45 to 49 years,3353
E07000234,Bromsgrove,1,Female,15,Aged 50 to 54 years,3873
E07000234,Bromsgrove,1,Female,16,Aged 55 to 59 years,3764
E07000234,Bromsgrove,1,Female,17,Aged 60 to 64 years,3207
E07000234,Bromsgrove,1,Female,18,Aged 65 years,571
E07000234,Bromsgrove,1,Female,19,Aged 66 to 69 years,2364
E07000234,Bromsgrove,1,Female,20,Aged 70 to 74 years,3018
E07000234,Bromsgrove,1,Female,21,Aged 75 to 79 years,2533
E07000234,Bromsgrove,1,Female,22,Aged 80 to 84 years,1763
E07000234,Bromsgrove,1,Female,23,Aged 85 years and over,2155
E07000234,Bromsgrove,2,Male,1,Aged 2 years and under,1477
E07000234,Bromsgrove,2,Male,2,Aged 3 to 4 years,1102
E07000234,Bromsgrove,2,Male,3,Aged 5 to 7 years,1688
E07000234,Bromsgrove,2,Male,4,Aged 8 to 9 years,1231
E07000234,Bromsgrove,2,Male,5,Aged 10 to 14 years,3217
E07000234,Bromsgrove,2,Male,6,Aged 15 years,587
E07000234,Bromsgrove,2,Male,7,Aged 16 to 17 years,1248
E07000234,Bromsgrove,2,Male,8,Aged 18 to 19 years,901
E07000234,Bromsgrove,2,Male,9,Aged 20 to 24 years,2281
E07000234,Bromsgrove,2,Male,10,Aged 25 to 29 years,2428
E07000234,Bromsgrove,2,Male,11,Aged 30 to 34 years,2722
E07000234,Bromsgrove,2,Male,12,Aged 35 to 39 years,2822
E07000234,Bromsgrove,2,Male,13,Aged 40 to 44 years,2838
E07000234,Bromsgrove,2,Male,14,Aged 45 to 49 years,3232
E07000234,Bromsgrove,2,Male,15,Aged 50 to 54 years,3640
E07000234,Bromsgrove,2,Male,16,Aged 55 to 59 years,3608
E07000234,Bromsgrove,2,Male,17,Aged 60 to 64 years,3091
E07000234,Bromsgrove,2,Male,18,Aged 65 years,550
E07000234,Bromsgrove,2,Male,19,Aged 66 to 69 years,2233
E07000234,Bromsgrove,2,Male,20,Aged 70 to 74 years,2754
E07000234,Bromsgrove,2,Male,21,Aged 75 to 79 years,2112
E07000234,Bromsgrove,2,Male,22,Aged 80 to 84 years,1469
E07000234,Bromsgrove,2,Male,23,Aged 85 years and over,1221
E07000235,Malvern Hills,1,Female,1,Aged 2 years and under,831
E07000235,Malvern Hills,1,Female,2,Aged 3 to 4 years,694
E07000235,Malvern Hills,1,Female,3,Aged 5 to 7 years,1114
E07000235,Malvern Hills,1,Female,4,Aged 8 to 9 years,836
E07000235,Malvern Hills,1,Female,5,Aged 10 to 14 years,2150
E07000235,Malvern Hills,1,Female,6,Aged 15 years,449
E07000235,Malvern Hills,1,Female,7,Aged 16 to 17 years,941
E07000235,Malvern Hills,1,Female,8,Aged 18 to 19 years,659
E07000235,Malvern Hills,1,Female,9,Aged 20 to 24 years,1542
E07000235,Malvern Hills,1,Female,10,Aged 25 to 29 years,1746
E07000235,Malvern Hills,1,Female,11,Aged 30 to 34 years,1906
E07000235,Malvern Hills,1,Female,12,Aged 35 to 39 years,1938
E07000235,Malvern Hills,1,Female,13,Aged 40 to 44 years,2139
E07000235,Malvern Hills,1,Female,14,Aged 45 to 49 years,2486
E07000235,Malvern Hills,1,Female,15,Aged 50 to 54 years,3077
E07000235,Malvern Hills,1,Female,16,Aged 55 to 59 years,3330
E07000235,Malvern Hills,1,Female,17,Aged 60 to 64 years,3054
E07000235,Malvern Hills,1,Female,18,Aged 65 years,575
E07000235,Malvern Hills,1,Female,19,Aged 66 to 69 years,2243
E07000235,Malvern Hills,1,Female,20,Aged 70 to 74 years,3073
E07000235,Malvern Hills,1,Female,21,Aged 75 to 79 years,2405
E07000235,Malvern Hills,1,Female,22,Aged 80 to 84 years,1736
E07000235,Malvern Hills,1,Female,23,Aged 85 years and over,1925
E07000235,Malvern Hills,2,Male,1,Aged 2 years and under,925
E07000235,Malvern Hills,2,Male,2,Aged 3 to 4 years,664
E07000235,Malvern Hills,2,Male,3,Aged 5 to 7 years,1158
E07000235,Malvern Hills,2,Male,4,Aged 8 to 9 years,838
E07000235,Malvern Hills,2,Male,5,Aged 10 to 14 years,2235
E07000235,Malvern Hills,2,Male,6,Aged 15 years,472
E07000235,Malvern Hills,2,Male,7,Aged 16 to 17 years,1007
E07000235,Malvern Hills,2,Male,8,Aged 18 to 19 years,724
E07000235,Malvern Hills,2,Male,9,Aged 20 to 24 years,1743
E07000235,Malvern Hills,2,Male,10,Aged 25 to 29 years,1712
E07000235,Malvern Hills,2,Male,11,Aged 30 to 34 years,1823
E07000235,Malvern Hills,2,Male,12,Aged 35 to 39 years,1777
E07000235,Malvern Hills,2,Male,13,Aged 40 to 44 years,1963
E07000235,Malvern Hills,2,Male,14,Aged 45 to 49 years,2268
E07000235,Malvern Hills,2,Male,15,Aged 50 to 54 years,2899
E07000235,Malvern Hills,2,Male,16,Aged 55 to 59 years,3193
E07000235,Malvern Hills,2,Male,17,Aged 60 to 64 years,2944
E07000235,Malvern Hills,2,Male,18,Aged 65 years,523
E07000235,Malvern Hills,2,Male,19,Aged 66 to 69 years,2097
E07000235,Malvern Hills,2,Male,20,Aged 70 to 74 years,2906
E07000235,Malvern Hills,2,Male,21,Aged 75 to 79 years,2100
E07000235,Malvern Hills,2,Male,22,Aged 80 to 84 years,1446
E07000235,Malvern Hills,2,Male,23,Aged 85 years and over,1218
E07000236,Redditch,1,Female,1,Aged 2 years and under,1436
E07000236,Redditch,1,Female,2,Aged 3 to 4 years,1002
E07000236,Redditch,1,Female,3,Aged 5 to 7 years,1502
E07000236,Redditch,1,Female,4,Aged 8 to 9 years,1105
E07000236,Redditch,1,Female,5,Aged 10 to 14 years,2576
E07000236,Redditch,1,Female,6,Aged 15 years,496
E07000236,Redditch,1,Female,7,Aged 16 to 17 years,969
E07000236,Redditch,1,Female,8,Aged 18 to 19 years,766
E07000236,Redditch,1,Female,9,Aged 20 to 24 years,2275
E07000236,Redditch,1,Female,10,Aged 25 to 29 years,2954
E07000236,Redditch,1,Female,11,Aged 30 to 34 years,3252
E07000236,Redditch,1,Female,12,Aged 35 to 39 years,3122
E07000236,Redditch,1,Female,13,Aged 40 to 44 years,2881
E07000236,Redditch,1,Female,14,Aged 45 to 49 years,2766
E07000236,Redditch,1,Female,15,Aged 50 to 54 years,2888
E07000236,Redditch,1,Female,16,Aged 55 to 59 years,2832
E07000236,Redditch,1,Female,17,Aged 60 to 64 years,2618
E07000236,Redditch,1,Female,18,Aged 65 years,509
E07000236,Redditch,1,Female,19,Aged 66 to 69 years,2037
E07000236,Redditch,1,Female,20,Aged 70 to 74 years,2369
E07000236,Redditch,1,Female,21,Aged 75 to 79 years,1607
E07000236,Redditch,1,Female,22,Aged 80 to 84 years,1048
E07000236,Redditch,1,Female,23,Aged 85 years and over,1039
E07000236,Redditch,2,Male,1,Aged 2 years and under,1488
E07000236,Redditch,2,Male,2,Aged 3 to 4 years,1066
E07000236,Redditch,2,Male,3,Aged 5 to 7 years,1644
E07000236,Redditch,2,Male,4,Aged 8 to 9 years,1150
E07000236,Redditch,2,Male,5,Aged 10 to 14 years,2798
E07000236,Redditch,2,Male,6,Aged 15 years,522
E07000236,Redditch,2,Male,7,Aged 16 to 17 years,1041
E07000236,Redditch,2,Male,8,Aged 18 to 19 years,829
E07000236,Redditch,2,Male,9,Aged 20 to 24 years,2211
E07000236,Redditch,2,Male,10,Aged 25 to 29 years,2784
E07000236,Redditch,2,Male,11,Aged 30 to 34 years,3166
E07000236,Redditch,2,Male,12,Aged 35 to 39 years,2917
E07000236,Redditch,2,Male,13,Aged 40 to 44 years,2970
E07000236,Redditch,2,Male,14,Aged 45 to 49 years,2777
E07000236,Redditch,2,Male,15,Aged 50 to 54 years,2914
E07000236,Redditch,2,Male,16,Aged 55 to 59 years,2724
E07000236,Redditch,2,Male,17,Aged 60 to 64 years,2436
E07000236,Redditch,2,Male,18,Aged 65 years,434
E07000236,Redditch,2,Male,19,Aged 66 to 69 years,1826
E07000236,Redditch,2,Male,20,Aged 70 to 74 years,2312
E07000236,Redditch,2,Male,21,Aged 75 to 79 years,1558
E07000236,Redditch,2,Male,22,Aged 80 to 84 years,838
E07000236,Redditch,2,Male,23,Aged 85 years and over,580
E07000237,Worcester,1,Female,1,Aged 2 years and under,1597
E07000237,Worcester,1,Female,2,Aged 3 to 4 years,1019
E07000237,Worcester,1,Female,3,Aged 5 to 7 years,1587
E07000237,Worcester,1,Female,4,Aged 8 to 9 years,1221
E07000237,Worcester,1,Female,5,Aged 10 to 14 years,2942
E07000237,Worcester,1,Female,6,Aged 15 years,575
E07000237,Worcester,1,Female,7,Aged 16 to 17 years,1066
E07000237,Worcester,1,Female,8,Aged 18 to 19 years,1559
E07000237,Worcester,1,Female,9,Aged 20 to 24 years,3973
E07000237,Worcester,1,Female,10,Aged 25 to 29 years,3588
E07000237,Worcester,1,Female,11,Aged 30 to 34 years,3748
E07000237,Worcester,1,Female,12,Aged 35 to 39 years,3490
E07000237,Worcester,1,Female,13,Aged 40 to 44 years,3262
E07000237,Worcester,1,Female,14,Aged 45 to 49 years,3358
E07000237,Worcester,1,Female,15,Aged 50 to 54 years,3694
E07000237,Worcester,1,Female,16,Aged 55 to 59 years,3506
E07000237,Worcester,1,Female,17,Aged 60 to 64 years,2826
E07000237,Worcester,1,Female,18,Aged 65 years,544
E07000237,Worcester,1,Female,19,Aged 66 to 69 years,2016
E07000237,Worcester,1,Female,20,Aged 70 to 74 years,2556
E07000237,Worcester,1,Female,21,Aged 75 to 79 years,1961
E07000237,Worcester,1,Female,22,Aged 80 to 84 years,1412
E07000237,Worcester,1,Female,23,Aged 85 years and over,1499
E07000237,Worcester,2,Male,1,Aged 2 years and under,1583
E07000237,Worcester,2,Male,2,Aged 3 to 4 years,1082
E07000237,Worcester,2,Male,3,Aged 5 to 7 years,1767
E07000237,Worcester,2,Male,4,Aged 8 to 9 years,1262
E07000237,Worcester,2,Male,5,Aged 10 to 14 years,3034
E07000237,Worcester,2,Male,6,Aged 15 years,595
E07000237,Worcester,2,Male,7,Aged 16 to 17 years,1212
E07000237,Worcester,2,Male,8,Aged 18 to 19 years,1286
E07000237,Worcester,2,Male,9,Aged 20 to 24 years,3466
E07000237,Worcester,2,Male,10,Aged 25 to 29 years,3549
E07000237,Worcester,2,Male,11,Aged 30 to 34 years,3690
E07000237,Worcester,2,Male,12,Aged 35 to 39 years,3387
E07000237,Worcester,2,Male,13,Aged 40 to 44 years,3250
E07000237,Worcester,2,Male,14,Aged 45 to 49 years,3294
E07000237,Worcester,2,Male,15,Aged 50 to 54 years,3674
E07000237,Worcester,2,Male,16,Aged 55 to 59 years,3568
E07000237,Worcester,2,Male,17,Aged 60 to 64 years,2870
E07000237,Worcester,2,Male,18,Aged 65 years,517
E07000237,Worcester,2,Male,19,Aged 66 to 69 years,1909
E07000237,Worcester,2,Male,20,Aged 70 to 74 years,2323
E07000237,Worcester,2,Male,21,Aged 75 to 79 years,1613
E07000237,Worcester,2,Male,22,Aged 80 to 84 years,1086
E07000237,Worcester,2,Male,23,Aged 85 years and over,855
E07000238,Wychavon,1,Female,1,Aged 2 years and under,1739
E07000238,Wychavon,1,Female,2,Aged 3 to 4 years,1288
E07000238,Wychavon,1,Female,3,Aged 5 to 7 years,1936
E07000238,Wychavon,1,Female,4,Aged 8 to 9 years,1462
E07000238,Wychavon,1,Female,5,Aged 10 to 14 years,3448
E07000238,Wychavon,1,Female,6,Aged 15 years,725
E07000238,Wychavon,1,Female,7,Aged 16 to 17 years,1432
E07000238,Wychavon,1,Female,8,Aged 18 to 19 years,1031
E07000238,Wychavon,1,Female,9,Aged 20 to 24 years,2804
E07000238,Wychavon,1,Female,10,Aged 25 to 29 years,3421
E07000238,Wychavon,1,Female,11,Aged 30 to 34 years,3883
E07000238,Wychavon,1,Female,12,Aged 35 to 39 years,3714
E07000238,Wychavon,1,Female,13,Aged 40 to 44 years,3801
E07000238,Wychavon,1,Female,14,Aged 45 to 49 years,4286
E07000238,Wychavon,1,Female,15,Aged 50 to 54 years,5188
E07000238,Wychavon,1,Female,16,Aged 55 to 59 years,5205
E07000238,Wychavon,1,Female,17,Aged 60 to 64 years,4622
E07000238,Wychavon,1,Female,18,Aged 65 years,845
E07000238,Wychavon,1,Female,19,Aged 66 to 69 years,3498
E07000238,Wychavon,1,Female,20,Aged 70 to 74 years,4635
E07000238,Wychavon,1,Female,21,Aged 75 to 79 years,3447
E07000238,Wychavon,1,Female,22,Aged 80 to 84 years,2536
E07000238,Wychavon,1,Female,23,Aged 85 years and over,2552
E07000238,Wychavon,2,Male,1,Aged 2 years and under,1858
E07000238,Wychavon,2,Male,2,Aged 3 to 4 years,1367
E07000238,Wychavon,2,Male,3,Aged 5 to 7 years,2042
E07000238,Wychavon,2,Male,4,Aged 8 to 9 years,1489
E07000238,Wychavon,2,Male,5,Aged 10 to 14 years,3686
E07000238,Wychavon,2,Male,6,Aged 15 years,735
E07000238,Wychavon,2,Male,7,Aged 16 to 17 years,1452
E07000238,Wychavon,2,Male,8,Aged 18 to 19 years,1131
E07000238,Wychavon,2,Male,9,Aged 20 to 24 years,2924
E07000238,Wychavon,2,Male,10,Aged 25 to 29 years,3448
E07000238,Wychavon,2,Male,11,Aged 30 to 34 years,3715
E07000238,Wychavon,2,Male,12,Aged 35 to 39 years,3691
E07000238,Wychavon,2,Male,13,Aged 40 to 44 years,3560
E07000238,Wychavon,2,Male,14,Aged 45 to 49 years,4072
E07000238,Wychavon,2,Male,15,Aged 50 to 54 years,4919
E07000238,Wychavon,2,Male,16,Aged 55 to 59 years,5076
E07000238,Wychavon,2,Male,17,Aged 60 to 64 years,4409
E07000238,Wychavon,2,Male,18,Aged 65 years,809
E07000238,Wychavon,2,Male,19,Aged 66 to 69 years,3237
E07000238,Wychavon,2,Male,20,Aged 70 to 74 years,4361
E07000238,Wychavon,2,Male,21,Aged 75 to 79 years,3239
E07000238,Wychavon,2,Male,22,Aged 80 to 84 years,2103
E07000238,Wychavon,2,Male,23,Aged 85 years and over,1670
E07000239,Wyre Forest,1,Female,1,Aged 2 years and under,1329
E07000239,Wyre Forest,1,Female,2,Aged 3 to 4 years,1004
E07000239,Wyre Forest,1,Female,3,Aged 5 to 7 years,1582
E07000239,Wyre Forest,1,Female,4,Aged 8 to 9 years,1103
E07000239,Wyre Forest,1,Female,5,Aged 10 to 14 years,2669
E07000239,Wyre Forest,1,Female,6,Aged 15 years,509
E07000239,Wyre Forest,1,Female,7,Aged 16 to 17 years,989
E07000239,Wyre Forest,1,Female,8,Aged 18 to 19 years,861
E07000239,Wyre Forest,1,Female,9,Aged 20 to 24 years,2305
E07000239,Wyre Forest,1,Female,10,Aged 25 to 29 years,2749
E07000239,Wyre Forest,1,Female,11,Aged 30 to 34 years,3142
E07000239,Wyre Forest,1,Female,12,Aged 35 to 39 years,2777
E07000239,Wyre Forest,1,Female,13,Aged 40 to 44 years,2783
E07000239,Wyre Forest,1,Female,14,Aged 45 to 49 years,3247
E07000239,Wyre Forest,1,Female,15,Aged 50 to 54 years,3893
E07000239,Wyre Forest,1,Female,16,Aged 55 to 59 years,3824
E07000239,Wyre Forest,1,Female,17,Aged 60 to 64 years,3244
E07000239,Wyre Forest,1,Female,18,Aged 65 years,652
E07000239,Wyre Forest,1,Female,19,Aged 66 to 69 years,2674
E07000239,Wyre Forest,1,Female,20,Aged 70 to 74 years,3719
E07000239,Wyre Forest,1,Female,21,Aged 75 to 79 years,2952
E07000239,Wyre Forest,1,Female,22,Aged 80 to 84 years,1910
E07000239,Wyre Forest,1,Female,23,Aged 85 years and over,1867
E07000239,Wyre Forest,2,Male,1,Aged 2 years and under,1418
E07000239,Wyre Forest,2,Male,2,Aged 3 to 4 years,1057
E07000239,Wyre Forest,2,Male,3,Aged 5 to 7 years,1680
E07000239,Wyre Forest,2,Male,4,Aged 8 to 9 years,1176
E07000239,Wyre Forest,2,Male,5,Aged 10 to 14 years,2938
E07000239,Wyre Forest,2,Male,6,Aged 15 years,580
E07000239,Wyre Forest,2,Male,7,Aged 16 to 17 years,1102
E07000239,Wyre Forest,2,Male,8,Aged 18 to 19 years,971
E07000239,Wyre Forest,2,Male,9,Aged 20 to 24 years,2362
E07000239,Wyre Forest,2,Male,10,Aged 25 to 29 years,2680
E07000239,Wyre Forest,2,Male,11,Aged 30 to 34 years,2738
E07000239,Wyre Forest,2,Male,12,Aged 35 to 39 years,2787
E07000239,Wyre Forest,2,Male,13,Aged 40 to 44 years,2676
E07000239,Wyre Forest,2,Male,14,Aged 45 to 49 years,3128
E07000239,Wyre Forest,2,Male,15,Aged 50 to 54 years,3794
E07000239,Wyre Forest,2,Male,16,Aged 55 to 59 years,3712
E07000239,Wyre Forest,2,Male,17,Aged 60 to 64 years,3131
E07000239,Wyre Forest,2,Male,18,Aged 65 years,579
E07000239,Wyre Forest,2,Male,19,Aged 66 to 69 years,2386
E07000239,Wyre Forest,2,Male,20,Aged 70 to 74 years,3487
E07000239,Wyre Forest,2,Male,21,Aged 75 to 79 years,2661
E07000239,Wyre Forest,2,Male,22,Aged 80 to 84 years,1601
E07000239,Wyre Forest,2,Male,23,Aged 85 years and over,1178
E07000240,St Albans,1,Female,1,Aged 2 years and under,2414
E07000240,St Albans,1,Female,2,Aged 3 to 4 years,1788
E07000240,St Albans,1,Female,3,Aged 5 to 7 years,2969
E07000240,St Albans,1,Female,4,Aged 8 to 9 years,2156
E07000240,St Albans,1,Female,5,Aged 10 to 14 years,5383
E07000240,St Albans,1,Female,6,Aged 15 years,977
E07000240,St Albans,1,Female,7,Aged 16 to 17 years,1902
E07000240,St Albans,1,Female,8,Aged 18 to 19 years,1089
E07000240,St Albans,1,Female,9,Aged 20 to 24 years,2918
E07000240,St Albans,1,Female,10,Aged 25 to 29 years,3738
E07000240,St Albans,1,Female,11,Aged 30 to 34 years,4541
E07000240,St Albans,1,Female,12,Aged 35 to 39 years,5260
E07000240,St Albans,1,Female,13,Aged 40 to 44 years,6049
E07000240,St Albans,1,Female,14,Aged 45 to 49 years,6007
E07000240,St Albans,1,Female,15,Aged 50 to 54 years,5665
E07000240,St Albans,1,Female,16,Aged 55 to 59 years,5084
E07000240,St Albans,1,Female,17,Aged 60 to 64 years,3982
E07000240,St Albans,1,Female,18,Aged 65 years,712
E07000240,St Albans,1,Female,19,Aged 66 to 69 years,2586
E07000240,St Albans,1,Female,20,Aged 70 to 74 years,3576
E07000240,St Albans,1,Female,21,Aged 75 to 79 years,2605
E07000240,St Albans,1,Female,22,Aged 80 to 84 years,2055
E07000240,St Albans,1,Female,23,Aged 85 years and over,2415
E07000240,St Albans,2,Male,1,Aged 2 years and under,2551
E07000240,St Albans,2,Male,2,Aged 3 to 4 years,1906
E07000240,St Albans,2,Male,3,Aged 5 to 7 years,3012
E07000240,St Albans,2,Male,4,Aged 8 to 9 years,2190
E07000240,St Albans,2,Male,5,Aged 10 to 14 years,5698
E07000240,St Albans,2,Male,6,Aged 15 years,1032
E07000240,St Albans,2,Male,7,Aged 16 to 17 years,2063
E07000240,St Albans,2,Male,8,Aged 18 to 19 years,1196
E07000240,St Albans,2,Male,9,Aged 20 to 24 years,3025
E07000240,St Albans,2,Male,10,Aged 25 to 29 years,3693
E07000240,St Albans,2,Male,11,Aged 30 to 34 years,4129
E07000240,St Albans,2,Male,12,Aged 35 to 39 years,4563
E07000240,St Albans,2,Male,13,Aged 40 to 44 years,5503
E07000240,St Albans,2,Male,14,Aged 45 to 49 years,5759
E07000240,St Albans,2,Male,15,Aged 50 to 54 years,5582
E07000240,St Albans,2,Male,16,Aged 55 to 59 years,4895
E07000240,St Albans,2,Male,17,Aged 60 to 64 years,3955
E07000240,St Albans,2,Male,18,Aged 65 years,684
E07000240,St Albans,2,Male,19,Aged 66 to 69 years,2453
E07000240,St Albans,2,Male,20,Aged 70 to 74 years,2982
E07000240,St Albans,2,Male,21,Aged 75 to 79 years,2267
E07000240,St Albans,2,Male,22,Aged 80 to 84 years,1613
E07000240,St Albans,2,Male,23,Aged 85 years and over,1545
E07000241,Welwyn Hatfield,1,Female,1,Aged 2 years and under,1857
E07000241,Welwyn Hatfield,1,Female,2,Aged 3 to 4 years,1323
E07000241,Welwyn Hatfield,1,Female,3,Aged 5 to 7 years,2101
E07000241,Welwyn Hatfield,1,Female,4,Aged 8 to 9 years,1456
E07000241,Welwyn Hatfield,1,Female,5,Aged 10 to 14 years,3520
E07000241,Welwyn Hatfield,1,Female,6,Aged 15 years,656
E07000241,Welwyn Hatfield,1,Female,7,Aged 16 to 17 years,1299
E07000241,Welwyn Hatfield,1,Female,8,Aged 18 to 19 years,2123
E07000241,Welwyn Hatfield,1,Female,9,Aged 20 to 24 years,5137
E07000241,Welwyn Hatfield,1,Female,10,Aged 25 to 29 years,3865
E07000241,Welwyn Hatfield,1,Female,11,Aged 30 to 34 years,4268
E07000241,Welwyn Hatfield,1,Female,12,Aged 35 to 39 years,4356
E07000241,Welwyn Hatfield,1,Female,13,Aged 40 to 44 years,4009
E07000241,Welwyn Hatfield,1,Female,14,Aged 45 to 49 years,3822
E07000241,Welwyn Hatfield,1,Female,15,Aged 50 to 54 years,3801
E07000241,Welwyn Hatfield,1,Female,16,Aged 55 to 59 years,3904
E07000241,Welwyn Hatfield,1,Female,17,Aged 60 to 64 years,3129
E07000241,Welwyn Hatfield,1,Female,18,Aged 65 years,548
E07000241,Welwyn Hatfield,1,Female,19,Aged 66 to 69 years,1956
E07000241,Welwyn Hatfield,1,Female,20,Aged 70 to 74 years,2441
E07000241,Welwyn Hatfield,1,Female,21,Aged 75 to 79 years,1937
E07000241,Welwyn Hatfield,1,Female,22,Aged 80 to 84 years,1564
E07000241,Welwyn Hatfield,1,Female,23,Aged 85 years and over,1857
E07000241,Welwyn Hatfield,2,Male,1,Aged 2 years and under,2005
E07000241,Welwyn Hatfield,2,Male,2,Aged 3 to 4 years,1441
E07000241,Welwyn Hatfield,2,Male,3,Aged 5 to 7 years,2185
E07000241,Welwyn Hatfield,2,Male,4,Aged 8 to 9 years,1537
E07000241,Welwyn Hatfield,2,Male,5,Aged 10 to 14 years,3567
E07000241,Welwyn Hatfield,2,Male,6,Aged 15 years,704
E07000241,Welwyn Hatfield,2,Male,7,Aged 16 to 17 years,1342
E07000241,Welwyn Hatfield,2,Male,8,Aged 18 to 19 years,1941
E07000241,Welwyn Hatfield,2,Male,9,Aged 20 to 24 years,5440
E07000241,Welwyn Hatfield,2,Male,10,Aged 25 to 29 years,3931
E07000241,Welwyn Hatfield,2,Male,11,Aged 30 to 34 years,3902
E07000241,Welwyn Hatfield,2,Male,12,Aged 35 to 39 years,3917
E07000241,Welwyn Hatfield,2,Male,13,Aged 40 to 44 years,4002
E07000241,Welwyn Hatfield,2,Male,14,Aged 45 to 49 years,3676
E07000241,Welwyn Hatfield,2,Male,15,Aged 50 to 54 years,3913
E07000241,Welwyn Hatfield,2,Male,16,Aged 55 to 59 years,3694
E07000241,Welwyn Hatfield,2,Male,17,Aged 60 to 64 years,3201
E07000241,Welwyn Hatfield,2,Male,18,Aged 65 years,544
E07000241,Welwyn Hatfield,2,Male,19,Aged 66 to 69 years,1842
E07000241,Welwyn Hatfield,2,Male,20,Aged 70 to 74 years,2251
E07000241,Welwyn Hatfield,2,Male,21,Aged 75 to 79 years,1574
E07000241,Welwyn Hatfield,2,Male,22,Aged 80 to 84 years,1164
E07000241,Welwyn Hatfield,2,Male,23,Aged 85 years and over,1131
E07000242,East Hertfordshire,1,Female,1,Aged 2 years and under,2317
E07000242,East Hertfordshire,1,Female,2,Aged 3 to 4 years,1665
E07000242,East Hertfordshire,1,Female,3,Aged 5 to 7 years,2508
E07000242,East Hertfordshire,1,Female,4,Aged 8 to 9 years,1818
E07000242,East Hertfordshire,1,Female,5,Aged 10 to 14 years,4839
E07000242,East Hertfordshire,1,Female,6,Aged 15 years,950
E07000242,East Hertfordshire,1,Female,7,Aged 16 to 17 years,1823
E07000242,East Hertfordshire,1,Female,8,Aged 18 to 19 years,1188
E07000242,East Hertfordshire,1,Female,9,Aged 20 to 24 years,3426
E07000242,East Hertfordshire,1,Female,10,Aged 25 to 29 years,4523
E07000242,East Hertfordshire,1,Female,11,Aged 30 to 34 years,5028
E07000242,East Hertfordshire,1,Female,12,Aged 35 to 39 years,5046
E07000242,East Hertfordshire,1,Female,13,Aged 40 to 44 years,5251
E07000242,East Hertfordshire,1,Female,14,Aged 45 to 49 years,5575
E07000242,East Hertfordshire,1,Female,15,Aged 50 to 54 years,5867
E07000242,East Hertfordshire,1,Female,16,Aged 55 to 59 years,5553
E07000242,East Hertfordshire,1,Female,17,Aged 60 to 64 years,4424
E07000242,East Hertfordshire,1,Female,18,Aged 65 years,762
E07000242,East Hertfordshire,1,Female,19,Aged 66 to 69 years,2864
E07000242,East Hertfordshire,1,Female,20,Aged 70 to 74 years,3959
E07000242,East Hertfordshire,1,Female,21,Aged 75 to 79 years,2808
E07000242,East Hertfordshire,1,Female,22,Aged 80 to 84 years,2064
E07000242,East Hertfordshire,1,Female,23,Aged 85 years and over,2398
E07000242,East Hertfordshire,2,Male,1,Aged 2 years and under,2562
E07000242,East Hertfordshire,2,Male,2,Aged 3 to 4 years,1772
E07000242,East Hertfordshire,2,Male,3,Aged 5 to 7 years,2701
E07000242,East Hertfordshire,2,Male,4,Aged 8 to 9 years,1904
E07000242,East Hertfordshire,2,Male,5,Aged 10 to 14 years,4969
E07000242,East Hertfordshire,2,Male,6,Aged 15 years,1001
E07000242,East Hertfordshire,2,Male,7,Aged 16 to 17 years,1894
E07000242,East Hertfordshire,2,Male,8,Aged 18 to 19 years,1338
E07000242,East Hertfordshire,2,Male,9,Aged 20 to 24 years,3546
E07000242,East Hertfordshire,2,Male,10,Aged 25 to 29 years,4342
E07000242,East Hertfordshire,2,Male,11,Aged 30 to 34 years,4571
E07000242,East Hertfordshire,2,Male,12,Aged 35 to 39 years,4608
E07000242,East Hertfordshire,2,Male,13,Aged 40 to 44 years,4874
E07000242,East Hertfordshire,2,Male,14,Aged 45 to 49 years,5404
E07000242,East Hertfordshire,2,Male,15,Aged 50 to 54 years,5527
E07000242,East Hertfordshire,2,Male,16,Aged 55 to 59 years,5437
E07000242,East Hertfordshire,2,Male,17,Aged 60 to 64 years,4520
E07000242,East Hertfordshire,2,Male,18,Aged 65 years,759
E07000242,East Hertfordshire,2,Male,19,Aged 66 to 69 years,2751
E07000242,East Hertfordshire,2,Male,20,Aged 70 to 74 years,3512
E07000242,East Hertfordshire,2,Male,21,Aged 75 to 79 years,2412
E07000242,East Hertfordshire,2,Male,22,Aged 80 to 84 years,1658
E07000242,East Hertfordshire,2,Male,23,Aged 85 years and over,1443
E07000243,Stevenage,1,Female,1,Aged 2 years and under,1594
E07000243,Stevenage,1,Female,2,Aged 3 to 4 years,1083
E07000243,Stevenage,1,Female,3,Aged 5 to 7 years,1707
E07000243,Stevenage,1,Female,4,Aged 8 to 9 years,1226
E07000243,Stevenage,1,Female,5,Aged 10 to 14 years,2685
E07000243,Stevenage,1,Female,6,Aged 15 years,512
E07000243,Stevenage,1,Female,7,Aged 16 to 17 years,946
E07000243,Stevenage,1,Female,8,Aged 18 to 19 years,759
E07000243,Stevenage,1,Female,9,Aged 20 to 24 years,2297
E07000243,Stevenage,1,Female,10,Aged 25 to 29 years,3178
E07000243,Stevenage,1,Female,11,Aged 30 to 34 years,3846
E07000243,Stevenage,1,Female,12,Aged 35 to 39 years,3500
E07000243,Stevenage,1,Female,13,Aged 40 to 44 years,2987
E07000243,Stevenage,1,Female,14,Aged 45 to 49 years,2813
E07000243,Stevenage,1,Female,15,Aged 50 to 54 years,3156
E07000243,Stevenage,1,Female,16,Aged 55 to 59 years,3110
E07000243,Stevenage,1,Female,17,Aged 60 to 64 years,2480
E07000243,Stevenage,1,Female,18,Aged 65 years,401
E07000243,Stevenage,1,Female,19,Aged 66 to 69 years,1450
E07000243,Stevenage,1,Female,20,Aged 70 to 74 years,1840
E07000243,Stevenage,1,Female,21,Aged 75 to 79 years,1390
E07000243,Stevenage,1,Female,22,Aged 80 to 84 years,1105
E07000243,Stevenage,1,Female,23,Aged 85 years and over,1273
E07000243,Stevenage,2,Male,1,Aged 2 years and under,1700
E07000243,Stevenage,2,Male,2,Aged 3 to 4 years,1241
E07000243,Stevenage,2,Male,3,Aged 5 to 7 years,1759
E07000243,Stevenage,2,Male,4,Aged 8 to 9 years,1234
E07000243,Stevenage,2,Male,5,Aged 10 to 14 years,3010
E07000243,Stevenage,2,Male,6,Aged 15 years,510
E07000243,Stevenage,2,Male,7,Aged 16 to 17 years,1097
E07000243,Stevenage,2,Male,8,Aged 18 to 19 years,919
E07000243,Stevenage,2,Male,9,Aged 20 to 24 years,2496
E07000243,Stevenage,2,Male,10,Aged 25 to 29 years,3056
E07000243,Stevenage,2,Male,11,Aged 30 to 34 years,3454
E07000243,Stevenage,2,Male,12,Aged 35 to 39 years,3285
E07000243,Stevenage,2,Male,13,Aged 40 to 44 years,2966
E07000243,Stevenage,2,Male,14,Aged 45 to 49 years,2687
E07000243,Stevenage,2,Male,15,Aged 50 to 54 years,3057
E07000243,Stevenage,2,Male,16,Aged 55 to 59 years,3104
E07000243,Stevenage,2,Male,17,Aged 60 to 64 years,2501
E07000243,Stevenage,2,Male,18,Aged 65 years,452
E07000243,Stevenage,2,Male,19,Aged 66 to 69 years,1446
E07000243,Stevenage,2,Male,20,Aged 70 to 74 years,1622
E07000243,Stevenage,2,Male,21,Aged 75 to 79 years,1111
E07000243,Stevenage,2,Male,22,Aged 80 to 84 years,761
E07000243,Stevenage,2,Male,23,Aged 85 years and over,693
E07000244,East Suffolk,1,Female,1,Aged 2 years and under,3022
E07000244,East Suffolk,1,Female,2,Aged 3 to 4 years,2228
E07000244,East Suffolk,1,Female,3,Aged 5 to 7 years,3558
E07000244,East Suffolk,1,Female,4,Aged 8 to 9 years,2557
E07000244,East Suffolk,1,Female,5,Aged 10 to 14 years,6668
E07000244,East Suffolk,1,Female,6,Aged 15 years,1297
E07000244,East Suffolk,1,Female,7,Aged 16 to 17 years,2608
E07000244,East Suffolk,1,Female,8,Aged 18 to 19 years,2019
E07000244,East Suffolk,1,Female,9,Aged 20 to 24 years,5167
E07000244,East Suffolk,1,Female,10,Aged 25 to 29 years,5974
E07000244,East Suffolk,1,Female,11,Aged 30 to 34 years,6437
E07000244,East Suffolk,1,Female,12,Aged 35 to 39 years,6280
E07000244,East Suffolk,1,Female,13,Aged 40 to 44 years,6410
E07000244,East Suffolk,1,Female,14,Aged 45 to 49 years,7622
E07000244,East Suffolk,1,Female,15,Aged 50 to 54 years,9080
E07000244,East Suffolk,1,Female,16,Aged 55 to 59 years,9586
E07000244,East Suffolk,1,Female,17,Aged 60 to 64 years,9047
E07000244,East Suffolk,1,Female,18,Aged 65 years,1733
E07000244,East Suffolk,1,Female,19,Aged 66 to 69 years,6874
E07000244,East Suffolk,1,Female,20,Aged 70 to 74 years,9716
E07000244,East Suffolk,1,Female,21,Aged 75 to 79 years,7344
E07000244,East Suffolk,1,Female,22,Aged 80 to 84 years,5065
E07000244,East Suffolk,1,Female,23,Aged 85 years and over,5931
E07000244,East Suffolk,2,Male,1,Aged 2 years and under,3038
E07000244,East Suffolk,2,Male,2,Aged 3 to 4 years,2346
E07000244,East Suffolk,2,Male,3,Aged 5 to 7 years,3665
E07000244,East Suffolk,2,Male,4,Aged 8 to 9 years,2724
E07000244,East Suffolk,2,Male,5,Aged 10 to 14 years,6890
E07000244,East Suffolk,2,Male,6,Aged 15 years,1346
E07000244,East Suffolk,2,Male,7,Aged 16 to 17 years,2701
E07000244,East Suffolk,2,Male,8,Aged 18 to 19 years,2288
E07000244,East Suffolk,2,Male,9,Aged 20 to 24 years,5547
E07000244,East Suffolk,2,Male,10,Aged 25 to 29 years,5973
E07000244,East Suffolk,2,Male,11,Aged 30 to 34 years,6132
E07000244,East Suffolk,2,Male,12,Aged 35 to 39 years,5984
E07000244,East Suffolk,2,Male,13,Aged 40 to 44 years,6220
E07000244,East Suffolk,2,Male,14,Aged 45 to 49 years,7090
E07000244,East Suffolk,2,Male,15,Aged 50 to 54 years,8565
E07000244,East Suffolk,2,Male,16,Aged 55 to 59 years,9084
E07000244,East Suffolk,2,Male,17,Aged 60 to 64 years,8596
E07000244,East Suffolk,2,Male,18,Aged 65 years,1567
E07000244,East Suffolk,2,Male,19,Aged 66 to 69 years,6407
E07000244,East Suffolk,2,Male,20,Aged 70 to 74 years,8955
E07000244,East Suffolk,2,Male,21,Aged 75 to 79 years,6640
E07000244,East Suffolk,2,Male,22,Aged 80 to 84 years,4280
E07000244,East Suffolk,2,Male,23,Aged 85 years and over,3797
E07000245,West Suffolk,1,Female,1,Aged 2 years and under,2742
E07000245,West Suffolk,1,Female,2,Aged 3 to 4 years,1955
E07000245,West Suffolk,1,Female,3,Aged 5 to 7 years,2973
E07000245,West Suffolk,1,Female,4,Aged 8 to 9 years,2061
E07000245,West Suffolk,1,Female,5,Aged 10 to 14 years,4797
E07000245,West Suffolk,1,Female,6,Aged 15 years,882
E07000245,West Suffolk,1,Female,7,Aged 16 to 17 years,1797
E07000245,West Suffolk,1,Female,8,Aged 18 to 19 years,1513
E07000245,West Suffolk,1,Female,9,Aged 20 to 24 years,4624
E07000245,West Suffolk,1,Female,10,Aged 25 to 29 years,6027
E07000245,West Suffolk,1,Female,11,Aged 30 to 34 years,6361
E07000245,West Suffolk,1,Female,12,Aged 35 to 39 years,5759
E07000245,West Suffolk,1,Female,13,Aged 40 to 44 years,5280
E07000245,West Suffolk,1,Female,14,Aged 45 to 49 years,5505
E07000245,West Suffolk,1,Female,15,Aged 50 to 54 years,6174
E07000245,West Suffolk,1,Female,16,Aged 55 to 59 years,6058
E07000245,West Suffolk,1,Female,17,Aged 60 to 64 years,5115
E07000245,West Suffolk,1,Female,18,Aged 65 years,948
E07000245,West Suffolk,1,Female,19,Aged 66 to 69 years,3799
E07000245,West Suffolk,1,Female,20,Aged 70 to 74 years,5368
E07000245,West Suffolk,1,Female,21,Aged 75 to 79 years,4159
E07000245,West Suffolk,1,Female,22,Aged 80 to 84 years,2894
E07000245,West Suffolk,1,Female,23,Aged 85 years and over,3043
E07000245,West Suffolk,2,Male,1,Aged 2 years and under,3076
E07000245,West Suffolk,2,Male,2,Aged 3 to 4 years,2057
E07000245,West Suffolk,2,Male,3,Aged 5 to 7 years,3081
E07000245,West Suffolk,2,Male,4,Aged 8 to 9 years,2190
E07000245,West Suffolk,2,Male,5,Aged 10 to 14 years,5046
E07000245,West Suffolk,2,Male,6,Aged 15 years,962
E07000245,West Suffolk,2,Male,7,Aged 16 to 17 years,1827
E07000245,West Suffolk,2,Male,8,Aged 18 to 19 years,1797
E07000245,West Suffolk,2,Male,9,Aged 20 to 24 years,5918
E07000245,West Suffolk,2,Male,10,Aged 25 to 29 years,6560
E07000245,West Suffolk,2,Male,11,Aged 30 to 34 years,6533
E07000245,West Suffolk,2,Male,12,Aged 35 to 39 years,5848
E07000245,West Suffolk,2,Male,13,Aged 40 to 44 years,5440
E07000245,West Suffolk,2,Male,14,Aged 45 to 49 years,5444
E07000245,West Suffolk,2,Male,15,Aged 50 to 54 years,6115
E07000245,West Suffolk,2,Male,16,Aged 55 to 59 years,5970
E07000245,West Suffolk,2,Male,17,Aged 60 to 64 years,5099
E07000245,West Suffolk,2,Male,18,Aged 65 years,824
E07000245,West Suffolk,2,Male,19,Aged 66 to 69 years,3545
E07000245,West Suffolk,2,Male,20,Aged 70 to 74 years,4763
E07000245,West Suffolk,2,Male,21,Aged 75 to 79 years,3558
E07000245,West Suffolk,2,Male,22,Aged 80 to 84 years,2540
E07000245,West Suffolk,2,Male,23,Aged 85 years and over,1921
E07000246,Somerset West and Taunton,1,Female,1,Aged 2 years and under,2154
E07000246,Somerset West and Taunton,1,Female,2,Aged 3 to 4 years,1510
E07000246,Somerset West and Taunton,1,Female,3,Aged 5 to 7 years,2323
E07000246,Somerset West and Taunton,1,Female,4,Aged 8 to 9 years,1662
E07000246,Somerset West and Taunton,1,Female,5,Aged 10 to 14 years,4332
E07000246,Somerset West and Taunton,1,Female,6,Aged 15 years,813
E07000246,Somerset West and Taunton,1,Female,7,Aged 16 to 17 years,1722
E07000246,Somerset West and Taunton,1,Female,8,Aged 18 to 19 years,1304
E07000246,Somerset West and Taunton,1,Female,9,Aged 20 to 24 years,3332
E07000246,Somerset West and Taunton,1,Female,10,Aged 25 to 29 years,4298
E07000246,Somerset West and Taunton,1,Female,11,Aged 30 to 34 years,4705
E07000246,Somerset West and Taunton,1,Female,12,Aged 35 to 39 years,4595
E07000246,Somerset West and Taunton,1,Female,13,Aged 40 to 44 years,4353
E07000246,Somerset West and Taunton,1,Female,14,Aged 45 to 49 years,4816
E07000246,Somerset West and Taunton,1,Female,15,Aged 50 to 54 years,5647
E07000246,Somerset West and Taunton,1,Female,16,Aged 55 to 59 years,6015
E07000246,Somerset West and Taunton,1,Female,17,Aged 60 to 64 years,5565
E07000246,Somerset West and Taunton,1,Female,18,Aged 65 years,1034
E07000246,Somerset West and Taunton,1,Female,19,Aged 66 to 69 years,4255
E07000246,Somerset West and Taunton,1,Female,20,Aged 70 to 74 years,5481
E07000246,Somerset West and Taunton,1,Female,21,Aged 75 to 79 years,4313
E07000246,Somerset West and Taunton,1,Female,22,Aged 80 to 84 years,3002
E07000246,Somerset West and Taunton,1,Female,23,Aged 85 years and over,3738
E07000246,Somerset West and Taunton,2,Male,1,Aged 2 years and under,2136
E07000246,Somerset West and Taunton,2,Male,2,Aged 3 to 4 years,1562
E07000246,Somerset West and Taunton,2,Male,3,Aged 5 to 7 years,2536
E07000246,Somerset West and Taunton,2,Male,4,Aged 8 to 9 years,1778
E07000246,Somerset West and Taunton,2,Male,5,Aged 10 to 14 years,4424
E07000246,Somerset West and Taunton,2,Male,6,Aged 15 years,919
E07000246,Somerset West and Taunton,2,Male,7,Aged 16 to 17 years,1886
E07000246,Somerset West and Taunton,2,Male,8,Aged 18 to 19 years,1523
E07000246,Somerset West and Taunton,2,Male,9,Aged 20 to 24 years,3465
E07000246,Somerset West and Taunton,2,Male,10,Aged 25 to 29 years,4159
E07000246,Somerset West and Taunton,2,Male,11,Aged 30 to 34 years,4448
E07000246,Somerset West and Taunton,2,Male,12,Aged 35 to 39 years,4377
E07000246,Somerset West and Taunton,2,Male,13,Aged 40 to 44 years,4077
E07000246,Somerset West and Taunton,2,Male,14,Aged 45 to 49 years,4458
E07000246,Somerset West and Taunton,2,Male,15,Aged 50 to 54 years,5328
E07000246,Somerset West and Taunton,2,Male,16,Aged 55 to 59 years,5649
E07000246,Somerset West and Taunton,2,Male,17,Aged 60 to 64 years,5136
E07000246,Somerset West and Taunton,2,Male,18,Aged 65 years,889
E07000246,Somerset West and Taunton,2,Male,19,Aged 66 to 69 years,4021
E07000246,Somerset West and Taunton,2,Male,20,Aged 70 to 74 years,5145
E07000246,Somerset West and Taunton,2,Male,21,Aged 75 to 79 years,3841
E07000246,Somerset West and Taunton,2,Male,22,Aged 80 to 84 years,2471
E07000246,Somerset West and Taunton,2,Male,23,Aged 85 years and over,2246
E08000001,Bolton,1,Female,1,Aged 2 years and under,5376
E08000001,Bolton,1,Female,2,Aged 3 to 4 years,3713
E08000001,Bolton,1,Female,3,Aged 5 to 7 years,5834
E08000001,Bolton,1,Female,4,Aged 8 to 9 years,4142
E08000001,Bolton,1,Female,5,Aged 10 to 14 years,10074
E08000001,Bolton,1,Female,6,Aged 15 years,1877
E08000001,Bolton,1,Female,7,Aged 16 to 17 years,3740
E08000001,Bolton,1,Female,8,Aged 18 to 19 years,3065
E08000001,Bolton,1,Female,9,Aged 20 to 24 years,8116
E08000001,Bolton,1,Female,10,Aged 25 to 29 years,9283
E08000001,Bolton,1,Female,11,Aged 30 to 34 years,10763
E08000001,Bolton,1,Female,12,Aged 35 to 39 years,10314
E08000001,Bolton,1,Female,13,Aged 40 to 44 years,9253
E08000001,Bolton,1,Female,14,Aged 45 to 49 years,9338
E08000001,Bolton,1,Female,15,Aged 50 to 54 years,10017
E08000001,Bolton,1,Female,16,Aged 55 to 59 years,9701
E08000001,Bolton,1,Female,17,Aged 60 to 64 years,8129
E08000001,Bolton,1,Female,18,Aged 65 years,1378
E08000001,Bolton,1,Female,19,Aged 66 to 69 years,5638
E08000001,Bolton,1,Female,20,Aged 70 to 74 years,7437
E08000001,Bolton,1,Female,21,Aged 75 to 79 years,5374
E08000001,Bolton,1,Female,22,Aged 80 to 84 years,3807
E08000001,Bolton,1,Female,23,Aged 85 years and over,3687
E08000001,Bolton,2,Male,1,Aged 2 years and under,5503
E08000001,Bolton,2,Male,2,Aged 3 to 4 years,3866
E08000001,Bolton,2,Male,3,Aged 5 to 7 years,6110
E08000001,Bolton,2,Male,4,Aged 8 to 9 years,4348
E08000001,Bolton,2,Male,5,Aged 10 to 14 years,10743
E08000001,Bolton,2,Male,6,Aged 15 years,2088
E08000001,Bolton,2,Male,7,Aged 16 to 17 years,4060
E08000001,Bolton,2,Male,8,Aged 18 to 19 years,3489
E08000001,Bolton,2,Male,9,Aged 20 to 24 years,8522
E08000001,Bolton,2,Male,10,Aged 25 to 29 years,8485
E08000001,Bolton,2,Male,11,Aged 30 to 34 years,9279
E08000001,Bolton,2,Male,12,Aged 35 to 39 years,9628
E08000001,Bolton,2,Male,13,Aged 40 to 44 years,9255
E08000001,Bolton,2,Male,14,Aged 45 to 49 years,9433
E08000001,Bolton,2,Male,15,Aged 50 to 54 years,10106
E08000001,Bolton,2,Male,16,Aged 55 to 59 years,9510
E08000001,Bolton,2,Male,17,Aged 60 to 64 years,8081
E08000001,Bolton,2,Male,18,Aged 65 years,1391
E08000001,Bolton,2,Male,19,Aged 66 to 69 years,5464
E08000001,Bolton,2,Male,20,Aged 70 to 74 years,6753
E08000001,Bolton,2,Male,21,Aged 75 to 79 years,4710
E08000001,Bolton,2,Male,22,Aged 80 to 84 years,2976
E08000001,Bolton,2,Male,23,Aged 85 years and over,2107
E08000002,Bury,1,Female,1,Aged 2 years and under,3146
E08000002,Bury,1,Female,2,Aged 3 to 4 years,2236
E08000002,Bury,1,Female,3,Aged 5 to 7 years,3525
E08000002,Bury,1,Female,4,Aged 8 to 9 years,2529
E08000002,Bury,1,Female,5,Aged 10 to 14 years,6298
E08000002,Bury,1,Female,6,Aged 15 years,1140
E08000002,Bury,1,Female,7,Aged 16 to 17 years,2325
E08000002,Bury,1,Female,8,Aged 18 to 19 years,1829
E08000002,Bury,1,Female,9,Aged 20 to 24 years,4700
E08000002,Bury,1,Female,10,Aged 25 to 29 years,5942
E08000002,Bury,1,Female,11,Aged 30 to 34 years,7064
E08000002,Bury,1,Female,12,Aged 35 to 39 years,6922
E08000002,Bury,1,Female,13,Aged 40 to 44 years,6169
E08000002,Bury,1,Female,14,Aged 45 to 49 years,6290
E08000002,Bury,1,Female,15,Aged 50 to 54 years,6873
E08000002,Bury,1,Female,16,Aged 55 to 59 years,6775
E08000002,Bury,1,Female,17,Aged 60 to 64 years,5627
E08000002,Bury,1,Female,18,Aged 65 years,975
E08000002,Bury,1,Female,19,Aged 66 to 69 years,3917
E08000002,Bury,1,Female,20,Aged 70 to 74 years,5194
E08000002,Bury,1,Female,21,Aged 75 to 79 years,3808
E08000002,Bury,1,Female,22,Aged 80 to 84 years,2711
E08000002,Bury,1,Female,23,Aged 85 years and over,2741
E08000002,Bury,2,Male,1,Aged 2 years and under,3493
E08000002,Bury,2,Male,2,Aged 3 to 4 years,2284
E08000002,Bury,2,Male,3,Aged 5 to 7 years,3785
E08000002,Bury,2,Male,4,Aged 8 to 9 years,2651
E08000002,Bury,2,Male,5,Aged 10 to 14 years,6553
E08000002,Bury,2,Male,6,Aged 15 years,1338
E08000002,Bury,2,Male,7,Aged 16 to 17 years,2576
E08000002,Bury,2,Male,8,Aged 18 to 19 years,2024
E08000002,Bury,2,Male,9,Aged 20 to 24 years,4845
E08000002,Bury,2,Male,10,Aged 25 to 29 years,5592
E08000002,Bury,2,Male,11,Aged 30 to 34 years,6413
E08000002,Bury,2,Male,12,Aged 35 to 39 years,6438
E08000002,Bury,2,Male,13,Aged 40 to 44 years,5906
E08000002,Bury,2,Male,14,Aged 45 to 49 years,6195
E08000002,Bury,2,Male,15,Aged 50 to 54 years,6571
E08000002,Bury,2,Male,16,Aged 55 to 59 years,6685
E08000002,Bury,2,Male,17,Aged 60 to 64 years,5662
E08000002,Bury,2,Male,18,Aged 65 years,923
E08000002,Bury,2,Male,19,Aged 66 to 69 years,3611
E08000002,Bury,2,Male,20,Aged 70 to 74 years,4776
E08000002,Bury,2,Male,21,Aged 75 to 79 years,3203
E08000002,Bury,2,Male,22,Aged 80 to 84 years,2103
E08000002,Bury,2,Male,23,Aged 85 years and over,1483
E08000003,Manchester,1,Female,1,Aged 2 years and under,10204
E08000003,Manchester,1,Female,2,Aged 3 to 4 years,6911
E08000003,Manchester,1,Female,3,Aged 5 to 7 years,10637
E08000003,Manchester,1,Female,4,Aged 8 to 9 years,7257
E08000003,Manchester,1,Female,5,Aged 10 to 14 years,17739
E08000003,Manchester,1,Female,6,Aged 15 years,3320
E08000003,Manchester,1,Female,7,Aged 16 to 17 years,6406
E08000003,Manchester,1,Female,8,Aged 18 to 19 years,11772
E08000003,Manchester,1,Female,9,Aged 20 to 24 years,31916
E08000003,Manchester,1,Female,10,Aged 25 to 29 years,26479
E08000003,Manchester,1,Female,11,Aged 30 to 34 years,24156
E08000003,Manchester,1,Female,12,Aged 35 to 39 years,21302
E08000003,Manchester,1,Female,13,Aged 40 to 44 years,17920
E08000003,Manchester,1,Female,14,Aged 45 to 49 years,15163
E08000003,Manchester,1,Female,15,Aged 50 to 54 years,14786
E08000003,Manchester,1,Female,16,Aged 55 to 59 years,13272
E08000003,Manchester,1,Female,17,Aged 60 to 64 years,10743
E08000003,Manchester,1,Female,18,Aged 65 years,1827
E08000003,Manchester,1,Female,19,Aged 66 to 69 years,6310
E08000003,Manchester,1,Female,20,Aged 70 to 74 years,6983
E08000003,Manchester,1,Female,21,Aged 75 to 79 years,5039
E08000003,Manchester,1,Female,22,Aged 80 to 84 years,3865
E08000003,Manchester,1,Female,23,Aged 85 years and over,3871
E08000003,Manchester,2,Male,1,Aged 2 years and under,10253
E08000003,Manchester,2,Male,2,Aged 3 to 4 years,7010
E08000003,Manchester,2,Male,3,Aged 5 to 7 years,11045
E08000003,Manchester,2,Male,4,Aged 8 to 9 years,7620
E08000003,Manchester,2,Male,5,Aged 10 to 14 years,18605
E08000003,Manchester,2,Male,6,Aged 15 years,3376
E08000003,Manchester,2,Male,7,Aged 16 to 17 years,6567
E08000003,Manchester,2,Male,8,Aged 18 to 19 years,10977
E08000003,Manchester,2,Male,9,Aged 20 to 24 years,29971
E08000003,Manchester,2,Male,10,Aged 25 to 29 years,26104
E08000003,Manchester,2,Male,11,Aged 30 to 34 years,23843
E08000003,Manchester,2,Male,12,Aged 35 to 39 years,20748
E08000003,Manchester,2,Male,13,Aged 40 to 44 years,17858
E08000003,Manchester,2,Male,14,Aged 45 to 49 years,15904
E08000003,Manchester,2,Male,15,Aged 50 to 54 years,15584
E08000003,Manchester,2,Male,16,Aged 55 to 59 years,13421
E08000003,Manchester,2,Male,17,Aged 60 to 64 years,10899
E08000003,Manchester,2,Male,18,Aged 65 years,1824
E08000003,Manchester,2,Male,19,Aged 66 to 69 years,6522
E08000003,Manchester,2,Male,20,Aged 70 to 74 years,6834
E08000003,Manchester,2,Male,21,Aged 75 to 79 years,4167
E08000003,Manchester,2,Male,22,Aged 80 to 84 years,2824
E08000003,Manchester,2,Male,23,Aged 85 years and over,2102
E08000004,Oldham,1,Female,1,Aged 2 years and under,4571
E08000004,Oldham,1,Female,2,Aged 3 to 4 years,3240
E08000004,Oldham,1,Female,3,Aged 5 to 7 years,5060
E08000004,Oldham,1,Female,4,Aged 8 to 9 years,3594
E08000004,Oldham,1,Female,5,Aged 10 to 14 years,8949
E08000004,Oldham,1,Female,6,Aged 15 years,1671
E08000004,Oldham,1,Female,7,Aged 16 to 17 years,3460
E08000004,Oldham,1,Female,8,Aged 18 to 19 years,2720
E08000004,Oldham,1,Female,9,Aged 20 to 24 years,7067
E08000004,Oldham,1,Female,10,Aged 25 to 29 years,7800
E08000004,Oldham,1,Female,11,Aged 30 to 34 years,9033
E08000004,Oldham,1,Female,12,Aged 35 to 39 years,8511
E08000004,Oldham,1,Female,13,Aged 40 to 44 years,7809
E08000004,Oldham,1,Female,14,Aged 45 to 49 years,7405
E08000004,Oldham,1,Female,15,Aged 50 to 54 years,7884
E08000004,Oldham,1,Female,16,Aged 55 to 59 years,7672
E08000004,Oldham,1,Female,17,Aged 60 to 64 years,6357
E08000004,Oldham,1,Female,18,Aged 65 years,1196
E08000004,Oldham,1,Female,19,Aged 66 to 69 years,4356
E08000004,Oldham,1,Female,20,Aged 70 to 74 years,5570
E08000004,Oldham,1,Female,21,Aged 75 to 79 years,4159
E08000004,Oldham,1,Female,22,Aged 80 to 84 years,2982
E08000004,Oldham,1,Female,23,Aged 85 years and over,2703
E08000004,Oldham,2,Male,1,Aged 2 years and under,4787
E08000004,Oldham,2,Male,2,Aged 3 to 4 years,3407
E08000004,Oldham,2,Male,3,Aged 5 to 7 years,5195
E08000004,Oldham,2,Male,4,Aged 8 to 9 years,3597
E08000004,Oldham,2,Male,5,Aged 10 to 14 years,9119
E08000004,Oldham,2,Male,6,Aged 15 years,1864
E08000004,Oldham,2,Male,7,Aged 16 to 17 years,3452
E08000004,Oldham,2,Male,8,Aged 18 to 19 years,3087
E08000004,Oldham,2,Male,9,Aged 20 to 24 years,7066
E08000004,Oldham,2,Male,10,Aged 25 to 29 years,7175
E08000004,Oldham,2,Male,11,Aged 30 to 34 years,7687
E08000004,Oldham,2,Male,12,Aged 35 to 39 years,7683
E08000004,Oldham,2,Male,13,Aged 40 to 44 years,7284
E08000004,Oldham,2,Male,14,Aged 45 to 49 years,7441
E08000004,Oldham,2,Male,15,Aged 50 to 54 years,8154
E08000004,Oldham,2,Male,16,Aged 55 to 59 years,7385
E08000004,Oldham,2,Male,17,Aged 60 to 64 years,6289
E08000004,Oldham,2,Male,18,Aged 65 years,1037
E08000004,Oldham,2,Male,19,Aged 66 to 69 years,4230
E08000004,Oldham,2,Male,20,Aged 70 to 74 years,5070
E08000004,Oldham,2,Male,21,Aged 75 to 79 years,3432
E08000004,Oldham,2,Male,22,Aged 80 to 84 years,2371
E08000004,Oldham,2,Male,23,Aged 85 years and over,1512
E08000005,Rochdale,1,Female,1,Aged 2 years and under,4232
E08000005,Rochdale,1,Female,2,Aged 3 to 4 years,2839
E08000005,Rochdale,1,Female,3,Aged 5 to 7 years,4458
E08000005,Rochdale,1,Female,4,Aged 8 to 9 years,3057
E08000005,Rochdale,1,Female,5,Aged 10 to 14 years,7604
E08000005,Rochdale,1,Female,6,Aged 15 years,1452
E08000005,Rochdale,1,Female,7,Aged 16 to 17 years,2801
E08000005,Rochdale,1,Female,8,Aged 18 to 19 years,2204
E08000005,Rochdale,1,Female,9,Aged 20 to 24 years,6140
E08000005,Rochdale,1,Female,10,Aged 25 to 29 years,7328
E08000005,Rochdale,1,Female,11,Aged 30 to 34 years,8466
E08000005,Rochdale,1,Female,12,Aged 35 to 39 years,8095
E08000005,Rochdale,1,Female,13,Aged 40 to 44 years,7349
E08000005,Rochdale,1,Female,14,Aged 45 to 49 years,6981
E08000005,Rochdale,1,Female,15,Aged 50 to 54 years,7542
E08000005,Rochdale,1,Female,16,Aged 55 to 59 years,7201
E08000005,Rochdale,1,Female,17,Aged 60 to 64 years,6419
E08000005,Rochdale,1,Female,18,Aged 65 years,1169
E08000005,Rochdale,1,Female,19,Aged 66 to 69 years,4277
E08000005,Rochdale,1,Female,20,Aged 70 to 74 years,5409
E08000005,Rochdale,1,Female,21,Aged 75 to 79 years,3768
E08000005,Rochdale,1,Female,22,Aged 80 to 84 years,2584
E08000005,Rochdale,1,Female,23,Aged 85 years and over,2680
E08000005,Rochdale,2,Male,1,Aged 2 years and under,4379
E08000005,Rochdale,2,Male,2,Aged 3 to 4 years,3189
E08000005,Rochdale,2,Male,3,Aged 5 to 7 years,4663
E08000005,Rochdale,2,Male,4,Aged 8 to 9 years,3297
E08000005,Rochdale,2,Male,5,Aged 10 to 14 years,8124
E08000005,Rochdale,2,Male,6,Aged 15 years,1532
E08000005,Rochdale,2,Male,7,Aged 16 to 17 years,2997
E08000005,Rochdale,2,Male,8,Aged 18 to 19 years,2471
E08000005,Rochdale,2,Male,9,Aged 20 to 24 years,6061
E08000005,Rochdale,2,Male,10,Aged 25 to 29 years,6749
E08000005,Rochdale,2,Male,11,Aged 30 to 34 years,7450
E08000005,Rochdale,2,Male,12,Aged 35 to 39 years,7222
E08000005,Rochdale,2,Male,13,Aged 40 to 44 years,6783
E08000005,Rochdale,2,Male,14,Aged 45 to 49 years,6997
E08000005,Rochdale,2,Male,15,Aged 50 to 54 years,7568
E08000005,Rochdale,2,Male,16,Aged 55 to 59 years,7181
E08000005,Rochdale,2,Male,17,Aged 60 to 64 years,6075
E08000005,Rochdale,2,Male,18,Aged 65 years,1116
E08000005,Rochdale,2,Male,19,Aged 66 to 69 years,4294
E08000005,Rochdale,2,Male,20,Aged 70 to 74 years,4924
E08000005,Rochdale,2,Male,21,Aged 75 to 79 years,3214
E08000005,Rochdale,2,Male,22,Aged 80 to 84 years,2007
E08000005,Rochdale,2,Male,23,Aged 85 years and over,1425
E08000006,Salford,1,Female,1,Aged 2 years and under,5097
E08000006,Salford,1,Female,2,Aged 3 to 4 years,3211
E08000006,Salford,1,Female,3,Aged 5 to 7 years,4960
E08000006,Salford,1,Female,4,Aged 8 to 9 years,3226
E08000006,Salford,1,Female,5,Aged 10 to 14 years,7768
E08000006,Salford,1,Female,6,Aged 15 years,1510
E08000006,Salford,1,Female,7,Aged 16 to 17 years,2703
E08000006,Salford,1,Female,8,Aged 18 to 19 years,3473
E08000006,Salford,1,Female,9,Aged 20 to 24 years,11543
E08000006,Salford,1,Female,10,Aged 25 to 29 years,13283
E08000006,Salford,1,Female,11,Aged 30 to 34 years,11895
E08000006,Salford,1,Female,12,Aged 35 to 39 years,9844
E08000006,Salford,1,Female,13,Aged 40 to 44 years,7993
E08000006,Salford,1,Female,14,Aged 45 to 49 years,7391
E08000006,Salford,1,Female,15,Aged 50 to 54 years,7701
E08000006,Salford,1,Female,16,Aged 55 to 59 years,7295
E08000006,Salford,1,Female,17,Aged 60 to 64 years,6260
E08000006,Salford,1,Female,18,Aged 65 years,1012
E08000006,Salford,1,Female,19,Aged 66 to 69 years,3854
E08000006,Salford,1,Female,20,Aged 70 to 74 years,5155
E08000006,Salford,1,Female,21,Aged 75 to 79 years,3672
E08000006,Salford,1,Female,22,Aged 80 to 84 years,2799
E08000006,Salford,1,Female,23,Aged 85 years and over,2744
E08000006,Salford,2,Male,1,Aged 2 years and under,5456
E08000006,Salford,2,Male,2,Aged 3 to 4 years,3493
E08000006,Salford,2,Male,3,Aged 5 to 7 years,5048
E08000006,Salford,2,Male,4,Aged 8 to 9 years,3479
E08000006,Salford,2,Male,5,Aged 10 to 14 years,8291
E08000006,Salford,2,Male,6,Aged 15 years,1461
E08000006,Salford,2,Male,7,Aged 16 to 17 years,2938
E08000006,Salford,2,Male,8,Aged 18 to 19 years,3409
E08000006,Salford,2,Male,9,Aged 20 to 24 years,11114
E08000006,Salford,2,Male,10,Aged 25 to 29 years,13151
E08000006,Salford,2,Male,11,Aged 30 to 34 years,12546
E08000006,Salford,2,Male,12,Aged 35 to 39 years,10630
E08000006,Salford,2,Male,13,Aged 40 to 44 years,8351
E08000006,Salford,2,Male,14,Aged 45 to 49 years,7589
E08000006,Salford,2,Male,15,Aged 50 to 54 years,7735
E08000006,Salford,2,Male,16,Aged 55 to 59 years,7752
E08000006,Salford,2,Male,17,Aged 60 to 64 years,6406
E08000006,Salford,2,Male,18,Aged 65 years,1060
E08000006,Salford,2,Male,19,Aged 66 to 69 years,3755
E08000006,Salford,2,Male,20,Aged 70 to 74 years,4817
E08000006,Salford,2,Male,21,Aged 75 to 79 years,3215
E08000006,Salford,2,Male,22,Aged 80 to 84 years,2207
E08000006,Salford,2,Male,23,Aged 85 years and over,1637
E08000007,Stockport,1,Female,1,Aged 2 years and under,4791
E08000007,Stockport,1,Female,2,Aged 3 to 4 years,3326
E08000007,Stockport,1,Female,3,Aged 5 to 7 years,5349
E08000007,Stockport,1,Female,4,Aged 8 to 9 years,3575
E08000007,Stockport,1,Female,5,Aged 10 to 14 years,8636
E08000007,Stockport,1,Female,6,Aged 15 years,1529
E08000007,Stockport,1,Female,7,Aged 16 to 17 years,3120
E08000007,Stockport,1,Female,8,Aged 18 to 19 years,2278
E08000007,Stockport,1,Female,9,Aged 20 to 24 years,6600
E08000007,Stockport,1,Female,10,Aged 25 to 29 years,8805
E08000007,Stockport,1,Female,11,Aged 30 to 34 years,10560
E08000007,Stockport,1,Female,12,Aged 35 to 39 years,10636
E08000007,Stockport,1,Female,13,Aged 40 to 44 years,9954
E08000007,Stockport,1,Female,14,Aged 45 to 49 years,9744
E08000007,Stockport,1,Female,15,Aged 50 to 54 years,10423
E08000007,Stockport,1,Female,16,Aged 55 to 59 years,10448
E08000007,Stockport,1,Female,17,Aged 60 to 64 years,9090
E08000007,Stockport,1,Female,18,Aged 65 years,1649
E08000007,Stockport,1,Female,19,Aged 66 to 69 years,6195
E08000007,Stockport,1,Female,20,Aged 70 to 74 years,8241
E08000007,Stockport,1,Female,21,Aged 75 to 79 years,6295
E08000007,Stockport,1,Female,22,Aged 80 to 84 years,4899
E08000007,Stockport,1,Female,23,Aged 85 years and over,5230
E08000007,Stockport,2,Male,1,Aged 2 years and under,4942
E08000007,Stockport,2,Male,2,Aged 3 to 4 years,3516
E08000007,Stockport,2,Male,3,Aged 5 to 7 years,5447
E08000007,Stockport,2,Male,4,Aged 8 to 9 years,3686
E08000007,Stockport,2,Male,5,Aged 10 to 14 years,9291
E08000007,Stockport,2,Male,6,Aged 15 years,1758
E08000007,Stockport,2,Male,7,Aged 16 to 17 years,3469
E08000007,Stockport,2,Male,8,Aged 18 to 19 years,2610
E08000007,Stockport,2,Male,9,Aged 20 to 24 years,6767
E08000007,Stockport,2,Male,10,Aged 25 to 29 years,8138
E08000007,Stockport,2,Male,11,Aged 30 to 34 years,9498
E08000007,Stockport,2,Male,12,Aged 35 to 39 years,9763
E08000007,Stockport,2,Male,13,Aged 40 to 44 years,9546
E08000007,Stockport,2,Male,14,Aged 45 to 49 years,9444
E08000007,Stockport,2,Male,15,Aged 50 to 54 years,10139
E08000007,Stockport,2,Male,16,Aged 55 to 59 years,10009
E08000007,Stockport,2,Male,17,Aged 60 to 64 years,8611
E08000007,Stockport,2,Male,18,Aged 65 years,1625
E08000007,Stockport,2,Male,19,Aged 66 to 69 years,5829
E08000007,Stockport,2,Male,20,Aged 70 to 74 years,7412
E08000007,Stockport,2,Male,21,Aged 75 to 79 years,5188
E08000007,Stockport,2,Male,22,Aged 80 to 84 years,3680
E08000007,Stockport,2,Male,23,Aged 85 years and over,3032
E08000008,Tameside,1,Female,1,Aged 2 years and under,3805
E08000008,Tameside,1,Female,2,Aged 3 to 4 years,2687
E08000008,Tameside,1,Female,3,Aged 5 to 7 years,4253
E08000008,Tameside,1,Female,4,Aged 8 to 9 years,2981
E08000008,Tameside,1,Female,5,Aged 10 to 14 years,7298
E08000008,Tameside,1,Female,6,Aged 15 years,1312
E08000008,Tameside,1,Female,7,Aged 16 to 17 years,2583
E08000008,Tameside,1,Female,8,Aged 18 to 19 years,2106
E08000008,Tameside,1,Female,9,Aged 20 to 24 years,6036
E08000008,Tameside,1,Female,10,Aged 25 to 29 years,7858
E08000008,Tameside,1,Female,11,Aged 30 to 34 years,8837
E08000008,Tameside,1,Female,12,Aged 35 to 39 years,8119
E08000008,Tameside,1,Female,13,Aged 40 to 44 years,7301
E08000008,Tameside,1,Female,14,Aged 45 to 49 years,7435
E08000008,Tameside,1,Female,15,Aged 50 to 54 years,8223
E08000008,Tameside,1,Female,16,Aged 55 to 59 years,8168
E08000008,Tameside,1,Female,17,Aged 60 to 64 years,6907
E08000008,Tameside,1,Female,18,Aged 65 years,1213
E08000008,Tameside,1,Female,19,Aged 66 to 69 years,4494
E08000008,Tameside,1,Female,20,Aged 70 to 74 years,6006
E08000008,Tameside,1,Female,21,Aged 75 to 79 years,4319
E08000008,Tameside,1,Female,22,Aged 80 to 84 years,3043
E08000008,Tameside,1,Female,23,Aged 85 years and over,2810
E08000008,Tameside,2,Male,1,Aged 2 years and under,4224
E08000008,Tameside,2,Male,2,Aged 3 to 4 years,2950
E08000008,Tameside,2,Male,3,Aged 5 to 7 years,4312
E08000008,Tameside,2,Male,4,Aged 8 to 9 years,3155
E08000008,Tameside,2,Male,5,Aged 10 to 14 years,7575
E08000008,Tameside,2,Male,6,Aged 15 years,1384
E08000008,Tameside,2,Male,7,Aged 16 to 17 years,2676
E08000008,Tameside,2,Male,8,Aged 18 to 19 years,2390
E08000008,Tameside,2,Male,9,Aged 20 to 24 years,5871
E08000008,Tameside,2,Male,10,Aged 25 to 29 years,7094
E08000008,Tameside,2,Male,11,Aged 30 to 34 years,7729
E08000008,Tameside,2,Male,12,Aged 35 to 39 years,7621
E08000008,Tameside,2,Male,13,Aged 40 to 44 years,7076
E08000008,Tameside,2,Male,14,Aged 45 to 49 years,7230
E08000008,Tameside,2,Male,15,Aged 50 to 54 years,8379
E08000008,Tameside,2,Male,16,Aged 55 to 59 years,8130
E08000008,Tameside,2,Male,17,Aged 60 to 64 years,6851
E08000008,Tameside,2,Male,18,Aged 65 years,1219
E08000008,Tameside,2,Male,19,Aged 66 to 69 years,4325
E08000008,Tameside,2,Male,20,Aged 70 to 74 years,5552
E08000008,Tameside,2,Male,21,Aged 75 to 79 years,3653
E08000008,Tameside,2,Male,22,Aged 80 to 84 years,2288
E08000008,Tameside,2,Male,23,Aged 85 years and over,1593
E08000009,Trafford,1,Female,1,Aged 2 years and under,3778
E08000009,Trafford,1,Female,2,Aged 3 to 4 years,2898
E08000009,Trafford,1,Female,3,Aged 5 to 7 years,4518
E08000009,Trafford,1,Female,4,Aged 8 to 9 years,3193
E08000009,Trafford,1,Female,5,Aged 10 to 14 years,8044
E08000009,Trafford,1,Female,6,Aged 15 years,1435
E08000009,Trafford,1,Female,7,Aged 16 to 17 years,2888
E08000009,Trafford,1,Female,8,Aged 18 to 19 years,2081
E08000009,Trafford,1,Female,9,Aged 20 to 24 years,5151
E08000009,Trafford,1,Female,10,Aged 25 to 29 years,6284
E08000009,Trafford,1,Female,11,Aged 30 to 34 years,7973
E08000009,Trafford,1,Female,12,Aged 35 to 39 years,9129
E08000009,Trafford,1,Female,13,Aged 40 to 44 years,9070
E08000009,Trafford,1,Female,14,Aged 45 to 49 years,8367
E08000009,Trafford,1,Female,15,Aged 50 to 54 years,8387
E08000009,Trafford,1,Female,16,Aged 55 to 59 years,8098
E08000009,Trafford,1,Female,17,Aged 60 to 64 years,6587
E08000009,Trafford,1,Female,18,Aged 65 years,1157
E08000009,Trafford,1,Female,19,Aged 66 to 69 years,4383
E08000009,Trafford,1,Female,20,Aged 70 to 74 years,5648
E08000009,Trafford,1,Female,21,Aged 75 to 79 years,4393
E08000009,Trafford,1,Female,22,Aged 80 to 84 years,3513
E08000009,Trafford,1,Female,23,Aged 85 years and over,3667
E08000009,Trafford,2,Male,1,Aged 2 years and under,3891
E08000009,Trafford,2,Male,2,Aged 3 to 4 years,2899
E08000009,Trafford,2,Male,3,Aged 5 to 7 years,4857
E08000009,Trafford,2,Male,4,Aged 8 to 9 years,3441
E08000009,Trafford,2,Male,5,Aged 10 to 14 years,8387
E08000009,Trafford,2,Male,6,Aged 15 years,1560
E08000009,Trafford,2,Male,7,Aged 16 to 17 years,3012
E08000009,Trafford,2,Male,8,Aged 18 to 19 years,2233
E08000009,Trafford,2,Male,9,Aged 20 to 24 years,5380
E08000009,Trafford,2,Male,10,Aged 25 to 29 years,6283
E08000009,Trafford,2,Male,11,Aged 30 to 34 years,6929
E08000009,Trafford,2,Male,12,Aged 35 to 39 years,8209
E08000009,Trafford,2,Male,13,Aged 40 to 44 years,8309
E08000009,Trafford,2,Male,14,Aged 45 to 49 years,8126
E08000009,Trafford,2,Male,15,Aged 50 to 54 years,8078
E08000009,Trafford,2,Male,16,Aged 55 to 59 years,7820
E08000009,Trafford,2,Male,17,Aged 60 to 64 years,6465
E08000009,Trafford,2,Male,18,Aged 65 years,1159
E08000009,Trafford,2,Male,19,Aged 66 to 69 years,4125
E08000009,Trafford,2,Male,20,Aged 70 to 74 years,5016
E08000009,Trafford,2,Male,21,Aged 75 to 79 years,3526
E08000009,Trafford,2,Male,22,Aged 80 to 84 years,2536
E08000009,Trafford,2,Male,23,Aged 85 years and over,2170
E08000010,Wigan,1,Female,1,Aged 2 years and under,4987
E08000010,Wigan,1,Female,2,Aged 3 to 4 years,3667
E08000010,Wigan,1,Female,3,Aged 5 to 7 years,5496
E08000010,Wigan,1,Female,4,Aged 8 to 9 years,3873
E08000010,Wigan,1,Female,5,Aged 10 to 14 years,9512
E08000010,Wigan,1,Female,6,Aged 15 years,1861
E08000010,Wigan,1,Female,7,Aged 16 to 17 years,3627
E08000010,Wigan,1,Female,8,Aged 18 to 19 years,2899
E08000010,Wigan,1,Female,9,Aged 20 to 24 years,8378
E08000010,Wigan,1,Female,10,Aged 25 to 29 years,10831
E08000010,Wigan,1,Female,11,Aged 30 to 34 years,11640
E08000010,Wigan,1,Female,12,Aged 35 to 39 years,10940
E08000010,Wigan,1,Female,13,Aged 40 to 44 years,9914
E08000010,Wigan,1,Female,14,Aged 45 to 49 years,10630
E08000010,Wigan,1,Female,15,Aged 50 to 54 years,12502
E08000010,Wigan,1,Female,16,Aged 55 to 59 years,11561
E08000010,Wigan,1,Female,17,Aged 60 to 64 years,10006
E08000010,Wigan,1,Female,18,Aged 65 years,1716
E08000010,Wigan,1,Female,19,Aged 66 to 69 years,6957
E08000010,Wigan,1,Female,20,Aged 70 to 74 years,9554
E08000010,Wigan,1,Female,21,Aged 75 to 79 years,7067
E08000010,Wigan,1,Female,22,Aged 80 to 84 years,4633
E08000010,Wigan,1,Female,23,Aged 85 years and over,4082
E08000010,Wigan,2,Male,1,Aged 2 years and under,5242
E08000010,Wigan,2,Male,2,Aged 3 to 4 years,3886
E08000010,Wigan,2,Male,3,Aged 5 to 7 years,5891
E08000010,Wigan,2,Male,4,Aged 8 to 9 years,3987
E08000010,Wigan,2,Male,5,Aged 10 to 14 years,10274
E08000010,Wigan,2,Male,6,Aged 15 years,1960
E08000010,Wigan,2,Male,7,Aged 16 to 17 years,3862
E08000010,Wigan,2,Male,8,Aged 18 to 19 years,3237
E08000010,Wigan,2,Male,9,Aged 20 to 24 years,8679
E08000010,Wigan,2,Male,10,Aged 25 to 29 years,10003
E08000010,Wigan,2,Male,11,Aged 30 to 34 years,11215
E08000010,Wigan,2,Male,12,Aged 35 to 39 years,10734
E08000010,Wigan,2,Male,13,Aged 40 to 44 years,9731
E08000010,Wigan,2,Male,14,Aged 45 to 49 years,10805
E08000010,Wigan,2,Male,15,Aged 50 to 54 years,12482
E08000010,Wigan,2,Male,16,Aged 55 to 59 years,11687
E08000010,Wigan,2,Male,17,Aged 60 to 64 years,9728
E08000010,Wigan,2,Male,18,Aged 65 years,1713
E08000010,Wigan,2,Male,19,Aged 66 to 69 years,6521
E08000010,Wigan,2,Male,20,Aged 70 to 74 years,8786
E08000010,Wigan,2,Male,21,Aged 75 to 79 years,6415
E08000010,Wigan,2,Male,22,Aged 80 to 84 years,3830
E08000010,Wigan,2,Male,23,Aged 85 years and over,2328
E08000011,Knowsley,1,Female,1,Aged 2 years and under,2812
E08000011,Knowsley,1,Female,2,Aged 3 to 4 years,1957
E08000011,Knowsley,1,Female,3,Aged 5 to 7 years,2682
E08000011,Knowsley,1,Female,4,Aged 8 to 9 years,1876
E08000011,Knowsley,1,Female,5,Aged 10 to 14 years,4428
E08000011,Knowsley,1,Female,6,Aged 15 years,893
E08000011,Knowsley,1,Female,7,Aged 16 to 17 years,1735
E08000011,Knowsley,1,Female,8,Aged 18 to 19 years,1504
E08000011,Knowsley,1,Female,9,Aged 20 to 24 years,4430
E08000011,Knowsley,1,Female,10,Aged 25 to 29 years,5661
E08000011,Knowsley,1,Female,11,Aged 30 to 34 years,6321
E08000011,Knowsley,1,Female,12,Aged 35 to 39 years,5441
E08000011,Knowsley,1,Female,13,Aged 40 to 44 years,4552
E08000011,Knowsley,1,Female,14,Aged 45 to 49 years,4612
E08000011,Knowsley,1,Female,15,Aged 50 to 54 years,5710
E08000011,Knowsley,1,Female,16,Aged 55 to 59 years,6197
E08000011,Knowsley,1,Female,17,Aged 60 to 64 years,5417
E08000011,Knowsley,1,Female,18,Aged 65 years,912
E08000011,Knowsley,1,Female,19,Aged 66 to 69 years,3359
E08000011,Knowsley,1,Female,20,Aged 70 to 74 years,3613
E08000011,Knowsley,1,Female,21,Aged 75 to 79 years,2459
E08000011,Knowsley,1,Female,22,Aged 80 to 84 years,2047
E08000011,Knowsley,1,Female,23,Aged 85 years and over,2053
E08000011,Knowsley,2,Male,1,Aged 2 years and under,2945
E08000011,Knowsley,2,Male,2,Aged 3 to 4 years,2021
E08000011,Knowsley,2,Male,3,Aged 5 to 7 years,2943
E08000011,Knowsley,2,Male,4,Aged 8 to 9 years,1988
E08000011,Knowsley,2,Male,5,Aged 10 to 14 years,4734
E08000011,Knowsley,2,Male,6,Aged 15 years,941
E08000011,Knowsley,2,Male,7,Aged 16 to 17 years,1777
E08000011,Knowsley,2,Male,8,Aged 18 to 19 years,1540
E08000011,Knowsley,2,Male,9,Aged 20 to 24 years,4148
E08000011,Knowsley,2,Male,10,Aged 25 to 29 years,4957
E08000011,Knowsley,2,Male,11,Aged 30 to 34 years,5366
E08000011,Knowsley,2,Male,12,Aged 35 to 39 years,4877
E08000011,Knowsley,2,Male,13,Aged 40 to 44 years,3986
E08000011,Knowsley,2,Male,14,Aged 45 to 49 years,4175
E08000011,Knowsley,2,Male,15,Aged 50 to 54 years,5018
E08000011,Knowsley,2,Male,16,Aged 55 to 59 years,5541
E08000011,Knowsley,2,Male,17,Aged 60 to 64 years,5092
E08000011,Knowsley,2,Male,18,Aged 65 years,876
E08000011,Knowsley,2,Male,19,Aged 66 to 69 years,3066
E08000011,Knowsley,2,Male,20,Aged 70 to 74 years,3286
E08000011,Knowsley,2,Male,21,Aged 75 to 79 years,1956
E08000011,Knowsley,2,Male,22,Aged 80 to 84 years,1462
E08000011,Knowsley,2,Male,23,Aged 85 years and over,1153
E08000012,Liverpool,1,Female,1,Aged 2 years and under,7723
E08000012,Liverpool,1,Female,2,Aged 3 to 4 years,5170
E08000012,Liverpool,1,Female,3,Aged 5 to 7 years,7810
E08000012,Liverpool,1,Female,4,Aged 8 to 9 years,5236
E08000012,Liverpool,1,Female,5,Aged 10 to 14 years,12376
E08000012,Liverpool,1,Female,6,Aged 15 years,2258
E08000012,Liverpool,1,Female,7,Aged 16 to 17 years,4737
E08000012,Liverpool,1,Female,8,Aged 18 to 19 years,10462
E08000012,Liverpool,1,Female,9,Aged 20 to 24 years,25629
E08000012,Liverpool,1,Female,10,Aged 25 to 29 years,19296
E08000012,Liverpool,1,Female,11,Aged 30 to 34 years,18768
E08000012,Liverpool,1,Female,12,Aged 35 to 39 years,16848
E08000012,Liverpool,1,Female,13,Aged 40 to 44 years,14000
E08000012,Liverpool,1,Female,14,Aged 45 to 49 years,13278
E08000012,Liverpool,1,Female,15,Aged 50 to 54 years,14845
E08000012,Liverpool,1,Female,16,Aged 55 to 59 years,16153
E08000012,Liverpool,1,Female,17,Aged 60 to 64 years,14229
E08000012,Liverpool,1,Female,18,Aged 65 years,2502
E08000012,Liverpool,1,Female,19,Aged 66 to 69 years,9049
E08000012,Liverpool,1,Female,20,Aged 70 to 74 years,10505
E08000012,Liverpool,1,Female,21,Aged 75 to 79 years,7232
E08000012,Liverpool,1,Female,22,Aged 80 to 84 years,5743
E08000012,Liverpool,1,Female,23,Aged 85 years and over,5611
E08000012,Liverpool,2,Male,1,Aged 2 years and under,7925
E08000012,Liverpool,2,Male,2,Aged 3 to 4 years,5554
E08000012,Liverpool,2,Male,3,Aged 5 to 7 years,8188
E08000012,Liverpool,2,Male,4,Aged 8 to 9 years,5492
E08000012,Liverpool,2,Male,5,Aged 10 to 14 years,12868
E08000012,Liverpool,2,Male,6,Aged 15 years,2460
E08000012,Liverpool,2,Male,7,Aged 16 to 17 years,4929
E08000012,Liverpool,2,Male,8,Aged 18 to 19 years,9000
E08000012,Liverpool,2,Male,9,Aged 20 to 24 years,23708
E08000012,Liverpool,2,Male,10,Aged 25 to 29 years,18786
E08000012,Liverpool,2,Male,11,Aged 30 to 34 years,18546
E08000012,Liverpool,2,Male,12,Aged 35 to 39 years,16289
E08000012,Liverpool,2,Male,13,Aged 40 to 44 years,13773
E08000012,Liverpool,2,Male,14,Aged 45 to 49 years,13301
E08000012,Liverpool,2,Male,15,Aged 50 to 54 years,14310
E08000012,Liverpool,2,Male,16,Aged 55 to 59 years,14506
E08000012,Liverpool,2,Male,17,Aged 60 to 64 years,13313
E08000012,Liverpool,2,Male,18,Aged 65 years,2385
E08000012,Liverpool,2,Male,19,Aged 66 to 69 years,8485
E08000012,Liverpool,2,Male,20,Aged 70 to 74 years,9489
E08000012,Liverpool,2,Male,21,Aged 75 to 79 years,6028
E08000012,Liverpool,2,Male,22,Aged 80 to 84 years,4248
E08000012,Liverpool,2,Male,23,Aged 85 years and over,3045
E08000013,St. Helens,1,Female,1,Aged 2 years and under,2736
E08000013,St. Helens,1,Female,2,Aged 3 to 4 years,1954
E08000013,St. Helens,1,Female,3,Aged 5 to 7 years,2929
E08000013,St. Helens,1,Female,4,Aged 8 to 9 years,2080
E08000013,St. Helens,1,Female,5,Aged 10 to 14 years,5224
E08000013,St. Helens,1,Female,6,Aged 15 years,996
E08000013,St. Helens,1,Female,7,Aged 16 to 17 years,1998
E08000013,St. Helens,1,Female,8,Aged 18 to 19 years,1576
E08000013,St. Helens,1,Female,9,Aged 20 to 24 years,4635
E08000013,St. Helens,1,Female,10,Aged 25 to 29 years,6037
E08000013,St. Helens,1,Female,11,Aged 30 to 34 years,6339
E08000013,St. Helens,1,Female,12,Aged 35 to 39 years,5989
E08000013,St. Helens,1,Female,13,Aged 40 to 44 years,5377
E08000013,St. Helens,1,Female,14,Aged 45 to 49 years,5929
E08000013,St. Helens,1,Female,15,Aged 50 to 54 years,6790
E08000013,St. Helens,1,Female,16,Aged 55 to 59 years,6718
E08000013,St. Helens,1,Female,17,Aged 60 to 64 years,5742
E08000013,St. Helens,1,Female,18,Aged 65 years,1086
E08000013,St. Helens,1,Female,19,Aged 66 to 69 years,4062
E08000013,St. Helens,1,Female,20,Aged 70 to 74 years,5502
E08000013,St. Helens,1,Female,21,Aged 75 to 79 years,4004
E08000013,St. Helens,1,Female,22,Aged 80 to 84 years,2924
E08000013,St. Helens,1,Female,23,Aged 85 years and over,2705
E08000013,St. Helens,2,Male,1,Aged 2 years and under,2904
E08000013,St. Helens,2,Male,2,Aged 3 to 4 years,2064
E08000013,St. Helens,2,Male,3,Aged 5 to 7 years,3137
E08000013,St. Helens,2,Male,4,Aged 8 to 9 years,2200
E08000013,St. Helens,2,Male,5,Aged 10 to 14 years,5398
E08000013,St. Helens,2,Male,6,Aged 15 years,1054
E08000013,St. Helens,2,Male,7,Aged 16 to 17 years,2080
E08000013,St. Helens,2,Male,8,Aged 18 to 19 years,1687
E08000013,St. Helens,2,Male,9,Aged 20 to 24 years,4734
E08000013,St. Helens,2,Male,10,Aged 25 to 29 years,5484
E08000013,St. Helens,2,Male,11,Aged 30 to 34 years,5919
E08000013,St. Helens,2,Male,12,Aged 35 to 39 years,5724
E08000013,St. Helens,2,Male,13,Aged 40 to 44 years,5325
E08000013,St. Helens,2,Male,14,Aged 45 to 49 years,5887
E08000013,St. Helens,2,Male,15,Aged 50 to 54 years,6643
E08000013,St. Helens,2,Male,16,Aged 55 to 59 years,6572
E08000013,St. Helens,2,Male,17,Aged 60 to 64 years,5744
E08000013,St. Helens,2,Male,18,Aged 65 years,1011
E08000013,St. Helens,2,Male,19,Aged 66 to 69 years,3809
E08000013,St. Helens,2,Male,20,Aged 70 to 74 years,5027
E08000013,St. Helens,2,Male,21,Aged 75 to 79 years,3548
E08000013,St. Helens,2,Male,22,Aged 80 to 84 years,2283
E08000013,St. Helens,2,Male,23,Aged 85 years and over,1680
E08000014,Sefton,1,Female,1,Aged 2 years and under,3839
E08000014,Sefton,1,Female,2,Aged 3 to 4 years,2772
E08000014,Sefton,1,Female,3,Aged 5 to 7 years,4443
E08000014,Sefton,1,Female,4,Aged 8 to 9 years,2894
E08000014,Sefton,1,Female,5,Aged 10 to 14 years,7395
E08000014,Sefton,1,Female,6,Aged 15 years,1437
E08000014,Sefton,1,Female,7,Aged 16 to 17 years,3011
E08000014,Sefton,1,Female,8,Aged 18 to 19 years,2369
E08000014,Sefton,1,Female,9,Aged 20 to 24 years,6563
E08000014,Sefton,1,Female,10,Aged 25 to 29 years,7733
E08000014,Sefton,1,Female,11,Aged 30 to 34 years,8884
E08000014,Sefton,1,Female,12,Aged 35 to 39 years,8632
E08000014,Sefton,1,Female,13,Aged 40 to 44 years,7936
E08000014,Sefton,1,Female,14,Aged 45 to 49 years,8621
E08000014,Sefton,1,Female,15,Aged 50 to 54 years,10257
E08000014,Sefton,1,Female,16,Aged 55 to 59 years,11211
E08000014,Sefton,1,Female,17,Aged 60 to 64 years,10247
E08000014,Sefton,1,Female,18,Aged 65 years,1800
E08000014,Sefton,1,Female,19,Aged 66 to 69 years,6922
E08000014,Sefton,1,Female,20,Aged 70 to 74 years,8624
E08000014,Sefton,1,Female,21,Aged 75 to 79 years,6852
E08000014,Sefton,1,Female,22,Aged 80 to 84 years,5553
E08000014,Sefton,1,Female,23,Aged 85 years and over,5993
E08000014,Sefton,2,Male,1,Aged 2 years and under,3977
E08000014,Sefton,2,Male,2,Aged 3 to 4 years,2919
E08000014,Sefton,2,Male,3,Aged 5 to 7 years,4582
E08000014,Sefton,2,Male,4,Aged 8 to 9 years,3153
E08000014,Sefton,2,Male,5,Aged 10 to 14 years,7900
E08000014,Sefton,2,Male,6,Aged 15 years,1531
E08000014,Sefton,2,Male,7,Aged 16 to 17 years,3144
E08000014,Sefton,2,Male,8,Aged 18 to 19 years,2538
E08000014,Sefton,2,Male,9,Aged 20 to 24 years,6937
E08000014,Sefton,2,Male,10,Aged 25 to 29 years,7501
E08000014,Sefton,2,Male,11,Aged 30 to 34 years,8254
E08000014,Sefton,2,Male,12,Aged 35 to 39 years,8201
E08000014,Sefton,2,Male,13,Aged 40 to 44 years,7618
E08000014,Sefton,2,Male,14,Aged 45 to 49 years,8079
E08000014,Sefton,2,Male,15,Aged 50 to 54 years,9853
E08000014,Sefton,2,Male,16,Aged 55 to 59 years,10468
E08000014,Sefton,2,Male,17,Aged 60 to 64 years,9568
E08000014,Sefton,2,Male,18,Aged 65 years,1650
E08000014,Sefton,2,Male,19,Aged 66 to 69 years,6517
E08000014,Sefton,2,Male,20,Aged 70 to 74 years,7872
E08000014,Sefton,2,Male,21,Aged 75 to 79 years,5584
E08000014,Sefton,2,Male,22,Aged 80 to 84 years,4038
E08000014,Sefton,2,Male,23,Aged 85 years and over,3358
E08000015,Wirral,1,Female,1,Aged 2 years and under,4660
E08000015,Wirral,1,Female,2,Aged 3 to 4 years,3192
E08000015,Wirral,1,Female,3,Aged 5 to 7 years,5261
E08000015,Wirral,1,Female,4,Aged 8 to 9 years,3800
E08000015,Wirral,1,Female,5,Aged 10 to 14 years,9441
E08000015,Wirral,1,Female,6,Aged 15 years,1793
E08000015,Wirral,1,Female,7,Aged 16 to 17 years,3671
E08000015,Wirral,1,Female,8,Aged 18 to 19 years,2731
E08000015,Wirral,1,Female,9,Aged 20 to 24 years,7438
E08000015,Wirral,1,Female,10,Aged 25 to 29 years,9187
E08000015,Wirral,1,Female,11,Aged 30 to 34 years,10363
E08000015,Wirral,1,Female,12,Aged 35 to 39 years,10063
E08000015,Wirral,1,Female,13,Aged 40 to 44 years,9513
E08000015,Wirral,1,Female,14,Aged 45 to 49 years,10256
E08000015,Wirral,1,Female,15,Aged 50 to 54 years,11799
E08000015,Wirral,1,Female,16,Aged 55 to 59 years,12455
E08000015,Wirral,1,Female,17,Aged 60 to 64 years,10963
E08000015,Wirral,1,Female,18,Aged 65 years,2000
E08000015,Wirral,1,Female,19,Aged 66 to 69 years,7867
E08000015,Wirral,1,Female,20,Aged 70 to 74 years,9943
E08000015,Wirral,1,Female,21,Aged 75 to 79 years,7210
E08000015,Wirral,1,Female,22,Aged 80 to 84 years,5589
E08000015,Wirral,1,Female,23,Aged 85 years and over,5930
E08000015,Wirral,2,Male,1,Aged 2 years and under,4851
E08000015,Wirral,2,Male,2,Aged 3 to 4 years,3613
E08000015,Wirral,2,Male,3,Aged 5 to 7 years,5651
E08000015,Wirral,2,Male,4,Aged 8 to 9 years,4086
E08000015,Wirral,2,Male,5,Aged 10 to 14 years,9810
E08000015,Wirral,2,Male,6,Aged 15 years,1930
E08000015,Wirral,2,Male,7,Aged 16 to 17 years,3805
E08000015,Wirral,2,Male,8,Aged 18 to 19 years,3067
E08000015,Wirral,2,Male,9,Aged 20 to 24 years,7638
E08000015,Wirral,2,Male,10,Aged 25 to 29 years,8679
E08000015,Wirral,2,Male,11,Aged 30 to 34 years,9393
E08000015,Wirral,2,Male,12,Aged 35 to 39 years,9160
E08000015,Wirral,2,Male,13,Aged 40 to 44 years,8856
E08000015,Wirral,2,Male,14,Aged 45 to 49 years,9501
E08000015,Wirral,2,Male,15,Aged 50 to 54 years,11149
E08000015,Wirral,2,Male,16,Aged 55 to 59 years,11479
E08000015,Wirral,2,Male,17,Aged 60 to 64 years,10556
E08000015,Wirral,2,Male,18,Aged 65 years,1840
E08000015,Wirral,2,Male,19,Aged 66 to 69 years,7212
E08000015,Wirral,2,Male,20,Aged 70 to 74 years,9158
E08000015,Wirral,2,Male,21,Aged 75 to 79 years,6166
E08000015,Wirral,2,Male,22,Aged 80 to 84 years,4125
E08000015,Wirral,2,Male,23,Aged 85 years and over,3350
E08000016,Barnsley,1,Female,1,Aged 2 years and under,3837
E08000016,Barnsley,1,Female,2,Aged 3 to 4 years,2716
E08000016,Barnsley,1,Female,3,Aged 5 to 7 years,4098
E08000016,Barnsley,1,Female,4,Aged 8 to 9 years,2970
E08000016,Barnsley,1,Female,5,Aged 10 to 14 years,6941
E08000016,Barnsley,1,Female,6,Aged 15 years,1268
E08000016,Barnsley,1,Female,7,Aged 16 to 17 years,2564
E08000016,Barnsley,1,Female,8,Aged 18 to 19 years,2135
E08000016,Barnsley,1,Female,9,Aged 20 to 24 years,6251
E08000016,Barnsley,1,Female,10,Aged 25 to 29 years,8282
E08000016,Barnsley,1,Female,11,Aged 30 to 34 years,8620
E08000016,Barnsley,1,Female,12,Aged 35 to 39 years,7883
E08000016,Barnsley,1,Female,13,Aged 40 to 44 years,7058
E08000016,Barnsley,1,Female,14,Aged 45 to 49 years,7766
E08000016,Barnsley,1,Female,15,Aged 50 to 54 years,9404
E08000016,Barnsley,1,Female,16,Aged 55 to 59 years,9105
E08000016,Barnsley,1,Female,17,Aged 60 to 64 years,7925
E08000016,Barnsley,1,Female,18,Aged 65 years,1417
E08000016,Barnsley,1,Female,19,Aged 66 to 69 years,5377
E08000016,Barnsley,1,Female,20,Aged 70 to 74 years,6687
E08000016,Barnsley,1,Female,21,Aged 75 to 79 years,5027
E08000016,Barnsley,1,Female,22,Aged 80 to 84 years,3526
E08000016,Barnsley,1,Female,23,Aged 85 years and over,3436
E08000016,Barnsley,2,Male,1,Aged 2 years and under,4030
E08000016,Barnsley,2,Male,2,Aged 3 to 4 years,2880
E08000016,Barnsley,2,Male,3,Aged 5 to 7 years,4230
E08000016,Barnsley,2,Male,4,Aged 8 to 9 years,3068
E08000016,Barnsley,2,Male,5,Aged 10 to 14 years,7409
E08000016,Barnsley,2,Male,6,Aged 15 years,1335
E08000016,Barnsley,2,Male,7,Aged 16 to 17 years,2720
E08000016,Barnsley,2,Male,8,Aged 18 to 19 years,2234
E08000016,Barnsley,2,Male,9,Aged 20 to 24 years,6197
E08000016,Barnsley,2,Male,10,Aged 25 to 29 years,7850
E08000016,Barnsley,2,Male,11,Aged 30 to 34 years,8198
E08000016,Barnsley,2,Male,12,Aged 35 to 39 years,7804
E08000016,Barnsley,2,Male,13,Aged 40 to 44 years,6767
E08000016,Barnsley,2,Male,14,Aged 45 to 49 years,7579
E08000016,Barnsley,2,Male,15,Aged 50 to 54 years,9316
E08000016,Barnsley,2,Male,16,Aged 55 to 59 years,8857
E08000016,Barnsley,2,Male,17,Aged 60 to 64 years,7678
E08000016,Barnsley,2,Male,18,Aged 65 years,1396
E08000016,Barnsley,2,Male,19,Aged 66 to 69 years,5209
E08000016,Barnsley,2,Male,20,Aged 70 to 74 years,6376
E08000016,Barnsley,2,Male,21,Aged 75 to 79 years,4513
E08000016,Barnsley,2,Male,22,Aged 80 to 84 years,2698
E08000016,Barnsley,2,Male,23,Aged 85 years and over,1935
E08000017,Doncaster,1,Female,1,Aged 2 years and under,4796
E08000017,Doncaster,1,Female,2,Aged 3 to 4 years,3276
E08000017,Doncaster,1,Female,3,Aged 5 to 7 years,5186
E08000017,Doncaster,1,Female,4,Aged 8 to 9 years,3671
E08000017,Doncaster,1,Female,5,Aged 10 to 14 years,9133
E08000017,Doncaster,1,Female,6,Aged 15 years,1772
E08000017,Doncaster,1,Female,7,Aged 16 to 17 years,3312
E08000017,Doncaster,1,Female,8,Aged 18 to 19 years,2789
E08000017,Doncaster,1,Female,9,Aged 20 to 24 years,7894
E08000017,Doncaster,1,Female,10,Aged 25 to 29 years,10058
E08000017,Doncaster,1,Female,11,Aged 30 to 34 years,11060
E08000017,Doncaster,1,Female,12,Aged 35 to 39 years,9952
E08000017,Doncaster,1,Female,13,Aged 40 to 44 years,8859
E08000017,Doncaster,1,Female,14,Aged 45 to 49 years,9280
E08000017,Doncaster,1,Female,15,Aged 50 to 54 years,11117
E08000017,Doncaster,1,Female,16,Aged 55 to 59 years,11077
E08000017,Doncaster,1,Female,17,Aged 60 to 64 years,9941
E08000017,Doncaster,1,Female,18,Aged 65 years,1722
E08000017,Doncaster,1,Female,19,Aged 66 to 69 years,6638
E08000017,Doncaster,1,Female,20,Aged 70 to 74 years,8542
E08000017,Doncaster,1,Female,21,Aged 75 to 79 years,6022
E08000017,Doncaster,1,Female,22,Aged 80 to 84 years,4548
E08000017,Doncaster,1,Female,23,Aged 85 years and over,4638
E08000017,Doncaster,2,Male,1,Aged 2 years and under,5338
E08000017,Doncaster,2,Male,2,Aged 3 to 4 years,3533
E08000017,Doncaster,2,Male,3,Aged 5 to 7 years,5458
E08000017,Doncaster,2,Male,4,Aged 8 to 9 years,3804
E08000017,Doncaster,2,Male,5,Aged 10 to 14 years,9489
E08000017,Doncaster,2,Male,6,Aged 15 years,1726
E08000017,Doncaster,2,Male,7,Aged 16 to 17 years,3556
E08000017,Doncaster,2,Male,8,Aged 18 to 19 years,2983
E08000017,Doncaster,2,Male,9,Aged 20 to 24 years,8318
E08000017,Doncaster,2,Male,10,Aged 25 to 29 years,10132
E08000017,Doncaster,2,Male,11,Aged 30 to 34 years,10791
E08000017,Doncaster,2,Male,12,Aged 35 to 39 years,10161
E08000017,Doncaster,2,Male,13,Aged 40 to 44 years,9120
E08000017,Doncaster,2,Male,14,Aged 45 to 49 years,9424
E08000017,Doncaster,2,Male,15,Aged 50 to 54 years,10688
E08000017,Doncaster,2,Male,16,Aged 55 to 59 years,10926
E08000017,Doncaster,2,Male,17,Aged 60 to 64 years,9635
E08000017,Doncaster,2,Male,18,Aged 65 years,1850
E08000017,Doncaster,2,Male,19,Aged 66 to 69 years,6332
E08000017,Doncaster,2,Male,20,Aged 70 to 74 years,7777
E08000017,Doncaster,2,Male,21,Aged 75 to 79 years,5490
E08000017,Doncaster,2,Male,22,Aged 80 to 84 years,3478
E08000017,Doncaster,2,Male,23,Aged 85 years and over,2815
E08000018,Rotherham,1,Female,1,Aged 2 years and under,4115
E08000018,Rotherham,1,Female,2,Aged 3 to 4 years,2963
E08000018,Rotherham,1,Female,3,Aged 5 to 7 years,4712
E08000018,Rotherham,1,Female,4,Aged 8 to 9 years,3266
E08000018,Rotherham,1,Female,5,Aged 10 to 14 years,8021
E08000018,Rotherham,1,Female,6,Aged 15 years,1552
E08000018,Rotherham,1,Female,7,Aged 16 to 17 years,2989
E08000018,Rotherham,1,Female,8,Aged 18 to 19 years,2501
E08000018,Rotherham,1,Female,9,Aged 20 to 24 years,7033
E08000018,Rotherham,1,Female,10,Aged 25 to 29 years,8425
E08000018,Rotherham,1,Female,11,Aged 30 to 34 years,9376
E08000018,Rotherham,1,Female,12,Aged 35 to 39 years,8651
E08000018,Rotherham,1,Female,13,Aged 40 to 44 years,7871
E08000018,Rotherham,1,Female,14,Aged 45 to 49 years,8508
E08000018,Rotherham,1,Female,15,Aged 50 to 54 years,9793
E08000018,Rotherham,1,Female,16,Aged 55 to 59 years,9289
E08000018,Rotherham,1,Female,17,Aged 60 to 64 years,8420
E08000018,Rotherham,1,Female,18,Aged 65 years,1486
E08000018,Rotherham,1,Female,19,Aged 66 to 69 years,5657
E08000018,Rotherham,1,Female,20,Aged 70 to 74 years,7413
E08000018,Rotherham,1,Female,21,Aged 75 to 79 years,5628
E08000018,Rotherham,1,Female,22,Aged 80 to 84 years,4006
E08000018,Rotherham,1,Female,23,Aged 85 years and over,3874
E08000018,Rotherham,2,Male,1,Aged 2 years and under,4385
E08000018,Rotherham,2,Male,2,Aged 3 to 4 years,3182
E08000018,Rotherham,2,Male,3,Aged 5 to 7 years,4619
E08000018,Rotherham,2,Male,4,Aged 8 to 9 years,3385
E08000018,Rotherham,2,Male,5,Aged 10 to 14 years,8519
E08000018,Rotherham,2,Male,6,Aged 15 years,1517
E08000018,Rotherham,2,Male,7,Aged 16 to 17 years,3145
E08000018,Rotherham,2,Male,8,Aged 18 to 19 years,2768
E08000018,Rotherham,2,Male,9,Aged 20 to 24 years,7065
E08000018,Rotherham,2,Male,10,Aged 25 to 29 years,7975
E08000018,Rotherham,2,Male,11,Aged 30 to 34 years,8651
E08000018,Rotherham,2,Male,12,Aged 35 to 39 years,8348
E08000018,Rotherham,2,Male,13,Aged 40 to 44 years,7409
E08000018,Rotherham,2,Male,14,Aged 45 to 49 years,8151
E08000018,Rotherham,2,Male,15,Aged 50 to 54 years,9673
E08000018,Rotherham,2,Male,16,Aged 55 to 59 years,9314
E08000018,Rotherham,2,Male,17,Aged 60 to 64 years,7989
E08000018,Rotherham,2,Male,18,Aged 65 years,1380
E08000018,Rotherham,2,Male,19,Aged 66 to 69 years,5508
E08000018,Rotherham,2,Male,20,Aged 70 to 74 years,6798
E08000018,Rotherham,2,Male,21,Aged 75 to 79 years,4998
E08000018,Rotherham,2,Male,22,Aged 80 to 84 years,3230
E08000018,Rotherham,2,Male,23,Aged 85 years and over,2250
E08000019,Sheffield,1,Female,1,Aged 2 years and under,8808
E08000019,Sheffield,1,Female,2,Aged 3 to 4 years,6130
E08000019,Sheffield,1,Female,3,Aged 5 to 7 years,9208
E08000019,Sheffield,1,Female,4,Aged 8 to 9 years,6319
E08000019,Sheffield,1,Female,5,Aged 10 to 14 years,15601
E08000019,Sheffield,1,Female,6,Aged 15 years,2850
E08000019,Sheffield,1,Female,7,Aged 16 to 17 years,5946
E08000019,Sheffield,1,Female,8,Aged 18 to 19 years,9531
E08000019,Sheffield,1,Female,9,Aged 20 to 24 years,25257
E08000019,Sheffield,1,Female,10,Aged 25 to 29 years,20439
E08000019,Sheffield,1,Female,11,Aged 30 to 34 years,19844
E08000019,Sheffield,1,Female,12,Aged 35 to 39 years,17954
E08000019,Sheffield,1,Female,13,Aged 40 to 44 years,16038
E08000019,Sheffield,1,Female,14,Aged 45 to 49 years,16248
E08000019,Sheffield,1,Female,15,Aged 50 to 54 years,18327
E08000019,Sheffield,1,Female,16,Aged 55 to 59 years,17311
E08000019,Sheffield,1,Female,17,Aged 60 to 64 years,14843
E08000019,Sheffield,1,Female,18,Aged 65 years,2636
E08000019,Sheffield,1,Female,19,Aged 66 to 69 years,9989
E08000019,Sheffield,1,Female,20,Aged 70 to 74 years,12809
E08000019,Sheffield,1,Female,21,Aged 75 to 79 years,10316
E08000019,Sheffield,1,Female,22,Aged 80 to 84 years,7774
E08000019,Sheffield,1,Female,23,Aged 85 years and over,8149
E08000019,Sheffield,2,Male,1,Aged 2 years and under,8903
E08000019,Sheffield,2,Male,2,Aged 3 to 4 years,6338
E08000019,Sheffield,2,Male,3,Aged 5 to 7 years,9689
E08000019,Sheffield,2,Male,4,Aged 8 to 9 years,6800
E08000019,Sheffield,2,Male,5,Aged 10 to 14 years,16448
E08000019,Sheffield,2,Male,6,Aged 15 years,3177
E08000019,Sheffield,2,Male,7,Aged 16 to 17 years,6300
E08000019,Sheffield,2,Male,8,Aged 18 to 19 years,9651
E08000019,Sheffield,2,Male,9,Aged 20 to 24 years,25616
E08000019,Sheffield,2,Male,10,Aged 25 to 29 years,20097
E08000019,Sheffield,2,Male,11,Aged 30 to 34 years,19023
E08000019,Sheffield,2,Male,12,Aged 35 to 39 years,17080
E08000019,Sheffield,2,Male,13,Aged 40 to 44 years,16105
E08000019,Sheffield,2,Male,14,Aged 45 to 49 years,15990
E08000019,Sheffield,2,Male,15,Aged 50 to 54 years,17992
E08000019,Sheffield,2,Male,16,Aged 55 to 59 years,17177
E08000019,Sheffield,2,Male,17,Aged 60 to 64 years,14665
E08000019,Sheffield,2,Male,18,Aged 65 years,2583
E08000019,Sheffield,2,Male,19,Aged 66 to 69 years,9587
E08000019,Sheffield,2,Male,20,Aged 70 to 74 years,11809
E08000019,Sheffield,2,Male,21,Aged 75 to 79 years,8565
E08000019,Sheffield,2,Male,22,Aged 80 to 84 years,5975
E08000019,Sheffield,2,Male,23,Aged 85 years and over,4627
E08000021,Newcastle upon Tyne,1,Female,1,Aged 2 years and under,4468
E08000021,Newcastle upon Tyne,1,Female,2,Aged 3 to 4 years,3150
E08000021,Newcastle upon Tyne,1,Female,3,Aged 5 to 7 years,4897
E08000021,Newcastle upon Tyne,1,Female,4,Aged 8 to 9 years,3236
E08000021,Newcastle upon Tyne,1,Female,5,Aged 10 to 14 years,7943
E08000021,Newcastle upon Tyne,1,Female,6,Aged 15 years,1420
E08000021,Newcastle upon Tyne,1,Female,7,Aged 16 to 17 years,2996
E08000021,Newcastle upon Tyne,1,Female,8,Aged 18 to 19 years,7611
E08000021,Newcastle upon Tyne,1,Female,9,Aged 20 to 24 years,18115
E08000021,Newcastle upon Tyne,1,Female,10,Aged 25 to 29 years,11567
E08000021,Newcastle upon Tyne,1,Female,11,Aged 30 to 34 years,10830
E08000021,Newcastle upon Tyne,1,Female,12,Aged 35 to 39 years,9782
E08000021,Newcastle upon Tyne,1,Female,13,Aged 40 to 44 years,8405
E08000021,Newcastle upon Tyne,1,Female,14,Aged 45 to 49 years,8016
E08000021,Newcastle upon Tyne,1,Female,15,Aged 50 to 54 years,8429
E08000021,Newcastle upon Tyne,1,Female,16,Aged 55 to 59 years,8735
E08000021,Newcastle upon Tyne,1,Female,17,Aged 60 to 64 years,7866
E08000021,Newcastle upon Tyne,1,Female,18,Aged 65 years,1405
E08000021,Newcastle upon Tyne,1,Female,19,Aged 66 to 69 years,5100
E08000021,Newcastle upon Tyne,1,Female,20,Aged 70 to 74 years,6109
E08000021,Newcastle upon Tyne,1,Female,21,Aged 75 to 79 years,4203
E08000021,Newcastle upon Tyne,1,Female,22,Aged 80 to 84 years,3568
E08000021,Newcastle upon Tyne,1,Female,23,Aged 85 years and over,3951
E08000021,Newcastle upon Tyne,2,Male,1,Aged 2 years and under,4694
E08000021,Newcastle upon Tyne,2,Male,2,Aged 3 to 4 years,3339
E08000021,Newcastle upon Tyne,2,Male,3,Aged 5 to 7 years,5052
E08000021,Newcastle upon Tyne,2,Male,4,Aged 8 to 9 years,3519
E08000021,Newcastle upon Tyne,2,Male,5,Aged 10 to 14 years,8460
E08000021,Newcastle upon Tyne,2,Male,6,Aged 15 years,1496
E08000021,Newcastle upon Tyne,2,Male,7,Aged 16 to 17 years,2916
E08000021,Newcastle upon Tyne,2,Male,8,Aged 18 to 19 years,6916
E08000021,Newcastle upon Tyne,2,Male,9,Aged 20 to 24 years,18530
E08000021,Newcastle upon Tyne,2,Male,10,Aged 25 to 29 years,11823
E08000021,Newcastle upon Tyne,2,Male,11,Aged 30 to 34 years,10416
E08000021,Newcastle upon Tyne,2,Male,12,Aged 35 to 39 years,9812
E08000021,Newcastle upon Tyne,2,Male,13,Aged 40 to 44 years,8540
E08000021,Newcastle upon Tyne,2,Male,14,Aged 45 to 49 years,8044
E08000021,Newcastle upon Tyne,2,Male,15,Aged 50 to 54 years,8332
E08000021,Newcastle upon Tyne,2,Male,16,Aged 55 to 59 years,8625
E08000021,Newcastle upon Tyne,2,Male,17,Aged 60 to 64 years,7630
E08000021,Newcastle upon Tyne,2,Male,18,Aged 65 years,1281
E08000021,Newcastle upon Tyne,2,Male,19,Aged 66 to 69 years,4889
E08000021,Newcastle upon Tyne,2,Male,20,Aged 70 to 74 years,5679
E08000021,Newcastle upon Tyne,2,Male,21,Aged 75 to 79 years,3660
E08000021,Newcastle upon Tyne,2,Male,22,Aged 80 to 84 years,2405
E08000021,Newcastle upon Tyne,2,Male,23,Aged 85 years and over,2265
E08000022,North Tyneside,1,Female,1,Aged 2 years and under,3088
E08000022,North Tyneside,1,Female,2,Aged 3 to 4 years,2238
E08000022,North Tyneside,1,Female,3,Aged 5 to 7 years,3402
E08000022,North Tyneside,1,Female,4,Aged 8 to 9 years,2384
E08000022,North Tyneside,1,Female,5,Aged 10 to 14 years,5787
E08000022,North Tyneside,1,Female,6,Aged 15 years,1147
E08000022,North Tyneside,1,Female,7,Aged 16 to 17 years,2205
E08000022,North Tyneside,1,Female,8,Aged 18 to 19 years,1676
E08000022,North Tyneside,1,Female,9,Aged 20 to 24 years,4703
E08000022,North Tyneside,1,Female,10,Aged 25 to 29 years,6299
E08000022,North Tyneside,1,Female,11,Aged 30 to 34 years,7313
E08000022,North Tyneside,1,Female,12,Aged 35 to 39 years,7464
E08000022,North Tyneside,1,Female,13,Aged 40 to 44 years,6979
E08000022,North Tyneside,1,Female,14,Aged 45 to 49 years,6993
E08000022,North Tyneside,1,Female,15,Aged 50 to 54 years,7542
E08000022,North Tyneside,1,Female,16,Aged 55 to 59 years,7749
E08000022,North Tyneside,1,Female,17,Aged 60 to 64 years,7109
E08000022,North Tyneside,1,Female,18,Aged 65 years,1319
E08000022,North Tyneside,1,Female,19,Aged 66 to 69 years,4995
E08000022,North Tyneside,1,Female,20,Aged 70 to 74 years,6263
E08000022,North Tyneside,1,Female,21,Aged 75 to 79 years,4205
E08000022,North Tyneside,1,Female,22,Aged 80 to 84 years,3297
E08000022,North Tyneside,1,Female,23,Aged 85 years and over,3475
E08000022,North Tyneside,2,Male,1,Aged 2 years and under,3309
E08000022,North Tyneside,2,Male,2,Aged 3 to 4 years,2356
E08000022,North Tyneside,2,Male,3,Aged 5 to 7 years,3695
E08000022,North Tyneside,2,Male,4,Aged 8 to 9 years,2458
E08000022,North Tyneside,2,Male,5,Aged 10 to 14 years,6367
E08000022,North Tyneside,2,Male,6,Aged 15 years,1226
E08000022,North Tyneside,2,Male,7,Aged 16 to 17 years,2265
E08000022,North Tyneside,2,Male,8,Aged 18 to 19 years,1851
E08000022,North Tyneside,2,Male,9,Aged 20 to 24 years,4807
E08000022,North Tyneside,2,Male,10,Aged 25 to 29 years,5913
E08000022,North Tyneside,2,Male,11,Aged 30 to 34 years,6542
E08000022,North Tyneside,2,Male,12,Aged 35 to 39 years,6854
E08000022,North Tyneside,2,Male,13,Aged 40 to 44 years,6664
E08000022,North Tyneside,2,Male,14,Aged 45 to 49 years,6634
E08000022,North Tyneside,2,Male,15,Aged 50 to 54 years,7094
E08000022,North Tyneside,2,Male,16,Aged 55 to 59 years,7471
E08000022,North Tyneside,2,Male,17,Aged 60 to 64 years,6487
E08000022,North Tyneside,2,Male,18,Aged 65 years,1178
E08000022,North Tyneside,2,Male,19,Aged 66 to 69 years,4660
E08000022,North Tyneside,2,Male,20,Aged 70 to 74 years,5557
E08000022,North Tyneside,2,Male,21,Aged 75 to 79 years,3632
E08000022,North Tyneside,2,Male,22,Aged 80 to 84 years,2348
E08000022,North Tyneside,2,Male,23,Aged 85 years and over,1968
E08000023,South Tyneside,1,Female,1,Aged 2 years and under,2148
E08000023,South Tyneside,1,Female,2,Aged 3 to 4 years,1605
E08000023,South Tyneside,1,Female,3,Aged 5 to 7 years,2425
E08000023,South Tyneside,1,Female,4,Aged 8 to 9 years,1689
E08000023,South Tyneside,1,Female,5,Aged 10 to 14 years,4230
E08000023,South Tyneside,1,Female,6,Aged 15 years,763
E08000023,South Tyneside,1,Female,7,Aged 16 to 17 years,1551
E08000023,South Tyneside,1,Female,8,Aged 18 to 19 years,1325
E08000023,South Tyneside,1,Female,9,Aged 20 to 24 years,3630
E08000023,South Tyneside,1,Female,10,Aged 25 to 29 years,4466
E08000023,South Tyneside,1,Female,11,Aged 30 to 34 years,5220
E08000023,South Tyneside,1,Female,12,Aged 35 to 39 years,4887
E08000023,South Tyneside,1,Female,13,Aged 40 to 44 years,4350
E08000023,South Tyneside,1,Female,14,Aged 45 to 49 years,4489
E08000023,South Tyneside,1,Female,15,Aged 50 to 54 years,5333
E08000023,South Tyneside,1,Female,16,Aged 55 to 59 years,5786
E08000023,South Tyneside,1,Female,17,Aged 60 to 64 years,5342
E08000023,South Tyneside,1,Female,18,Aged 65 years,980
E08000023,South Tyneside,1,Female,19,Aged 66 to 69 years,3545
E08000023,South Tyneside,1,Female,20,Aged 70 to 74 years,4319
E08000023,South Tyneside,1,Female,21,Aged 75 to 79 years,3044
E08000023,South Tyneside,1,Female,22,Aged 80 to 84 years,2446
E08000023,South Tyneside,1,Female,23,Aged 85 years and over,2492
E08000023,South Tyneside,2,Male,1,Aged 2 years and under,2317
E08000023,South Tyneside,2,Male,2,Aged 3 to 4 years,1753
E08000023,South Tyneside,2,Male,3,Aged 5 to 7 years,2605
E08000023,South Tyneside,2,Male,4,Aged 8 to 9 years,1749
E08000023,South Tyneside,2,Male,5,Aged 10 to 14 years,4402
E08000023,South Tyneside,2,Male,6,Aged 15 years,798
E08000023,South Tyneside,2,Male,7,Aged 16 to 17 years,1624
E08000023,South Tyneside,2,Male,8,Aged 18 to 19 years,1420
E08000023,South Tyneside,2,Male,9,Aged 20 to 24 years,3657
E08000023,South Tyneside,2,Male,10,Aged 25 to 29 years,4204
E08000023,South Tyneside,2,Male,11,Aged 30 to 34 years,4637
E08000023,South Tyneside,2,Male,12,Aged 35 to 39 years,4489
E08000023,South Tyneside,2,Male,13,Aged 40 to 44 years,4111
E08000023,South Tyneside,2,Male,14,Aged 45 to 49 years,4262
E08000023,South Tyneside,2,Male,15,Aged 50 to 54 years,5095
E08000023,South Tyneside,2,Male,16,Aged 55 to 59 years,5443
E08000023,South Tyneside,2,Male,17,Aged 60 to 64 years,5134
E08000023,South Tyneside,2,Male,18,Aged 65 years,918
E08000023,South Tyneside,2,Male,19,Aged 66 to 69 years,3335
E08000023,South Tyneside,2,Male,20,Aged 70 to 74 years,4055
E08000023,South Tyneside,2,Male,21,Aged 75 to 79 years,2510
E08000023,South Tyneside,2,Male,22,Aged 80 to 84 years,1851
E08000023,South Tyneside,2,Male,23,Aged 85 years and over,1343
E08000024,Sunderland,1,Female,1,Aged 2 years and under,3818
E08000024,Sunderland,1,Female,2,Aged 3 to 4 years,2856
E08000024,Sunderland,1,Female,3,Aged 5 to 7 years,4280
E08000024,Sunderland,1,Female,4,Aged 8 to 9 years,3108
E08000024,Sunderland,1,Female,5,Aged 10 to 14 years,7899
E08000024,Sunderland,1,Female,6,Aged 15 years,1471
E08000024,Sunderland,1,Female,7,Aged 16 to 17 years,2943
E08000024,Sunderland,1,Female,8,Aged 18 to 19 years,2780
E08000024,Sunderland,1,Female,9,Aged 20 to 24 years,7600
E08000024,Sunderland,1,Female,10,Aged 25 to 29 years,8800
E08000024,Sunderland,1,Female,11,Aged 30 to 34 years,9354
E08000024,Sunderland,1,Female,12,Aged 35 to 39 years,8797
E08000024,Sunderland,1,Female,13,Aged 40 to 44 years,8160
E08000024,Sunderland,1,Female,14,Aged 45 to 49 years,8700
E08000024,Sunderland,1,Female,15,Aged 50 to 54 years,9935
E08000024,Sunderland,1,Female,16,Aged 55 to 59 years,10290
E08000024,Sunderland,1,Female,17,Aged 60 to 64 years,9580
E08000024,Sunderland,1,Female,18,Aged 65 years,1709
E08000024,Sunderland,1,Female,19,Aged 66 to 69 years,6645
E08000024,Sunderland,1,Female,20,Aged 70 to 74 years,8147
E08000024,Sunderland,1,Female,21,Aged 75 to 79 years,5510
E08000024,Sunderland,1,Female,22,Aged 80 to 84 years,4368
E08000024,Sunderland,1,Female,23,Aged 85 years and over,4329
E08000024,Sunderland,2,Male,1,Aged 2 years and under,4117
E08000024,Sunderland,2,Male,2,Aged 3 to 4 years,3058
E08000024,Sunderland,2,Male,3,Aged 5 to 7 years,4607
E08000024,Sunderland,2,Male,4,Aged 8 to 9 years,3244
E08000024,Sunderland,2,Male,5,Aged 10 to 14 years,8134
E08000024,Sunderland,2,Male,6,Aged 15 years,1509
E08000024,Sunderland,2,Male,7,Aged 16 to 17 years,3040
E08000024,Sunderland,2,Male,8,Aged 18 to 19 years,2902
E08000024,Sunderland,2,Male,9,Aged 20 to 24 years,7542
E08000024,Sunderland,2,Male,10,Aged 25 to 29 years,8223
E08000024,Sunderland,2,Male,11,Aged 30 to 34 years,8690
E08000024,Sunderland,2,Male,12,Aged 35 to 39 years,8258
E08000024,Sunderland,2,Male,13,Aged 40 to 44 years,7494
E08000024,Sunderland,2,Male,14,Aged 45 to 49 years,8129
E08000024,Sunderland,2,Male,15,Aged 50 to 54 years,9512
E08000024,Sunderland,2,Male,16,Aged 55 to 59 years,9744
E08000024,Sunderland,2,Male,17,Aged 60 to 64 years,9332
E08000024,Sunderland,2,Male,18,Aged 65 years,1589
E08000024,Sunderland,2,Male,19,Aged 66 to 69 years,6160
E08000024,Sunderland,2,Male,20,Aged 70 to 74 years,7349
E08000024,Sunderland,2,Male,21,Aged 75 to 79 years,4713
E08000024,Sunderland,2,Male,22,Aged 80 to 84 years,3340
E08000024,Sunderland,2,Male,23,Aged 85 years and over,2409
E08000025,Birmingham,1,Female,1,Aged 2 years and under,21727
E08000025,Birmingham,1,Female,2,Aged 3 to 4 years,15287
E08000025,Birmingham,1,Female,3,Aged 5 to 7 years,23450
E08000025,Birmingham,1,Female,4,Aged 8 to 9 years,16127
E08000025,Birmingham,1,Female,5,Aged 10 to 14 years,40387
E08000025,Birmingham,1,Female,6,Aged 15 years,7876
E08000025,Birmingham,1,Female,7,Aged 16 to 17 years,15612
E08000025,Birmingham,1,Female,8,Aged 18 to 19 years,19676
E08000025,Birmingham,1,Female,9,Aged 20 to 24 years,47818
E08000025,Birmingham,1,Female,10,Aged 25 to 29 years,42243
E08000025,Birmingham,1,Female,11,Aged 30 to 34 years,44428
E08000025,Birmingham,1,Female,12,Aged 35 to 39 years,42217
E08000025,Birmingham,1,Female,13,Aged 40 to 44 years,38144
E08000025,Birmingham,1,Female,14,Aged 45 to 49 years,33987
E08000025,Birmingham,1,Female,15,Aged 50 to 54 years,34872
E08000025,Birmingham,1,Female,16,Aged 55 to 59 years,31897
E08000025,Birmingham,1,Female,17,Aged 60 to 64 years,26308
E08000025,Birmingham,1,Female,18,Aged 65 years,4513
E08000025,Birmingham,1,Female,19,Aged 66 to 69 years,17153
E08000025,Birmingham,1,Female,20,Aged 70 to 74 years,19854
E08000025,Birmingham,1,Female,21,Aged 75 to 79 years,15162
E08000025,Birmingham,1,Female,22,Aged 80 to 84 years,11995
E08000025,Birmingham,1,Female,23,Aged 85 years and over,13765
E08000025,Birmingham,2,Male,1,Aged 2 years and under,22285
E08000025,Birmingham,2,Male,2,Aged 3 to 4 years,15724
E08000025,Birmingham,2,Male,3,Aged 5 to 7 years,24530
E08000025,Birmingham,2,Male,4,Aged 8 to 9 years,17163
E08000025,Birmingham,2,Male,5,Aged 10 to 14 years,42670
E08000025,Birmingham,2,Male,6,Aged 15 years,8070
E08000025,Birmingham,2,Male,7,Aged 16 to 17 years,16555
E08000025,Birmingham,2,Male,8,Aged 18 to 19 years,18650
E08000025,Birmingham,2,Male,9,Aged 20 to 24 years,45425
E08000025,Birmingham,2,Male,10,Aged 25 to 29 years,40350
E08000025,Birmingham,2,Male,11,Aged 30 to 34 years,40418
E08000025,Birmingham,2,Male,12,Aged 35 to 39 years,38413
E08000025,Birmingham,2,Male,13,Aged 40 to 44 years,35852
E08000025,Birmingham,2,Male,14,Aged 45 to 49 years,34067
E08000025,Birmingham,2,Male,15,Aged 50 to 54 years,35082
E08000025,Birmingham,2,Male,16,Aged 55 to 59 years,30787
E08000025,Birmingham,2,Male,17,Aged 60 to 64 years,26332
E08000025,Birmingham,2,Male,18,Aged 65 years,4358
E08000025,Birmingham,2,Male,19,Aged 66 to 69 years,16560
E08000025,Birmingham,2,Male,20,Aged 70 to 74 years,17496
E08000025,Birmingham,2,Male,21,Aged 75 to 79 years,12910
E08000025,Birmingham,2,Male,22,Aged 80 to 84 years,8964
E08000025,Birmingham,2,Male,23,Aged 85 years and over,7762
E08000026,Coventry,1,Female,1,Aged 2 years and under,5911
E08000026,Coventry,1,Female,2,Aged 3 to 4 years,4056
E08000026,Coventry,1,Female,3,Aged 5 to 7 years,6303
E08000026,Coventry,1,Female,4,Aged 8 to 9 years,4386
E08000026,Coventry,1,Female,5,Aged 10 to 14 years,10739
E08000026,Coventry,1,Female,6,Aged 15 years,1858
E08000026,Coventry,1,Female,7,Aged 16 to 17 years,4014
E08000026,Coventry,1,Female,8,Aged 18 to 19 years,6561
E08000026,Coventry,1,Female,9,Aged 20 to 24 years,14918
E08000026,Coventry,1,Female,10,Aged 25 to 29 years,12271
E08000026,Coventry,1,Female,11,Aged 30 to 34 years,13154
E08000026,Coventry,1,Female,12,Aged 35 to 39 years,12155
E08000026,Coventry,1,Female,13,Aged 40 to 44 years,11012
E08000026,Coventry,1,Female,14,Aged 45 to 49 years,10049
E08000026,Coventry,1,Female,15,Aged 50 to 54 years,10587
E08000026,Coventry,1,Female,16,Aged 55 to 59 years,9670
E08000026,Coventry,1,Female,17,Aged 60 to 64 years,8069
E08000026,Coventry,1,Female,18,Aged 65 years,1406
E08000026,Coventry,1,Female,19,Aged 66 to 69 years,5393
E08000026,Coventry,1,Female,20,Aged 70 to 74 years,6649
E08000026,Coventry,1,Female,21,Aged 75 to 79 years,5406
E08000026,Coventry,1,Female,22,Aged 80 to 84 years,4062
E08000026,Coventry,1,Female,23,Aged 85 years and over,4505
E08000026,Coventry,2,Male,1,Aged 2 years and under,6201
E08000026,Coventry,2,Male,2,Aged 3 to 4 years,4274
E08000026,Coventry,2,Male,3,Aged 5 to 7 years,6535
E08000026,Coventry,2,Male,4,Aged 8 to 9 years,4739
E08000026,Coventry,2,Male,5,Aged 10 to 14 years,11367
E08000026,Coventry,2,Male,6,Aged 15 years,2080
E08000026,Coventry,2,Male,7,Aged 16 to 17 years,4088
E08000026,Coventry,2,Male,8,Aged 18 to 19 years,6807
E08000026,Coventry,2,Male,9,Aged 20 to 24 years,16666
E08000026,Coventry,2,Male,10,Aged 25 to 29 years,12214
E08000026,Coventry,2,Male,11,Aged 30 to 34 years,12391
E08000026,Coventry,2,Male,12,Aged 35 to 39 years,11920
E08000026,Coventry,2,Male,13,Aged 40 to 44 years,10756
E08000026,Coventry,2,Male,14,Aged 45 to 49 years,10211
E08000026,Coventry,2,Male,15,Aged 50 to 54 years,10858
E08000026,Coventry,2,Male,16,Aged 55 to 59 years,9940
E08000026,Coventry,2,Male,17,Aged 60 to 64 years,8248
E08000026,Coventry,2,Male,18,Aged 65 years,1381
E08000026,Coventry,2,Male,19,Aged 66 to 69 years,5205
E08000026,Coventry,2,Male,20,Aged 70 to 74 years,6016
E08000026,Coventry,2,Male,21,Aged 75 to 79 years,4567
E08000026,Coventry,2,Male,22,Aged 80 to 84 years,3155
E08000026,Coventry,2,Male,23,Aged 85 years and over,2568
E08000027,Dudley,1,Female,1,Aged 2 years and under,5169
E08000027,Dudley,1,Female,2,Aged 3 to 4 years,3634
E08000027,Dudley,1,Female,3,Aged 5 to 7 years,5750
E08000027,Dudley,1,Female,4,Aged 8 to 9 years,3940
E08000027,Dudley,1,Female,5,Aged 10 to 14 years,9403
E08000027,Dudley,1,Female,6,Aged 15 years,1814
E08000027,Dudley,1,Female,7,Aged 16 to 17 years,3706
E08000027,Dudley,1,Female,8,Aged 18 to 19 years,3070
E08000027,Dudley,1,Female,9,Aged 20 to 24 years,8500
E08000027,Dudley,1,Female,10,Aged 25 to 29 years,10459
E08000027,Dudley,1,Female,11,Aged 30 to 34 years,10964
E08000027,Dudley,1,Female,12,Aged 35 to 39 years,10431
E08000027,Dudley,1,Female,13,Aged 40 to 44 years,9635
E08000027,Dudley,1,Female,14,Aged 45 to 49 years,10099
E08000027,Dudley,1,Female,15,Aged 50 to 54 years,11661
E08000027,Dudley,1,Female,16,Aged 55 to 59 years,11157
E08000027,Dudley,1,Female,17,Aged 60 to 64 years,9363
E08000027,Dudley,1,Female,18,Aged 65 years,1815
E08000027,Dudley,1,Female,19,Aged 66 to 69 years,6749
E08000027,Dudley,1,Female,20,Aged 70 to 74 years,8835
E08000027,Dudley,1,Female,21,Aged 75 to 79 years,7414
E08000027,Dudley,1,Female,22,Aged 80 to 84 years,5366
E08000027,Dudley,1,Female,23,Aged 85 years and over,5537
E08000027,Dudley,2,Male,1,Aged 2 years and under,5449
E08000027,Dudley,2,Male,2,Aged 3 to 4 years,3924
E08000027,Dudley,2,Male,3,Aged 5 to 7 years,5861
E08000027,Dudley,2,Male,4,Aged 8 to 9 years,4224
E08000027,Dudley,2,Male,5,Aged 10 to 14 years,9904
E08000027,Dudley,2,Male,6,Aged 15 years,1928
E08000027,Dudley,2,Male,7,Aged 16 to 17 years,3871
E08000027,Dudley,2,Male,8,Aged 18 to 19 years,3383
E08000027,Dudley,2,Male,9,Aged 20 to 24 years,8511
E08000027,Dudley,2,Male,10,Aged 25 to 29 years,9987
E08000027,Dudley,2,Male,11,Aged 30 to 34 years,10397
E08000027,Dudley,2,Male,12,Aged 35 to 39 years,9782
E08000027,Dudley,2,Male,13,Aged 40 to 44 years,9246
E08000027,Dudley,2,Male,14,Aged 45 to 49 years,10048
E08000027,Dudley,2,Male,15,Aged 50 to 54 years,11809
E08000027,Dudley,2,Male,16,Aged 55 to 59 years,11076
E08000027,Dudley,2,Male,17,Aged 60 to 64 years,9275
E08000027,Dudley,2,Male,18,Aged 65 years,1658
E08000027,Dudley,2,Male,19,Aged 66 to 69 years,6596
E08000027,Dudley,2,Male,20,Aged 70 to 74 years,8167
E08000027,Dudley,2,Male,21,Aged 75 to 79 years,6399
E08000027,Dudley,2,Male,22,Aged 80 to 84 years,4290
E08000027,Dudley,2,Male,23,Aged 85 years and over,3234
E08000028,Sandwell,1,Female,1,Aged 2 years and under,6356
E08000028,Sandwell,1,Female,2,Aged 3 to 4 years,4390
E08000028,Sandwell,1,Female,3,Aged 5 to 7 years,6839
E08000028,Sandwell,1,Female,4,Aged 8 to 9 years,5068
E08000028,Sandwell,1,Female,5,Aged 10 to 14 years,11857
E08000028,Sandwell,1,Female,6,Aged 15 years,2288
E08000028,Sandwell,1,Female,7,Aged 16 to 17 years,4330
E08000028,Sandwell,1,Female,8,Aged 18 to 19 years,3924
E08000028,Sandwell,1,Female,9,Aged 20 to 24 years,9938
E08000028,Sandwell,1,Female,10,Aged 25 to 29 years,11647
E08000028,Sandwell,1,Female,11,Aged 30 to 34 years,13156
E08000028,Sandwell,1,Female,12,Aged 35 to 39 years,13097
E08000028,Sandwell,1,Female,13,Aged 40 to 44 years,11727
E08000028,Sandwell,1,Female,14,Aged 45 to 49 years,10970
E08000028,Sandwell,1,Female,15,Aged 50 to 54 years,11550
E08000028,Sandwell,1,Female,16,Aged 55 to 59 years,10670
E08000028,Sandwell,1,Female,17,Aged 60 to 64 years,8571
E08000028,Sandwell,1,Female,18,Aged 65 years,1480
E08000028,Sandwell,1,Female,19,Aged 66 to 69 years,5587
E08000028,Sandwell,1,Female,20,Aged 70 to 74 years,6576
E08000028,Sandwell,1,Female,21,Aged 75 to 79 years,5323
E08000028,Sandwell,1,Female,22,Aged 80 to 84 years,4093
E08000028,Sandwell,1,Female,23,Aged 85 years and over,4141
E08000028,Sandwell,2,Male,1,Aged 2 years and under,6728
E08000028,Sandwell,2,Male,2,Aged 3 to 4 years,4702
E08000028,Sandwell,2,Male,3,Aged 5 to 7 years,7358
E08000028,Sandwell,2,Male,4,Aged 8 to 9 years,5301
E08000028,Sandwell,2,Male,5,Aged 10 to 14 years,12499
E08000028,Sandwell,2,Male,6,Aged 15 years,2418
E08000028,Sandwell,2,Male,7,Aged 16 to 17 years,4988
E08000028,Sandwell,2,Male,8,Aged 18 to 19 years,4057
E08000028,Sandwell,2,Male,9,Aged 20 to 24 years,10432
E08000028,Sandwell,2,Male,10,Aged 25 to 29 years,10869
E08000028,Sandwell,2,Male,11,Aged 30 to 34 years,11760
E08000028,Sandwell,2,Male,12,Aged 35 to 39 years,11443
E08000028,Sandwell,2,Male,13,Aged 40 to 44 years,11501
E08000028,Sandwell,2,Male,14,Aged 45 to 49 years,11329
E08000028,Sandwell,2,Male,15,Aged 50 to 54 years,11526
E08000028,Sandwell,2,Male,16,Aged 55 to 59 years,10178
E08000028,Sandwell,2,Male,17,Aged 60 to 64 years,8663
E08000028,Sandwell,2,Male,18,Aged 65 years,1439
E08000028,Sandwell,2,Male,19,Aged 66 to 69 years,5352
E08000028,Sandwell,2,Male,20,Aged 70 to 74 years,6081
E08000028,Sandwell,2,Male,21,Aged 75 to 79 years,4354
E08000028,Sandwell,2,Male,22,Aged 80 to 84 years,3058
E08000028,Sandwell,2,Male,23,Aged 85 years and over,2223
E08000029,Solihull,1,Female,1,Aged 2 years and under,3293
E08000029,Solihull,1,Female,2,Aged 3 to 4 years,2411
E08000029,Solihull,1,Female,3,Aged 5 to 7 years,3916
E08000029,Solihull,1,Female,4,Aged 8 to 9 years,2756
E08000029,Solihull,1,Female,5,Aged 10 to 14 years,6528
E08000029,Solihull,1,Female,6,Aged 15 years,1255
E08000029,Solihull,1,Female,7,Aged 16 to 17 years,2483
E08000029,Solihull,1,Female,8,Aged 18 to 19 years,1812
E08000029,Solihull,1,Female,9,Aged 20 to 24 years,5225
E08000029,Solihull,1,Female,10,Aged 25 to 29 years,6168
E08000029,Solihull,1,Female,11,Aged 30 to 34 years,6952
E08000029,Solihull,1,Female,12,Aged 35 to 39 years,6959
E08000029,Solihull,1,Female,13,Aged 40 to 44 years,6774
E08000029,Solihull,1,Female,14,Aged 45 to 49 years,7145
E08000029,Solihull,1,Female,15,Aged 50 to 54 years,8011
E08000029,Solihull,1,Female,16,Aged 55 to 59 years,7896
E08000029,Solihull,1,Female,17,Aged 60 to 64 years,6599
E08000029,Solihull,1,Female,18,Aged 65 years,1077
E08000029,Solihull,1,Female,19,Aged 66 to 69 years,4643
E08000029,Solihull,1,Female,20,Aged 70 to 74 years,6370
E08000029,Solihull,1,Female,21,Aged 75 to 79 years,5131
E08000029,Solihull,1,Female,22,Aged 80 to 84 years,3646
E08000029,Solihull,1,Female,23,Aged 85 years and over,4227
E08000029,Solihull,2,Male,1,Aged 2 years and under,3416
E08000029,Solihull,2,Male,2,Aged 3 to 4 years,2574
E08000029,Solihull,2,Male,3,Aged 5 to 7 years,4162
E08000029,Solihull,2,Male,4,Aged 8 to 9 years,2937
E08000029,Solihull,2,Male,5,Aged 10 to 14 years,7073
E08000029,Solihull,2,Male,6,Aged 15 years,1415
E08000029,Solihull,2,Male,7,Aged 16 to 17 years,2706
E08000029,Solihull,2,Male,8,Aged 18 to 19 years,2136
E08000029,Solihull,2,Male,9,Aged 20 to 24 years,5528
E08000029,Solihull,2,Male,10,Aged 25 to 29 years,5811
E08000029,Solihull,2,Male,11,Aged 30 to 34 years,6076
E08000029,Solihull,2,Male,12,Aged 35 to 39 years,6184
E08000029,Solihull,2,Male,13,Aged 40 to 44 years,6279
E08000029,Solihull,2,Male,14,Aged 45 to 49 years,6621
E08000029,Solihull,2,Male,15,Aged 50 to 54 years,7618
E08000029,Solihull,2,Male,16,Aged 55 to 59 years,7539
E08000029,Solihull,2,Male,17,Aged 60 to 64 years,6379
E08000029,Solihull,2,Male,18,Aged 65 years,1106
E08000029,Solihull,2,Male,19,Aged 66 to 69 years,4122
E08000029,Solihull,2,Male,20,Aged 70 to 74 years,5698
E08000029,Solihull,2,Male,21,Aged 75 to 79 years,4279
E08000029,Solihull,2,Male,22,Aged 80 to 84 years,2827
E08000029,Solihull,2,Male,23,Aged 85 years and over,2473
E08000030,Walsall,1,Female,1,Aged 2 years and under,5375
E08000030,Walsall,1,Female,2,Aged 3 to 4 years,3754
E08000030,Walsall,1,Female,3,Aged 5 to 7 years,5569
E08000030,Walsall,1,Female,4,Aged 8 to 9 years,3904
E08000030,Walsall,1,Female,5,Aged 10 to 14 years,9505
E08000030,Walsall,1,Female,6,Aged 15 years,1804
E08000030,Walsall,1,Female,7,Aged 16 to 17 years,3488
E08000030,Walsall,1,Female,8,Aged 18 to 19 years,3084
E08000030,Walsall,1,Female,9,Aged 20 to 24 years,8165
E08000030,Walsall,1,Female,10,Aged 25 to 29 years,9487
E08000030,Walsall,1,Female,11,Aged 30 to 34 years,10468
E08000030,Walsall,1,Female,12,Aged 35 to 39 years,9921
E08000030,Walsall,1,Female,13,Aged 40 to 44 years,8901
E08000030,Walsall,1,Female,14,Aged 45 to 49 years,8658
E08000030,Walsall,1,Female,15,Aged 50 to 54 years,9632
E08000030,Walsall,1,Female,16,Aged 55 to 59 years,9119
E08000030,Walsall,1,Female,17,Aged 60 to 64 years,7795
E08000030,Walsall,1,Female,18,Aged 65 years,1403
E08000030,Walsall,1,Female,19,Aged 66 to 69 years,5068
E08000030,Walsall,1,Female,20,Aged 70 to 74 years,6577
E08000030,Walsall,1,Female,21,Aged 75 to 79 years,5319
E08000030,Walsall,1,Female,22,Aged 80 to 84 years,4199
E08000030,Walsall,1,Female,23,Aged 85 years and over,4269
E08000030,Walsall,2,Male,1,Aged 2 years and under,5343
E08000030,Walsall,2,Male,2,Aged 3 to 4 years,3721
E08000030,Walsall,2,Male,3,Aged 5 to 7 years,5937
E08000030,Walsall,2,Male,4,Aged 8 to 9 years,4139
E08000030,Walsall,2,Male,5,Aged 10 to 14 years,10060
E08000030,Walsall,2,Male,6,Aged 15 years,1912
E08000030,Walsall,2,Male,7,Aged 16 to 17 years,3761
E08000030,Walsall,2,Male,8,Aged 18 to 19 years,3245
E08000030,Walsall,2,Male,9,Aged 20 to 24 years,7995
E08000030,Walsall,2,Male,10,Aged 25 to 29 years,8480
E08000030,Walsall,2,Male,11,Aged 30 to 34 years,9178
E08000030,Walsall,2,Male,12,Aged 35 to 39 years,9088
E08000030,Walsall,2,Male,13,Aged 40 to 44 years,8469
E08000030,Walsall,2,Male,14,Aged 45 to 49 years,8642
E08000030,Walsall,2,Male,15,Aged 50 to 54 years,9534
E08000030,Walsall,2,Male,16,Aged 55 to 59 years,8887
E08000030,Walsall,2,Male,17,Aged 60 to 64 years,7641
E08000030,Walsall,2,Male,18,Aged 65 years,1306
E08000030,Walsall,2,Male,19,Aged 66 to 69 years,5114
E08000030,Walsall,2,Male,20,Aged 70 to 74 years,5934
E08000030,Walsall,2,Male,21,Aged 75 to 79 years,4570
E08000030,Walsall,2,Male,22,Aged 80 to 84 years,3250
E08000030,Walsall,2,Male,23,Aged 85 years and over,2448
E08000031,Wolverhampton,1,Female,1,Aged 2 years and under,4403
E08000031,Wolverhampton,1,Female,2,Aged 3 to 4 years,3408
E08000031,Wolverhampton,1,Female,3,Aged 5 to 7 years,5073
E08000031,Wolverhampton,1,Female,4,Aged 8 to 9 years,3564
E08000031,Wolverhampton,1,Female,5,Aged 10 to 14 years,8850
E08000031,Wolverhampton,1,Female,6,Aged 15 years,1548
E08000031,Wolverhampton,1,Female,7,Aged 16 to 17 years,3091
E08000031,Wolverhampton,1,Female,8,Aged 18 to 19 years,2712
E08000031,Wolverhampton,1,Female,9,Aged 20 to 24 years,7744
E08000031,Wolverhampton,1,Female,10,Aged 25 to 29 years,8839
E08000031,Wolverhampton,1,Female,11,Aged 30 to 34 years,9965
E08000031,Wolverhampton,1,Female,12,Aged 35 to 39 years,9734
E08000031,Wolverhampton,1,Female,13,Aged 40 to 44 years,8810
E08000031,Wolverhampton,1,Female,14,Aged 45 to 49 years,8377
E08000031,Wolverhampton,1,Female,15,Aged 50 to 54 years,8993
E08000031,Wolverhampton,1,Female,16,Aged 55 to 59 years,8385
E08000031,Wolverhampton,1,Female,17,Aged 60 to 64 years,7145
E08000031,Wolverhampton,1,Female,18,Aged 65 years,1214
E08000031,Wolverhampton,1,Female,19,Aged 66 to 69 years,4859
E08000031,Wolverhampton,1,Female,20,Aged 70 to 74 years,5539
E08000031,Wolverhampton,1,Female,21,Aged 75 to 79 years,4417
E08000031,Wolverhampton,1,Female,22,Aged 80 to 84 years,3547
E08000031,Wolverhampton,1,Female,23,Aged 85 years and over,3958
E08000031,Wolverhampton,2,Male,1,Aged 2 years and under,5151
E08000031,Wolverhampton,2,Male,2,Aged 3 to 4 years,3363
E08000031,Wolverhampton,2,Male,3,Aged 5 to 7 years,5441
E08000031,Wolverhampton,2,Male,4,Aged 8 to 9 years,3649
E08000031,Wolverhampton,2,Male,5,Aged 10 to 14 years,9147
E08000031,Wolverhampton,2,Male,6,Aged 15 years,1688
E08000031,Wolverhampton,2,Male,7,Aged 16 to 17 years,3442
E08000031,Wolverhampton,2,Male,8,Aged 18 to 19 years,2874
E08000031,Wolverhampton,2,Male,9,Aged 20 to 24 years,8047
E08000031,Wolverhampton,2,Male,10,Aged 25 to 29 years,8243
E08000031,Wolverhampton,2,Male,11,Aged 30 to 34 years,8910
E08000031,Wolverhampton,2,Male,12,Aged 35 to 39 years,8620
E08000031,Wolverhampton,2,Male,13,Aged 40 to 44 years,8570
E08000031,Wolverhampton,2,Male,14,Aged 45 to 49 years,8589
E08000031,Wolverhampton,2,Male,15,Aged 50 to 54 years,9117
E08000031,Wolverhampton,2,Male,16,Aged 55 to 59 years,8050
E08000031,Wolverhampton,2,Male,17,Aged 60 to 64 years,6902
E08000031,Wolverhampton,2,Male,18,Aged 65 years,1176
E08000031,Wolverhampton,2,Male,19,Aged 66 to 69 years,4596
E08000031,Wolverhampton,2,Male,20,Aged 70 to 74 years,5223
E08000031,Wolverhampton,2,Male,21,Aged 75 to 79 years,3717
E08000031,Wolverhampton,2,Male,22,Aged 80 to 84 years,2713
E08000031,Wolverhampton,2,Male,23,Aged 85 years and over,2323
E08000032,Bradford,1,Female,1,Aged 2 years and under,10589
E08000032,Bradford,1,Female,2,Aged 3 to 4 years,7345
E08000032,Bradford,1,Female,3,Aged 5 to 7 years,11685
E08000032,Bradford,1,Female,4,Aged 8 to 9 years,7894
E08000032,Bradford,1,Female,5,Aged 10 to 14 years,20141
E08000032,Bradford,1,Female,6,Aged 15 years,3882
E08000032,Bradford,1,Female,7,Aged 16 to 17 years,7847
E08000032,Bradford,1,Female,8,Aged 18 to 19 years,6695
E08000032,Bradford,1,Female,9,Aged 20 to 24 years,16746
E08000032,Bradford,1,Female,10,Aged 25 to 29 years,17805
E08000032,Bradford,1,Female,11,Aged 30 to 34 years,20154
E08000032,Bradford,1,Female,12,Aged 35 to 39 years,19964
E08000032,Bradford,1,Female,13,Aged 40 to 44 years,18180
E08000032,Bradford,1,Female,14,Aged 45 to 49 years,16969
E08000032,Bradford,1,Female,15,Aged 50 to 54 years,17149
E08000032,Bradford,1,Female,16,Aged 55 to 59 years,16290
E08000032,Bradford,1,Female,17,Aged 60 to 64 years,14567
E08000032,Bradford,1,Female,18,Aged 65 years,2565
E08000032,Bradford,1,Female,19,Aged 66 to 69 years,9560
E08000032,Bradford,1,Female,20,Aged 70 to 74 years,11676
E08000032,Bradford,1,Female,21,Aged 75 to 79 years,7879
E08000032,Bradford,1,Female,22,Aged 80 to 84 years,6384
E08000032,Bradford,1,Female,23,Aged 85 years and over,7001
E08000032,Bradford,2,Male,1,Aged 2 years and under,10704
E08000032,Bradford,2,Male,2,Aged 3 to 4 years,7458
E08000032,Bradford,2,Male,3,Aged 5 to 7 years,11835
E08000032,Bradford,2,Male,4,Aged 8 to 9 years,8142
E08000032,Bradford,2,Male,5,Aged 10 to 14 years,21209
E08000032,Bradford,2,Male,6,Aged 15 years,3953
E08000032,Bradford,2,Male,7,Aged 16 to 17 years,8218
E08000032,Bradford,2,Male,8,Aged 18 to 19 years,7184
E08000032,Bradford,2,Male,9,Aged 20 to 24 years,16389
E08000032,Bradford,2,Male,10,Aged 25 to 29 years,16744
E08000032,Bradford,2,Male,11,Aged 30 to 34 years,17856
E08000032,Bradford,2,Male,12,Aged 35 to 39 years,18275
E08000032,Bradford,2,Male,13,Aged 40 to 44 years,17469
E08000032,Bradford,2,Male,14,Aged 45 to 49 years,16845
E08000032,Bradford,2,Male,15,Aged 50 to 54 years,17124
E08000032,Bradford,2,Male,16,Aged 55 to 59 years,15894
E08000032,Bradford,2,Male,17,Aged 60 to 64 years,14208
E08000032,Bradford,2,Male,18,Aged 65 years,2641
E08000032,Bradford,2,Male,19,Aged 66 to 69 years,9358
E08000032,Bradford,2,Male,20,Aged 70 to 74 years,10696
E08000032,Bradford,2,Male,21,Aged 75 to 79 years,6522
E08000032,Bradford,2,Male,22,Aged 80 to 84 years,4807
E08000032,Bradford,2,Male,23,Aged 85 years and over,3910
E08000033,Calderdale,1,Female,1,Aged 2 years and under,3154
E08000033,Calderdale,1,Female,2,Aged 3 to 4 years,2338
E08000033,Calderdale,1,Female,3,Aged 5 to 7 years,3559
E08000033,Calderdale,1,Female,4,Aged 8 to 9 years,2673
E08000033,Calderdale,1,Female,5,Aged 10 to 14 years,6554
E08000033,Calderdale,1,Female,6,Aged 15 years,1278
E08000033,Calderdale,1,Female,7,Aged 16 to 17 years,2455
E08000033,Calderdale,1,Female,8,Aged 18 to 19 years,1855
E08000033,Calderdale,1,Female,9,Aged 20 to 24 years,4955
E08000033,Calderdale,1,Female,10,Aged 25 to 29 years,6209
E08000033,Calderdale,1,Female,11,Aged 30 to 34 years,6936
E08000033,Calderdale,1,Female,12,Aged 35 to 39 years,6868
E08000033,Calderdale,1,Female,13,Aged 40 to 44 years,6414
E08000033,Calderdale,1,Female,14,Aged 45 to 49 years,7025
E08000033,Calderdale,1,Female,15,Aged 50 to 54 years,8146
E08000033,Calderdale,1,Female,16,Aged 55 to 59 years,7633
E08000033,Calderdale,1,Female,17,Aged 60 to 64 years,6595
E08000033,Calderdale,1,Female,18,Aged 65 years,1224
E08000033,Calderdale,1,Female,19,Aged 66 to 69 years,4324
E08000033,Calderdale,1,Female,20,Aged 70 to 74 years,5791
E08000033,Calderdale,1,Female,21,Aged 75 to 79 years,4060
E08000033,Calderdale,1,Female,22,Aged 80 to 84 years,2824
E08000033,Calderdale,1,Female,23,Aged 85 years and over,3032
E08000033,Calderdale,2,Male,1,Aged 2 years and under,3420
E08000033,Calderdale,2,Male,2,Aged 3 to 4 years,2408
E08000033,Calderdale,2,Male,3,Aged 5 to 7 years,3857
E08000033,Calderdale,2,Male,4,Aged 8 to 9 years,2714
E08000033,Calderdale,2,Male,5,Aged 10 to 14 years,6759
E08000033,Calderdale,2,Male,6,Aged 15 years,1286
E08000033,Calderdale,2,Male,7,Aged 16 to 17 years,2673
E08000033,Calderdale,2,Male,8,Aged 18 to 19 years,2055
E08000033,Calderdale,2,Male,9,Aged 20 to 24 years,5170
E08000033,Calderdale,2,Male,10,Aged 25 to 29 years,5781
E08000033,Calderdale,2,Male,11,Aged 30 to 34 years,5994
E08000033,Calderdale,2,Male,12,Aged 35 to 39 years,6165
E08000033,Calderdale,2,Male,13,Aged 40 to 44 years,6239
E08000033,Calderdale,2,Male,14,Aged 45 to 49 years,6762
E08000033,Calderdale,2,Male,15,Aged 50 to 54 years,7611
E08000033,Calderdale,2,Male,16,Aged 55 to 59 years,7449
E08000033,Calderdale,2,Male,17,Aged 60 to 64 years,6335
E08000033,Calderdale,2,Male,18,Aged 65 years,1112
E08000033,Calderdale,2,Male,19,Aged 66 to 69 years,4211
E08000033,Calderdale,2,Male,20,Aged 70 to 74 years,5297
E08000033,Calderdale,2,Male,21,Aged 75 to 79 years,3598
E08000033,Calderdale,2,Male,22,Aged 80 to 84 years,2206
E08000033,Calderdale,2,Male,23,Aged 85 years and over,1631
E08000034,Kirklees,1,Female,1,Aged 2 years and under,7222
E08000034,Kirklees,1,Female,2,Aged 3 to 4 years,5126
E08000034,Kirklees,1,Female,3,Aged 5 to 7 years,7890
E08000034,Kirklees,1,Female,4,Aged 8 to 9 years,5612
E08000034,Kirklees,1,Female,5,Aged 10 to 14 years,13880
E08000034,Kirklees,1,Female,6,Aged 15 years,2654
E08000034,Kirklees,1,Female,7,Aged 16 to 17 years,5396
E08000034,Kirklees,1,Female,8,Aged 18 to 19 years,5007
E08000034,Kirklees,1,Female,9,Aged 20 to 24 years,12968
E08000034,Kirklees,1,Female,10,Aged 25 to 29 years,13585
E08000034,Kirklees,1,Female,11,Aged 30 to 34 years,15018
E08000034,Kirklees,1,Female,12,Aged 35 to 39 years,14643
E08000034,Kirklees,1,Female,13,Aged 40 to 44 years,13904
E08000034,Kirklees,1,Female,14,Aged 45 to 49 years,14247
E08000034,Kirklees,1,Female,15,Aged 50 to 54 years,15487
E08000034,Kirklees,1,Female,16,Aged 55 to 59 years,14429
E08000034,Kirklees,1,Female,17,Aged 60 to 64 years,12380
E08000034,Kirklees,1,Female,18,Aged 65 years,2209
E08000034,Kirklees,1,Female,19,Aged 66 to 69 years,8484
E08000034,Kirklees,1,Female,20,Aged 70 to 74 years,11179
E08000034,Kirklees,1,Female,21,Aged 75 to 79 years,7965
E08000034,Kirklees,1,Female,22,Aged 80 to 84 years,5751
E08000034,Kirklees,1,Female,23,Aged 85 years and over,5838
E08000034,Kirklees,2,Male,1,Aged 2 years and under,7499
E08000034,Kirklees,2,Male,2,Aged 3 to 4 years,5299
E08000034,Kirklees,2,Male,3,Aged 5 to 7 years,8278
E08000034,Kirklees,2,Male,4,Aged 8 to 9 years,5864
E08000034,Kirklees,2,Male,5,Aged 10 to 14 years,14732
E08000034,Kirklees,2,Male,6,Aged 15 years,2885
E08000034,Kirklees,2,Male,7,Aged 16 to 17 years,5689
E08000034,Kirklees,2,Male,8,Aged 18 to 19 years,5236
E08000034,Kirklees,2,Male,9,Aged 20 to 24 years,12876
E08000034,Kirklees,2,Male,10,Aged 25 to 29 years,12860
E08000034,Kirklees,2,Male,11,Aged 30 to 34 years,13406
E08000034,Kirklees,2,Male,12,Aged 35 to 39 years,13513
E08000034,Kirklees,2,Male,13,Aged 40 to 44 years,13293
E08000034,Kirklees,2,Male,14,Aged 45 to 49 years,13810
E08000034,Kirklees,2,Male,15,Aged 50 to 54 years,15372
E08000034,Kirklees,2,Male,16,Aged 55 to 59 years,14194
E08000034,Kirklees,2,Male,17,Aged 60 to 64 years,12148
E08000034,Kirklees,2,Male,18,Aged 65 years,2147
E08000034,Kirklees,2,Male,19,Aged 66 to 69 years,8193
E08000034,Kirklees,2,Male,20,Aged 70 to 74 years,10249
E08000034,Kirklees,2,Male,21,Aged 75 to 79 years,6892
E08000034,Kirklees,2,Male,22,Aged 80 to 84 years,4538
E08000034,Kirklees,2,Male,23,Aged 85 years and over,3370
E08000035,Leeds,1,Female,1,Aged 2 years and under,13431
E08000035,Leeds,1,Female,2,Aged 3 to 4 years,9423
E08000035,Leeds,1,Female,3,Aged 5 to 7 years,14306
E08000035,Leeds,1,Female,4,Aged 8 to 9 years,9801
E08000035,Leeds,1,Female,5,Aged 10 to 14 years,23484
E08000035,Leeds,1,Female,6,Aged 15 years,4339
E08000035,Leeds,1,Female,7,Aged 16 to 17 years,8311
E08000035,Leeds,1,Female,8,Aged 18 to 19 years,13405
E08000035,Leeds,1,Female,9,Aged 20 to 24 years,36970
E08000035,Leeds,1,Female,10,Aged 25 to 29 years,30991
E08000035,Leeds,1,Female,11,Aged 30 to 34 years,31266
E08000035,Leeds,1,Female,12,Aged 35 to 39 years,28918
E08000035,Leeds,1,Female,13,Aged 40 to 44 years,26183
E08000035,Leeds,1,Female,14,Aged 45 to 49 years,24439
E08000035,Leeds,1,Female,15,Aged 50 to 54 years,25714
E08000035,Leeds,1,Female,16,Aged 55 to 59 years,24492
E08000035,Leeds,1,Female,17,Aged 60 to 64 years,20786
E08000035,Leeds,1,Female,18,Aged 65 years,3539
E08000035,Leeds,1,Female,19,Aged 66 to 69 years,13694
E08000035,Leeds,1,Female,20,Aged 70 to 74 years,18181
E08000035,Leeds,1,Female,21,Aged 75 to 79 years,12958
E08000035,Leeds,1,Female,22,Aged 80 to 84 years,10033
E08000035,Leeds,1,Female,23,Aged 85 years and over,10915
E08000035,Leeds,2,Male,1,Aged 2 years and under,14132
E08000035,Leeds,2,Male,2,Aged 3 to 4 years,9816
E08000035,Leeds,2,Male,3,Aged 5 to 7 years,15083
E08000035,Leeds,2,Male,4,Aged 8 to 9 years,10424
E08000035,Leeds,2,Male,5,Aged 10 to 14 years,24674
E08000035,Leeds,2,Male,6,Aged 15 years,4571
E08000035,Leeds,2,Male,7,Aged 16 to 17 years,8847
E08000035,Leeds,2,Male,8,Aged 18 to 19 years,12349
E08000035,Leeds,2,Male,9,Aged 20 to 24 years,33489
E08000035,Leeds,2,Male,10,Aged 25 to 29 years,29630
E08000035,Leeds,2,Male,11,Aged 30 to 34 years,29380
E08000035,Leeds,2,Male,12,Aged 35 to 39 years,27683
E08000035,Leeds,2,Male,13,Aged 40 to 44 years,25467
E08000035,Leeds,2,Male,14,Aged 45 to 49 years,24684
E08000035,Leeds,2,Male,15,Aged 50 to 54 years,25093
E08000035,Leeds,2,Male,16,Aged 55 to 59 years,23695
E08000035,Leeds,2,Male,17,Aged 60 to 64 years,19913
E08000035,Leeds,2,Male,18,Aged 65 years,3454
E08000035,Leeds,2,Male,19,Aged 66 to 69 years,13002
E08000035,Leeds,2,Male,20,Aged 70 to 74 years,16127
E08000035,Leeds,2,Male,21,Aged 75 to 79 years,11003
E08000035,Leeds,2,Male,22,Aged 80 to 84 years,7566
E08000035,Leeds,2,Male,23,Aged 85 years and over,6293
E08000036,Wakefield,1,Female,1,Aged 2 years and under,5708
E08000036,Wakefield,1,Female,2,Aged 3 to 4 years,4013
E08000036,Wakefield,1,Female,3,Aged 5 to 7 years,6023
E08000036,Wakefield,1,Female,4,Aged 8 to 9 years,4176
E08000036,Wakefield,1,Female,5,Aged 10 to 14 years,10157
E08000036,Wakefield,1,Female,6,Aged 15 years,1879
E08000036,Wakefield,1,Female,7,Aged 16 to 17 years,3782
E08000036,Wakefield,1,Female,8,Aged 18 to 19 years,2990
E08000036,Wakefield,1,Female,9,Aged 20 to 24 years,9015
E08000036,Wakefield,1,Female,10,Aged 25 to 29 years,12154
E08000036,Wakefield,1,Female,11,Aged 30 to 34 years,13023
E08000036,Wakefield,1,Female,12,Aged 35 to 39 years,11979
E08000036,Wakefield,1,Female,13,Aged 40 to 44 years,10432
E08000036,Wakefield,1,Female,14,Aged 45 to 49 years,11446
E08000036,Wakefield,1,Female,15,Aged 50 to 54 years,13256
E08000036,Wakefield,1,Female,16,Aged 55 to 59 years,12587
E08000036,Wakefield,1,Female,17,Aged 60 to 64 years,10908
E08000036,Wakefield,1,Female,18,Aged 65 years,1955
E08000036,Wakefield,1,Female,19,Aged 66 to 69 years,7509
E08000036,Wakefield,1,Female,20,Aged 70 to 74 years,9643
E08000036,Wakefield,1,Female,21,Aged 75 to 79 years,7030
E08000036,Wakefield,1,Female,22,Aged 80 to 84 years,5031
E08000036,Wakefield,1,Female,23,Aged 85 years and over,4842
E08000036,Wakefield,2,Male,1,Aged 2 years and under,6170
E08000036,Wakefield,2,Male,2,Aged 3 to 4 years,4183
E08000036,Wakefield,2,Male,3,Aged 5 to 7 years,6386
E08000036,Wakefield,2,Male,4,Aged 8 to 9 years,4411
E08000036,Wakefield,2,Male,5,Aged 10 to 14 years,10674
E08000036,Wakefield,2,Male,6,Aged 15 years,2054
E08000036,Wakefield,2,Male,7,Aged 16 to 17 years,4016
E08000036,Wakefield,2,Male,8,Aged 18 to 19 years,3144
E08000036,Wakefield,2,Male,9,Aged 20 to 24 years,8987
E08000036,Wakefield,2,Male,10,Aged 25 to 29 years,11512
E08000036,Wakefield,2,Male,11,Aged 30 to 34 years,12285
E08000036,Wakefield,2,Male,12,Aged 35 to 39 years,11669
E08000036,Wakefield,2,Male,13,Aged 40 to 44 years,10294
E08000036,Wakefield,2,Male,14,Aged 45 to 49 years,11324
E08000036,Wakefield,2,Male,15,Aged 50 to 54 years,13075
E08000036,Wakefield,2,Male,16,Aged 55 to 59 years,12411
E08000036,Wakefield,2,Male,17,Aged 60 to 64 years,10642
E08000036,Wakefield,2,Male,18,Aged 65 years,1934
E08000036,Wakefield,2,Male,19,Aged 66 to 69 years,7003
E08000036,Wakefield,2,Male,20,Aged 70 to 74 years,8882
E08000036,Wakefield,2,Male,21,Aged 75 to 79 years,6210
E08000036,Wakefield,2,Male,22,Aged 80 to 84 years,3839
E08000036,Wakefield,2,Male,23,Aged 85 years and over,2728
E08000037,Gateshead,1,Female,1,Aged 2 years and under,2940
E08000037,Gateshead,1,Female,2,Aged 3 to 4 years,2050
E08000037,Gateshead,1,Female,3,Aged 5 to 7 years,3182
E08000037,Gateshead,1,Female,4,Aged 8 to 9 years,2219
E08000037,Gateshead,1,Female,5,Aged 10 to 14 years,5550
E08000037,Gateshead,1,Female,6,Aged 15 years,989
E08000037,Gateshead,1,Female,7,Aged 16 to 17 years,2113
E08000037,Gateshead,1,Female,8,Aged 18 to 19 years,1861
E08000037,Gateshead,1,Female,9,Aged 20 to 24 years,5134
E08000037,Gateshead,1,Female,10,Aged 25 to 29 years,6405
E08000037,Gateshead,1,Female,11,Aged 30 to 34 years,6638
E08000037,Gateshead,1,Female,12,Aged 35 to 39 years,6563
E08000037,Gateshead,1,Female,13,Aged 40 to 44 years,6016
E08000037,Gateshead,1,Female,14,Aged 45 to 49 years,6146
E08000037,Gateshead,1,Female,15,Aged 50 to 54 years,7057
E08000037,Gateshead,1,Female,16,Aged 55 to 59 years,7179
E08000037,Gateshead,1,Female,17,Aged 60 to 64 years,6340
E08000037,Gateshead,1,Female,18,Aged 65 years,1107
E08000037,Gateshead,1,Female,19,Aged 66 to 69 years,4262
E08000037,Gateshead,1,Female,20,Aged 70 to 74 years,5581
E08000037,Gateshead,1,Female,21,Aged 75 to 79 years,4029
E08000037,Gateshead,1,Female,22,Aged 80 to 84 years,3269
E08000037,Gateshead,1,Female,23,Aged 85 years and over,3323
E08000037,Gateshead,2,Male,1,Aged 2 years and under,2906
E08000037,Gateshead,2,Male,2,Aged 3 to 4 years,2157
E08000037,Gateshead,2,Male,3,Aged 5 to 7 years,3382
E08000037,Gateshead,2,Male,4,Aged 8 to 9 years,2286
E08000037,Gateshead,2,Male,5,Aged 10 to 14 years,5683
E08000037,Gateshead,2,Male,6,Aged 15 years,1057
E08000037,Gateshead,2,Male,7,Aged 16 to 17 years,2010
E08000037,Gateshead,2,Male,8,Aged 18 to 19 years,2044
E08000037,Gateshead,2,Male,9,Aged 20 to 24 years,5276
E08000037,Gateshead,2,Male,10,Aged 25 to 29 years,6326
E08000037,Gateshead,2,Male,11,Aged 30 to 34 years,6504
E08000037,Gateshead,2,Male,12,Aged 35 to 39 years,6410
E08000037,Gateshead,2,Male,13,Aged 40 to 44 years,5881
E08000037,Gateshead,2,Male,14,Aged 45 to 49 years,5914
E08000037,Gateshead,2,Male,15,Aged 50 to 54 years,6879
E08000037,Gateshead,2,Male,16,Aged 55 to 59 years,7064
E08000037,Gateshead,2,Male,17,Aged 60 to 64 years,6215
E08000037,Gateshead,2,Male,18,Aged 65 years,1104
E08000037,Gateshead,2,Male,19,Aged 66 to 69 years,4143
E08000037,Gateshead,2,Male,20,Aged 70 to 74 years,5162
E08000037,Gateshead,2,Male,21,Aged 75 to 79 years,3328
E08000037,Gateshead,2,Male,22,Aged 80 to 84 years,2577
E08000037,Gateshead,2,Male,23,Aged 85 years and over,1888
E09000001,City of London,1,Female,1,Aged 2 years and under,64
E09000001,City of London,1,Female,2,Aged 3 to 4 years,49
E09000001,City of London,1,Female,3,Aged 5 to 7 years,49
E09000001,City of London,1,Female,4,Aged 8 to 9 years,26
E09000001,City of London,1,Female,5,Aged 10 to 14 years,83
E09000001,City of London,1,Female,6,Aged 15 years,11
E09000001,City of London,1,Female,7,Aged 16 to 17 years,43
E09000001,City of London,1,Female,8,Aged 18 to 19 years,56
E09000001,City of London,1,Female,9,Aged 20 to 24 years,489
E09000001,City of London,1,Female,10,Aged 25 to 29 years,562
E09000001,City of London,1,Female,11,Aged 30 to 34 years,461
E09000001,City of London,1,Female,12,Aged 35 to 39 years,300
E09000001,City of London,1,Female,13,Aged 40 to 44 years,220
E09000001,City of London,1,Female,14,Aged 45 to 49 years,197
E09000001,City of London,1,Female,15,Aged 50 to 54 years,241
E09000001,City of London,1,Female,16,Aged 55 to 59 years,225
E09000001,City of London,1,Female,17,Aged 60 to 64 years,178
E09000001,City of London,1,Female,18,Aged 65 years,45
E09000001,City of London,1,Female,19,Aged 66 to 69 years,146
E09000001,City of London,1,Female,20,Aged 70 to 74 years,163
E09000001,City of London,1,Female,21,Aged 75 to 79 years,102
E09000001,City of London,1,Female,22,Aged 80 to 84 years,81
E09000001,City of London,1,Female,23,Aged 85 years and over,69
E09000001,City of London,2,Male,1,Aged 2 years and under,72
E09000001,City of London,2,Male,2,Aged 3 to 4 years,30
E09000001,City of London,2,Male,3,Aged 5 to 7 years,46
E09000001,City of London,2,Male,4,Aged 8 to 9 years,38
E09000001,City of London,2,Male,5,Aged 10 to 14 years,91
E09000001,City of London,2,Male,6,Aged 15 years,21
E09000001,City of London,2,Male,7,Aged 16 to 17 years,28
E09000001,City of London,2,Male,8,Aged 18 to 19 years,56
E09000001,City of London,2,Male,9,Aged 20 to 24 years,476
E09000001,City of London,2,Male,10,Aged 25 to 29 years,651
E09000001,City of London,2,Male,11,Aged 30 to 34 years,541
E09000001,City of London,2,Male,12,Aged 35 to 39 years,425
E09000001,City of London,2,Male,13,Aged 40 to 44 years,327
E09000001,City of London,2,Male,14,Aged 45 to 49 years,347
E09000001,City of London,2,Male,15,Aged 50 to 54 years,399
E09000001,City of London,2,Male,16,Aged 55 to 59 years,291
E09000001,City of London,2,Male,17,Aged 60 to 64 years,284
E09000001,City of London,2,Male,18,Aged 65 years,44
E09000001,City of London,2,Male,19,Aged 66 to 69 years,159
E09000001,City of London,2,Male,20,Aged 70 to 74 years,155
E09000001,City of London,2,Male,21,Aged 75 to 79 years,108
E09000001,City of London,2,Male,22,Aged 80 to 84 years,82
E09000001,City of London,2,Male,23,Aged 85 years and over,49
E09000002,Barking and Dagenham,1,Female,1,Aged 2 years and under,4925
E09000002,Barking and Dagenham,1,Female,2,Aged 3 to 4 years,3480
E09000002,Barking and Dagenham,1,Female,3,Aged 5 to 7 years,5282
E09000002,Barking and Dagenham,1,Female,4,Aged 8 to 9 years,3641
E09000002,Barking and Dagenham,1,Female,5,Aged 10 to 14 years,8850
E09000002,Barking and Dagenham,1,Female,6,Aged 15 years,1666
E09000002,Barking and Dagenham,1,Female,7,Aged 16 to 17 years,3038
E09000002,Barking and Dagenham,1,Female,8,Aged 18 to 19 years,2572
E09000002,Barking and Dagenham,1,Female,9,Aged 20 to 24 years,6666
E09000002,Barking and Dagenham,1,Female,10,Aged 25 to 29 years,8061
E09000002,Barking and Dagenham,1,Female,11,Aged 30 to 34 years,9825
E09000002,Barking and Dagenham,1,Female,12,Aged 35 to 39 years,9891
E09000002,Barking and Dagenham,1,Female,13,Aged 40 to 44 years,8974
E09000002,Barking and Dagenham,1,Female,14,Aged 45 to 49 years,7620
E09000002,Barking and Dagenham,1,Female,15,Aged 50 to 54 years,6968
E09000002,Barking and Dagenham,1,Female,16,Aged 55 to 59 years,5794
E09000002,Barking and Dagenham,1,Female,17,Aged 60 to 64 years,4296
E09000002,Barking and Dagenham,1,Female,18,Aged 65 years,715
E09000002,Barking and Dagenham,1,Female,19,Aged 66 to 69 years,2389
E09000002,Barking and Dagenham,1,Female,20,Aged 70 to 74 years,2582
E09000002,Barking and Dagenham,1,Female,21,Aged 75 to 79 years,1888
E09000002,Barking and Dagenham,1,Female,22,Aged 80 to 84 years,1559
E09000002,Barking and Dagenham,1,Female,23,Aged 85 years and over,1606
E09000002,Barking and Dagenham,2,Male,1,Aged 2 years and under,5045
E09000002,Barking and Dagenham,2,Male,2,Aged 3 to 4 years,3801
E09000002,Barking and Dagenham,2,Male,3,Aged 5 to 7 years,5537
E09000002,Barking and Dagenham,2,Male,4,Aged 8 to 9 years,3871
E09000002,Barking and Dagenham,2,Male,5,Aged 10 to 14 years,9378
E09000002,Barking and Dagenham,2,Male,6,Aged 15 years,1646
E09000002,Barking and Dagenham,2,Male,7,Aged 16 to 17 years,3346
E09000002,Barking and Dagenham,2,Male,8,Aged 18 to 19 years,2856
E09000002,Barking and Dagenham,2,Male,9,Aged 20 to 24 years,6574
E09000002,Barking and Dagenham,2,Male,10,Aged 25 to 29 years,7155
E09000002,Barking and Dagenham,2,Male,11,Aged 30 to 34 years,8230
E09000002,Barking and Dagenham,2,Male,12,Aged 35 to 39 years,8747
E09000002,Barking and Dagenham,2,Male,13,Aged 40 to 44 years,8101
E09000002,Barking and Dagenham,2,Male,14,Aged 45 to 49 years,7310
E09000002,Barking and Dagenham,2,Male,15,Aged 50 to 54 years,6867
E09000002,Barking and Dagenham,2,Male,16,Aged 55 to 59 years,5532
E09000002,Barking and Dagenham,2,Male,17,Aged 60 to 64 years,4290
E09000002,Barking and Dagenham,2,Male,18,Aged 65 years,658
E09000002,Barking and Dagenham,2,Male,19,Aged 66 to 69 years,2182
E09000002,Barking and Dagenham,2,Male,20,Aged 70 to 74 years,2197
E09000002,Barking and Dagenham,2,Male,21,Aged 75 to 79 years,1349
E09000002,Barking and Dagenham,2,Male,22,Aged 80 to 84 years,1022
E09000002,Barking and Dagenham,2,Male,23,Aged 85 years and over,885
E09000003,Barnet,1,Female,1,Aged 2 years and under,6851
E09000003,Barnet,1,Female,2,Aged 3 to 4 years,4809
E09000003,Barnet,1,Female,3,Aged 5 to 7 years,7122
E09000003,Barnet,1,Female,4,Aged 8 to 9 years,5096
E09000003,Barnet,1,Female,5,Aged 10 to 14 years,12524
E09000003,Barnet,1,Female,6,Aged 15 years,2337
E09000003,Barnet,1,Female,7,Aged 16 to 17 years,4588
E09000003,Barnet,1,Female,8,Aged 18 to 19 years,3456
E09000003,Barnet,1,Female,9,Aged 20 to 24 years,11628
E09000003,Barnet,1,Female,10,Aged 25 to 29 years,14683
E09000003,Barnet,1,Female,11,Aged 30 to 34 years,15673
E09000003,Barnet,1,Female,12,Aged 35 to 39 years,16124
E09000003,Barnet,1,Female,13,Aged 40 to 44 years,15652
E09000003,Barnet,1,Female,14,Aged 45 to 49 years,14079
E09000003,Barnet,1,Female,15,Aged 50 to 54 years,13207
E09000003,Barnet,1,Female,16,Aged 55 to 59 years,11971
E09000003,Barnet,1,Female,17,Aged 60 to 64 years,9891
E09000003,Barnet,1,Female,18,Aged 65 years,1702
E09000003,Barnet,1,Female,19,Aged 66 to 69 years,6320
E09000003,Barnet,1,Female,20,Aged 70 to 74 years,7757
E09000003,Barnet,1,Female,21,Aged 75 to 79 years,5781
E09000003,Barnet,1,Female,22,Aged 80 to 84 years,4171
E09000003,Barnet,1,Female,23,Aged 85 years and over,5377
E09000003,Barnet,2,Male,1,Aged 2 years and under,7391
E09000003,Barnet,2,Male,2,Aged 3 to 4 years,5055
E09000003,Barnet,2,Male,3,Aged 5 to 7 years,7719
E09000003,Barnet,2,Male,4,Aged 8 to 9 years,5315
E09000003,Barnet,2,Male,5,Aged 10 to 14 years,13283
E09000003,Barnet,2,Male,6,Aged 15 years,2488
E09000003,Barnet,2,Male,7,Aged 16 to 17 years,4811
E09000003,Barnet,2,Male,8,Aged 18 to 19 years,3784
E09000003,Barnet,2,Male,9,Aged 20 to 24 years,10767
E09000003,Barnet,2,Male,10,Aged 25 to 29 years,13358
E09000003,Barnet,2,Male,11,Aged 30 to 34 years,14502
E09000003,Barnet,2,Male,12,Aged 35 to 39 years,14665
E09000003,Barnet,2,Male,13,Aged 40 to 44 years,14436
E09000003,Barnet,2,Male,14,Aged 45 to 49 years,13388
E09000003,Barnet,2,Male,15,Aged 50 to 54 years,12439
E09000003,Barnet,2,Male,16,Aged 55 to 59 years,10903
E09000003,Barnet,2,Male,17,Aged 60 to 64 years,9246
E09000003,Barnet,2,Male,18,Aged 65 years,1681
E09000003,Barnet,2,Male,19,Aged 66 to 69 years,5744
E09000003,Barnet,2,Male,20,Aged 70 to 74 years,6603
E09000003,Barnet,2,Male,21,Aged 75 to 79 years,4682
E09000003,Barnet,2,Male,22,Aged 80 to 84 years,3170
E09000003,Barnet,2,Male,23,Aged 85 years and over,3116
E09000004,Bexley,1,Female,1,Aged 2 years and under,4361
E09000004,Bexley,1,Female,2,Aged 3 to 4 years,3083
E09000004,Bexley,1,Female,3,Aged 5 to 7 years,4570
E09000004,Bexley,1,Female,4,Aged 8 to 9 years,3308
E09000004,Bexley,1,Female,5,Aged 10 to 14 years,8055
E09000004,Bexley,1,Female,6,Aged 15 years,1473
E09000004,Bexley,1,Female,7,Aged 16 to 17 years,2880
E09000004,Bexley,1,Female,8,Aged 18 to 19 years,2516
E09000004,Bexley,1,Female,9,Aged 20 to 24 years,6772
E09000004,Bexley,1,Female,10,Aged 25 to 29 years,7791
E09000004,Bexley,1,Female,11,Aged 30 to 34 years,9180
E09000004,Bexley,1,Female,12,Aged 35 to 39 years,9566
E09000004,Bexley,1,Female,13,Aged 40 to 44 years,8917
E09000004,Bexley,1,Female,14,Aged 45 to 49 years,8287
E09000004,Bexley,1,Female,15,Aged 50 to 54 years,8878
E09000004,Bexley,1,Female,16,Aged 55 to 59 years,8583
E09000004,Bexley,1,Female,17,Aged 60 to 64 years,6942
E09000004,Bexley,1,Female,18,Aged 65 years,1156
E09000004,Bexley,1,Female,19,Aged 66 to 69 years,4334
E09000004,Bexley,1,Female,20,Aged 70 to 74 years,5635
E09000004,Bexley,1,Female,21,Aged 75 to 79 years,4390
E09000004,Bexley,1,Female,22,Aged 80 to 84 years,3499
E09000004,Bexley,1,Female,23,Aged 85 years and over,3798
E09000004,Bexley,2,Male,1,Aged 2 years and under,4477
E09000004,Bexley,2,Male,2,Aged 3 to 4 years,3113
E09000004,Bexley,2,Male,3,Aged 5 to 7 years,4948
E09000004,Bexley,2,Male,4,Aged 8 to 9 years,3369
E09000004,Bexley,2,Male,5,Aged 10 to 14 years,8384
E09000004,Bexley,2,Male,6,Aged 15 years,1507
E09000004,Bexley,2,Male,7,Aged 16 to 17 years,3181
E09000004,Bexley,2,Male,8,Aged 18 to 19 years,2556
E09000004,Bexley,2,Male,9,Aged 20 to 24 years,6735
E09000004,Bexley,2,Male,10,Aged 25 to 29 years,7088
E09000004,Bexley,2,Male,11,Aged 30 to 34 years,7929
E09000004,Bexley,2,Male,12,Aged 35 to 39 years,8147
E09000004,Bexley,2,Male,13,Aged 40 to 44 years,8216
E09000004,Bexley,2,Male,14,Aged 45 to 49 years,7730
E09000004,Bexley,2,Male,15,Aged 50 to 54 years,8387
E09000004,Bexley,2,Male,16,Aged 55 to 59 years,8025
E09000004,Bexley,2,Male,17,Aged 60 to 64 years,6634
E09000004,Bexley,2,Male,18,Aged 65 years,1132
E09000004,Bexley,2,Male,19,Aged 66 to 69 years,4033
E09000004,Bexley,2,Male,20,Aged 70 to 74 years,4904
E09000004,Bexley,2,Male,21,Aged 75 to 79 years,3365
E09000004,Bexley,2,Male,22,Aged 80 to 84 years,2511
E09000004,Bexley,2,Male,23,Aged 85 years and over,2135
E09000005,Brent,1,Female,1,Aged 2 years and under,5965
E09000005,Brent,1,Female,2,Aged 3 to 4 years,3855
E09000005,Brent,1,Female,3,Aged 5 to 7 years,5672
E09000005,Brent,1,Female,4,Aged 8 to 9 years,3996
E09000005,Brent,1,Female,5,Aged 10 to 14 years,10186
E09000005,Brent,1,Female,6,Aged 15 years,1939
E09000005,Brent,1,Female,7,Aged 16 to 17 years,4106
E09000005,Brent,1,Female,8,Aged 18 to 19 years,4013
E09000005,Brent,1,Female,9,Aged 20 to 24 years,12389
E09000005,Brent,1,Female,10,Aged 25 to 29 years,14875
E09000005,Brent,1,Female,11,Aged 30 to 34 years,15147
E09000005,Brent,1,Female,12,Aged 35 to 39 years,14015
E09000005,Brent,1,Female,13,Aged 40 to 44 years,12910
E09000005,Brent,1,Female,14,Aged 45 to 49 years,11633
E09000005,Brent,1,Female,15,Aged 50 to 54 years,11752
E09000005,Brent,1,Female,16,Aged 55 to 59 years,10431
E09000005,Brent,1,Female,17,Aged 60 to 64 years,8610
E09000005,Brent,1,Female,18,Aged 65 years,1378
E09000005,Brent,1,Female,19,Aged 66 to 69 years,4889
E09000005,Brent,1,Female,20,Aged 70 to 74 years,5167
E09000005,Brent,1,Female,21,Aged 75 to 79 years,3891
E09000005,Brent,1,Female,22,Aged 80 to 84 years,3135
E09000005,Brent,1,Female,23,Aged 85 years and over,3166
E09000005,Brent,2,Male,1,Aged 2 years and under,6080
E09000005,Brent,2,Male,2,Aged 3 to 4 years,4070
E09000005,Brent,2,Male,3,Aged 5 to 7 years,6042
E09000005,Brent,2,Male,4,Aged 8 to 9 years,4123
E09000005,Brent,2,Male,5,Aged 10 to 14 years,10685
E09000005,Brent,2,Male,6,Aged 15 years,2060
E09000005,Brent,2,Male,7,Aged 16 to 17 years,4275
E09000005,Brent,2,Male,8,Aged 18 to 19 years,4228
E09000005,Brent,2,Male,9,Aged 20 to 24 years,12200
E09000005,Brent,2,Male,10,Aged 25 to 29 years,14438
E09000005,Brent,2,Male,11,Aged 30 to 34 years,14700
E09000005,Brent,2,Male,12,Aged 35 to 39 years,13671
E09000005,Brent,2,Male,13,Aged 40 to 44 years,12448
E09000005,Brent,2,Male,14,Aged 45 to 49 years,11486
E09000005,Brent,2,Male,15,Aged 50 to 54 years,11030
E09000005,Brent,2,Male,16,Aged 55 to 59 years,9451
E09000005,Brent,2,Male,17,Aged 60 to 64 years,7778
E09000005,Brent,2,Male,18,Aged 65 years,1353
E09000005,Brent,2,Male,19,Aged 66 to 69 years,4678
E09000005,Brent,2,Male,20,Aged 70 to 74 years,4443
E09000005,Brent,2,Male,21,Aged 75 to 79 years,3097
E09000005,Brent,2,Male,22,Aged 80 to 84 years,2343
E09000005,Brent,2,Male,23,Aged 85 years and over,2015
E09000006,Bromley,1,Female,1,Aged 2 years and under,5538
E09000006,Bromley,1,Female,2,Aged 3 to 4 years,3956
E09000006,Bromley,1,Female,3,Aged 5 to 7 years,5973
E09000006,Bromley,1,Female,4,Aged 8 to 9 years,4097
E09000006,Bromley,1,Female,5,Aged 10 to 14 years,10079
E09000006,Bromley,1,Female,6,Aged 15 years,1855
E09000006,Bromley,1,Female,7,Aged 16 to 17 years,3778
E09000006,Bromley,1,Female,8,Aged 18 to 19 years,2745
E09000006,Bromley,1,Female,9,Aged 20 to 24 years,7288
E09000006,Bromley,1,Female,10,Aged 25 to 29 years,9672
E09000006,Bromley,1,Female,11,Aged 30 to 34 years,12261
E09000006,Bromley,1,Female,12,Aged 35 to 39 years,13208
E09000006,Bromley,1,Female,13,Aged 40 to 44 years,13245
E09000006,Bromley,1,Female,14,Aged 45 to 49 years,12174
E09000006,Bromley,1,Female,15,Aged 50 to 54 years,12449
E09000006,Bromley,1,Female,16,Aged 55 to 59 years,11595
E09000006,Bromley,1,Female,17,Aged 60 to 64 years,9352
E09000006,Bromley,1,Female,18,Aged 65 years,1595
E09000006,Bromley,1,Female,19,Aged 66 to 69 years,6010
E09000006,Bromley,1,Female,20,Aged 70 to 74 years,8318
E09000006,Bromley,1,Female,21,Aged 75 to 79 years,6153
E09000006,Bromley,1,Female,22,Aged 80 to 84 years,4687
E09000006,Bromley,1,Female,23,Aged 85 years and over,5707
E09000006,Bromley,2,Male,1,Aged 2 years and under,5845
E09000006,Bromley,2,Male,2,Aged 3 to 4 years,4152
E09000006,Bromley,2,Male,3,Aged 5 to 7 years,6221
E09000006,Bromley,2,Male,4,Aged 8 to 9 years,4336
E09000006,Bromley,2,Male,5,Aged 10 to 14 years,10845
E09000006,Bromley,2,Male,6,Aged 15 years,2006
E09000006,Bromley,2,Male,7,Aged 16 to 17 years,3957
E09000006,Bromley,2,Male,8,Aged 18 to 19 years,2874
E09000006,Bromley,2,Male,9,Aged 20 to 24 years,7390
E09000006,Bromley,2,Male,10,Aged 25 to 29 years,8652
E09000006,Bromley,2,Male,11,Aged 30 to 34 years,10165
E09000006,Bromley,2,Male,12,Aged 35 to 39 years,11583
E09000006,Bromley,2,Male,13,Aged 40 to 44 years,11797
E09000006,Bromley,2,Male,14,Aged 45 to 49 years,11527
E09000006,Bromley,2,Male,15,Aged 50 to 54 years,11480
E09000006,Bromley,2,Male,16,Aged 55 to 59 years,10752
E09000006,Bromley,2,Male,17,Aged 60 to 64 years,8905
E09000006,Bromley,2,Male,18,Aged 65 years,1513
E09000006,Bromley,2,Male,19,Aged 66 to 69 years,5365
E09000006,Bromley,2,Male,20,Aged 70 to 74 years,7052
E09000006,Bromley,2,Male,21,Aged 75 to 79 years,5079
E09000006,Bromley,2,Male,22,Aged 80 to 84 years,3452
E09000006,Bromley,2,Male,23,Aged 85 years and over,3310
E09000007,Camden,1,Female,1,Aged 2 years and under,3031
E09000007,Camden,1,Female,2,Aged 3 to 4 years,1909
E09000007,Camden,1,Female,3,Aged 5 to 7 years,2863
E09000007,Camden,1,Female,4,Aged 8 to 9 years,2038
E09000007,Camden,1,Female,5,Aged 10 to 14 years,5152
E09000007,Camden,1,Female,6,Aged 15 years,918
E09000007,Camden,1,Female,7,Aged 16 to 17 years,2204
E09000007,Camden,1,Female,8,Aged 18 to 19 years,4136
E09000007,Camden,1,Female,9,Aged 20 to 24 years,11247
E09000007,Camden,1,Female,10,Aged 25 to 29 years,11749
E09000007,Camden,1,Female,11,Aged 30 to 34 years,10762
E09000007,Camden,1,Female,12,Aged 35 to 39 years,8627
E09000007,Camden,1,Female,13,Aged 40 to 44 years,7549
E09000007,Camden,1,Female,14,Aged 45 to 49 years,6933
E09000007,Camden,1,Female,15,Aged 50 to 54 years,6883
E09000007,Camden,1,Female,16,Aged 55 to 59 years,6024
E09000007,Camden,1,Female,17,Aged 60 to 64 years,4669
E09000007,Camden,1,Female,18,Aged 65 years,791
E09000007,Camden,1,Female,19,Aged 66 to 69 years,3028
E09000007,Camden,1,Female,20,Aged 70 to 74 years,3585
E09000007,Camden,1,Female,21,Aged 75 to 79 years,2706
E09000007,Camden,1,Female,22,Aged 80 to 84 years,1918
E09000007,Camden,1,Female,23,Aged 85 years and over,1929
E09000007,Camden,2,Male,1,Aged 2 years and under,3071
E09000007,Camden,2,Male,2,Aged 3 to 4 years,2021
E09000007,Camden,2,Male,3,Aged 5 to 7 years,2948
E09000007,Camden,2,Male,4,Aged 8 to 9 years,2022
E09000007,Camden,2,Male,5,Aged 10 to 14 years,5236
E09000007,Camden,2,Male,6,Aged 15 years,1014
E09000007,Camden,2,Male,7,Aged 16 to 17 years,2077
E09000007,Camden,2,Male,8,Aged 18 to 19 years,3391
E09000007,Camden,2,Male,9,Aged 20 to 24 years,8919
E09000007,Camden,2,Male,10,Aged 25 to 29 years,10253
E09000007,Camden,2,Male,11,Aged 30 to 34 years,9779
E09000007,Camden,2,Male,12,Aged 35 to 39 years,7921
E09000007,Camden,2,Male,13,Aged 40 to 44 years,6951
E09000007,Camden,2,Male,14,Aged 45 to 49 years,6427
E09000007,Camden,2,Male,15,Aged 50 to 54 years,6386
E09000007,Camden,2,Male,16,Aged 55 to 59 years,5722
E09000007,Camden,2,Male,17,Aged 60 to 64 years,4472
E09000007,Camden,2,Male,18,Aged 65 years,764
E09000007,Camden,2,Male,19,Aged 66 to 69 years,2539
E09000007,Camden,2,Male,20,Aged 70 to 74 years,2958
E09000007,Camden,2,Male,21,Aged 75 to 79 years,2123
E09000007,Camden,2,Male,22,Aged 80 to 84 years,1352
E09000007,Camden,2,Male,23,Aged 85 years and over,1134
E09000008,Croydon,1,Female,1,Aged 2 years and under,7546
E09000008,Croydon,1,Female,2,Aged 3 to 4 years,4955
E09000008,Croydon,1,Female,3,Aged 5 to 7 years,7275
E09000008,Croydon,1,Female,4,Aged 8 to 9 years,5063
E09000008,Croydon,1,Female,5,Aged 10 to 14 years,12445
E09000008,Croydon,1,Female,6,Aged 15 years,2209
E09000008,Croydon,1,Female,7,Aged 16 to 17 years,4800
E09000008,Croydon,1,Female,8,Aged 18 to 19 years,3599
E09000008,Croydon,1,Female,9,Aged 20 to 24 years,10765
E09000008,Croydon,1,Female,10,Aged 25 to 29 years,14532
E09000008,Croydon,1,Female,11,Aged 30 to 34 years,17035
E09000008,Croydon,1,Female,12,Aged 35 to 39 years,16609
E09000008,Croydon,1,Female,13,Aged 40 to 44 years,15007
E09000008,Croydon,1,Female,14,Aged 45 to 49 years,13586
E09000008,Croydon,1,Female,15,Aged 50 to 54 years,14345
E09000008,Croydon,1,Female,16,Aged 55 to 59 years,13505
E09000008,Croydon,1,Female,17,Aged 60 to 64 years,10519
E09000008,Croydon,1,Female,18,Aged 65 years,1782
E09000008,Croydon,1,Female,19,Aged 66 to 69 years,6267
E09000008,Croydon,1,Female,20,Aged 70 to 74 years,7247
E09000008,Croydon,1,Female,21,Aged 75 to 79 years,5431
E09000008,Croydon,1,Female,22,Aged 80 to 84 years,4147
E09000008,Croydon,1,Female,23,Aged 85 years and over,4419
E09000008,Croydon,2,Male,1,Aged 2 years and under,7601
E09000008,Croydon,2,Male,2,Aged 3 to 4 years,5069
E09000008,Croydon,2,Male,3,Aged 5 to 7 years,7558
E09000008,Croydon,2,Male,4,Aged 8 to 9 years,5096
E09000008,Croydon,2,Male,5,Aged 10 to 14 years,12981
E09000008,Croydon,2,Male,6,Aged 15 years,2523
E09000008,Croydon,2,Male,7,Aged 16 to 17 years,5117
E09000008,Croydon,2,Male,8,Aged 18 to 19 years,4093
E09000008,Croydon,2,Male,9,Aged 20 to 24 years,10857
E09000008,Croydon,2,Male,10,Aged 25 to 29 years,13001
E09000008,Croydon,2,Male,11,Aged 30 to 34 years,14576
E09000008,Croydon,2,Male,12,Aged 35 to 39 years,14543
E09000008,Croydon,2,Male,13,Aged 40 to 44 years,13615
E09000008,Croydon,2,Male,14,Aged 45 to 49 years,12375
E09000008,Croydon,2,Male,15,Aged 50 to 54 years,12768
E09000008,Croydon,2,Male,16,Aged 55 to 59 years,12268
E09000008,Croydon,2,Male,17,Aged 60 to 64 years,9812
E09000008,Croydon,2,Male,18,Aged 65 years,1545
E09000008,Croydon,2,Male,19,Aged 66 to 69 years,5658
E09000008,Croydon,2,Male,20,Aged 70 to 74 years,6523
E09000008,Croydon,2,Male,21,Aged 75 to 79 years,4307
E09000008,Croydon,2,Male,22,Aged 80 to 84 years,3059
E09000008,Croydon,2,Male,23,Aged 85 years and over,2688
E09000009,Ealing,1,Female,1,Aged 2 years and under,6238
E09000009,Ealing,1,Female,2,Aged 3 to 4 years,4311
E09000009,Ealing,1,Female,3,Aged 5 to 7 years,6252
E09000009,Ealing,1,Female,4,Aged 8 to 9 years,4618
E09000009,Ealing,1,Female,5,Aged 10 to 14 years,11475
E09000009,Ealing,1,Female,6,Aged 15 years,2116
E09000009,Ealing,1,Female,7,Aged 16 to 17 years,4251
E09000009,Ealing,1,Female,8,Aged 18 to 19 years,4250
E09000009,Ealing,1,Female,9,Aged 20 to 24 years,11332
E09000009,Ealing,1,Female,10,Aged 25 to 29 years,14760
E09000009,Ealing,1,Female,11,Aged 30 to 34 years,15857
E09000009,Ealing,1,Female,12,Aged 35 to 39 years,15947
E09000009,Ealing,1,Female,13,Aged 40 to 44 years,14923
E09000009,Ealing,1,Female,14,Aged 45 to 49 years,13165
E09000009,Ealing,1,Female,15,Aged 50 to 54 years,12389
E09000009,Ealing,1,Female,16,Aged 55 to 59 years,11037
E09000009,Ealing,1,Female,17,Aged 60 to 64 years,8965
E09000009,Ealing,1,Female,18,Aged 65 years,1516
E09000009,Ealing,1,Female,19,Aged 66 to 69 years,5574
E09000009,Ealing,1,Female,20,Aged 70 to 74 years,6059
E09000009,Ealing,1,Female,21,Aged 75 to 79 years,4417
E09000009,Ealing,1,Female,22,Aged 80 to 84 years,3378
E09000009,Ealing,1,Female,23,Aged 85 years and over,3374
E09000009,Ealing,2,Male,1,Aged 2 years and under,6523
E09000009,Ealing,2,Male,2,Aged 3 to 4 years,4443
E09000009,Ealing,2,Male,3,Aged 5 to 7 years,6697
E09000009,Ealing,2,Male,4,Aged 8 to 9 years,4678
E09000009,Ealing,2,Male,5,Aged 10 to 14 years,12173
E09000009,Ealing,2,Male,6,Aged 15 years,2220
E09000009,Ealing,2,Male,7,Aged 16 to 17 years,4462
E09000009,Ealing,2,Male,8,Aged 18 to 19 years,4502
E09000009,Ealing,2,Male,9,Aged 20 to 24 years,11295
E09000009,Ealing,2,Male,10,Aged 25 to 29 years,14139
E09000009,Ealing,2,Male,11,Aged 30 to 34 years,14919
E09000009,Ealing,2,Male,12,Aged 35 to 39 years,14823
E09000009,Ealing,2,Male,13,Aged 40 to 44 years,14741
E09000009,Ealing,2,Male,14,Aged 45 to 49 years,13217
E09000009,Ealing,2,Male,15,Aged 50 to 54 years,12359
E09000009,Ealing,2,Male,16,Aged 55 to 59 years,10896
E09000009,Ealing,2,Male,17,Aged 60 to 64 years,8679
E09000009,Ealing,2,Male,18,Aged 65 years,1444
E09000009,Ealing,2,Male,19,Aged 66 to 69 years,5052
E09000009,Ealing,2,Male,20,Aged 70 to 74 years,5335
E09000009,Ealing,2,Male,21,Aged 75 to 79 years,3550
E09000009,Ealing,2,Male,22,Aged 80 to 84 years,2620
E09000009,Ealing,2,Male,23,Aged 85 years and over,2143
E09000010,Enfield,1,Female,1,Aged 2 years and under,6079
E09000010,Enfield,1,Female,2,Aged 3 to 4 years,4370
E09000010,Enfield,1,Female,3,Aged 5 to 7 years,6566
E09000010,Enfield,1,Female,4,Aged 8 to 9 years,4623
E09000010,Enfield,1,Female,5,Aged 10 to 14 years,11746
E09000010,Enfield,1,Female,6,Aged 15 years,2312
E09000010,Enfield,1,Female,7,Aged 16 to 17 years,4569
E09000010,Enfield,1,Female,8,Aged 18 to 19 years,3432
E09000010,Enfield,1,Female,9,Aged 20 to 24 years,9605
E09000010,Enfield,1,Female,10,Aged 25 to 29 years,11091
E09000010,Enfield,1,Female,11,Aged 30 to 34 years,12769
E09000010,Enfield,1,Female,12,Aged 35 to 39 years,13238
E09000010,Enfield,1,Female,13,Aged 40 to 44 years,13354
E09000010,Enfield,1,Female,14,Aged 45 to 49 years,11973
E09000010,Enfield,1,Female,15,Aged 50 to 54 years,11872
E09000010,Enfield,1,Female,16,Aged 55 to 59 years,11009
E09000010,Enfield,1,Female,17,Aged 60 to 64 years,8758
E09000010,Enfield,1,Female,18,Aged 65 years,1485
E09000010,Enfield,1,Female,19,Aged 66 to 69 years,5332
E09000010,Enfield,1,Female,20,Aged 70 to 74 years,5986
E09000010,Enfield,1,Female,21,Aged 75 to 79 years,4521
E09000010,Enfield,1,Female,22,Aged 80 to 84 years,3745
E09000010,Enfield,1,Female,23,Aged 85 years and over,4038
E09000010,Enfield,2,Male,1,Aged 2 years and under,6268
E09000010,Enfield,2,Male,2,Aged 3 to 4 years,4546
E09000010,Enfield,2,Male,3,Aged 5 to 7 years,6733
E09000010,Enfield,2,Male,4,Aged 8 to 9 years,4828
E09000010,Enfield,2,Male,5,Aged 10 to 14 years,12361
E09000010,Enfield,2,Male,6,Aged 15 years,2374
E09000010,Enfield,2,Male,7,Aged 16 to 17 years,4786
E09000010,Enfield,2,Male,8,Aged 18 to 19 years,3865
E09000010,Enfield,2,Male,9,Aged 20 to 24 years,9511
E09000010,Enfield,2,Male,10,Aged 25 to 29 years,10086
E09000010,Enfield,2,Male,11,Aged 30 to 34 years,10357
E09000010,Enfield,2,Male,12,Aged 35 to 39 years,10742
E09000010,Enfield,2,Male,13,Aged 40 to 44 years,11218
E09000010,Enfield,2,Male,14,Aged 45 to 49 years,10757
E09000010,Enfield,2,Male,15,Aged 50 to 54 years,10776
E09000010,Enfield,2,Male,16,Aged 55 to 59 years,10100
E09000010,Enfield,2,Male,17,Aged 60 to 64 years,8301
E09000010,Enfield,2,Male,18,Aged 65 years,1369
E09000010,Enfield,2,Male,19,Aged 66 to 69 years,4603
E09000010,Enfield,2,Male,20,Aged 70 to 74 years,5173
E09000010,Enfield,2,Male,21,Aged 75 to 79 years,3632
E09000010,Enfield,2,Male,22,Aged 80 to 84 years,2745
E09000010,Enfield,2,Male,23,Aged 85 years and over,2384
E09000011,Greenwich,1,Female,1,Aged 2 years and under,5722
E09000011,Greenwich,1,Female,2,Aged 3 to 4 years,3757
E09000011,Greenwich,1,Female,3,Aged 5 to 7 years,5512
E09000011,Greenwich,1,Female,4,Aged 8 to 9 years,3689
E09000011,Greenwich,1,Female,5,Aged 10 to 14 years,8881
E09000011,Greenwich,1,Female,6,Aged 15 years,1647
E09000011,Greenwich,1,Female,7,Aged 16 to 17 years,3223
E09000011,Greenwich,1,Female,8,Aged 18 to 19 years,2985
E09000011,Greenwich,1,Female,9,Aged 20 to 24 years,9379
E09000011,Greenwich,1,Female,10,Aged 25 to 29 years,12829
E09000011,Greenwich,1,Female,11,Aged 30 to 34 years,14732
E09000011,Greenwich,1,Female,12,Aged 35 to 39 years,13387
E09000011,Greenwich,1,Female,13,Aged 40 to 44 years,11874
E09000011,Greenwich,1,Female,14,Aged 45 to 49 years,10125
E09000011,Greenwich,1,Female,15,Aged 50 to 54 years,9573
E09000011,Greenwich,1,Female,16,Aged 55 to 59 years,8157
E09000011,Greenwich,1,Female,17,Aged 60 to 64 years,6359
E09000011,Greenwich,1,Female,18,Aged 65 years,1093
E09000011,Greenwich,1,Female,19,Aged 66 to 69 years,3809
E09000011,Greenwich,1,Female,20,Aged 70 to 74 years,4227
E09000011,Greenwich,1,Female,21,Aged 75 to 79 years,3126
E09000011,Greenwich,1,Female,22,Aged 80 to 84 years,2176
E09000011,Greenwich,1,Female,23,Aged 85 years and over,2309
E09000011,Greenwich,2,Male,1,Aged 2 years and under,5755
E09000011,Greenwich,2,Male,2,Aged 3 to 4 years,3794
E09000011,Greenwich,2,Male,3,Aged 5 to 7 years,5729
E09000011,Greenwich,2,Male,4,Aged 8 to 9 years,3853
E09000011,Greenwich,2,Male,5,Aged 10 to 14 years,9325
E09000011,Greenwich,2,Male,6,Aged 15 years,1659
E09000011,Greenwich,2,Male,7,Aged 16 to 17 years,3295
E09000011,Greenwich,2,Male,8,Aged 18 to 19 years,3086
E09000011,Greenwich,2,Male,9,Aged 20 to 24 years,8981
E09000011,Greenwich,2,Male,10,Aged 25 to 29 years,11887
E09000011,Greenwich,2,Male,11,Aged 30 to 34 years,13136
E09000011,Greenwich,2,Male,12,Aged 35 to 39 years,12391
E09000011,Greenwich,2,Male,13,Aged 40 to 44 years,11088
E09000011,Greenwich,2,Male,14,Aged 45 to 49 years,9443
E09000011,Greenwich,2,Male,15,Aged 50 to 54 years,9453
E09000011,Greenwich,2,Male,16,Aged 55 to 59 years,7968
E09000011,Greenwich,2,Male,17,Aged 60 to 64 years,6170
E09000011,Greenwich,2,Male,18,Aged 65 years,1064
E09000011,Greenwich,2,Male,19,Aged 66 to 69 years,3359
E09000011,Greenwich,2,Male,20,Aged 70 to 74 years,3747
E09000011,Greenwich,2,Male,21,Aged 75 to 79 years,2502
E09000011,Greenwich,2,Male,22,Aged 80 to 84 years,1597
E09000011,Greenwich,2,Male,23,Aged 85 years and over,1214
E09000012,Hackney,1,Female,1,Aged 2 years and under,4926
E09000012,Hackney,1,Female,2,Aged 3 to 4 years,3104
E09000012,Hackney,1,Female,3,Aged 5 to 7 years,4374
E09000012,Hackney,1,Female,4,Aged 8 to 9 years,2955
E09000012,Hackney,1,Female,5,Aged 10 to 14 years,7685
E09000012,Hackney,1,Female,6,Aged 15 years,1479
E09000012,Hackney,1,Female,7,Aged 16 to 17 years,2828
E09000012,Hackney,1,Female,8,Aged 18 to 19 years,2668
E09000012,Hackney,1,Female,9,Aged 20 to 24 years,10021
E09000012,Hackney,1,Female,10,Aged 25 to 29 years,17139
E09000012,Hackney,1,Female,11,Aged 30 to 34 years,16758
E09000012,Hackney,1,Female,12,Aged 35 to 39 years,12254
E09000012,Hackney,1,Female,13,Aged 40 to 44 years,9720
E09000012,Hackney,1,Female,14,Aged 45 to 49 years,8012
E09000012,Hackney,1,Female,15,Aged 50 to 54 years,7635
E09000012,Hackney,1,Female,16,Aged 55 to 59 years,7073
E09000012,Hackney,1,Female,17,Aged 60 to 64 years,5291
E09000012,Hackney,1,Female,18,Aged 65 years,868
E09000012,Hackney,1,Female,19,Aged 66 to 69 years,2810
E09000012,Hackney,1,Female,20,Aged 70 to 74 years,3002
E09000012,Hackney,1,Female,21,Aged 75 to 79 years,1935
E09000012,Hackney,1,Female,22,Aged 80 to 84 years,1383
E09000012,Hackney,1,Female,23,Aged 85 years and over,1383
E09000012,Hackney,2,Male,1,Aged 2 years and under,5024
E09000012,Hackney,2,Male,2,Aged 3 to 4 years,3080
E09000012,Hackney,2,Male,3,Aged 5 to 7 years,4680
E09000012,Hackney,2,Male,4,Aged 8 to 9 years,3150
E09000012,Hackney,2,Male,5,Aged 10 to 14 years,7734
E09000012,Hackney,2,Male,6,Aged 15 years,1486
E09000012,Hackney,2,Male,7,Aged 16 to 17 years,3154
E09000012,Hackney,2,Male,8,Aged 18 to 19 years,2509
E09000012,Hackney,2,Male,9,Aged 20 to 24 years,8572
E09000012,Hackney,2,Male,10,Aged 25 to 29 years,14393
E09000012,Hackney,2,Male,11,Aged 30 to 34 years,15190
E09000012,Hackney,2,Male,12,Aged 35 to 39 years,11356
E09000012,Hackney,2,Male,13,Aged 40 to 44 years,8916
E09000012,Hackney,2,Male,14,Aged 45 to 49 years,7453
E09000012,Hackney,2,Male,15,Aged 50 to 54 years,6935
E09000012,Hackney,2,Male,16,Aged 55 to 59 years,6273
E09000012,Hackney,2,Male,17,Aged 60 to 64 years,4813
E09000012,Hackney,2,Male,18,Aged 65 years,862
E09000012,Hackney,2,Male,19,Aged 66 to 69 years,2476
E09000012,Hackney,2,Male,20,Aged 70 to 74 years,2456
E09000012,Hackney,2,Male,21,Aged 75 to 79 years,1482
E09000012,Hackney,2,Male,22,Aged 80 to 84 years,1001
E09000012,Hackney,2,Male,23,Aged 85 years and over,847
E09000013,Hammersmith and Fulham,1,Female,1,Aged 2 years and under,2782
E09000013,Hammersmith and Fulham,1,Female,2,Aged 3 to 4 years,1753
E09000013,Hammersmith and Fulham,1,Female,3,Aged 5 to 7 years,2566
E09000013,Hammersmith and Fulham,1,Female,4,Aged 8 to 9 years,1804
E09000013,Hammersmith and Fulham,1,Female,5,Aged 10 to 14 years,4489
E09000013,Hammersmith and Fulham,1,Female,6,Aged 15 years,799
E09000013,Hammersmith and Fulham,1,Female,7,Aged 16 to 17 years,1733
E09000013,Hammersmith and Fulham,1,Female,8,Aged 18 to 19 years,1666
E09000013,Hammersmith and Fulham,1,Female,9,Aged 20 to 24 years,8992
E09000013,Hammersmith and Fulham,1,Female,10,Aged 25 to 29 years,12713
E09000013,Hammersmith and Fulham,1,Female,11,Aged 30 to 34 years,10166
E09000013,Hammersmith and Fulham,1,Female,12,Aged 35 to 39 years,7740
E09000013,Hammersmith and Fulham,1,Female,13,Aged 40 to 44 years,6991
E09000013,Hammersmith and Fulham,1,Female,14,Aged 45 to 49 years,6460
E09000013,Hammersmith and Fulham,1,Female,15,Aged 50 to 54 years,6404
E09000013,Hammersmith and Fulham,1,Female,16,Aged 55 to 59 years,5428
E09000013,Hammersmith and Fulham,1,Female,17,Aged 60 to 64 years,3974
E09000013,Hammersmith and Fulham,1,Female,18,Aged 65 years,700
E09000013,Hammersmith and Fulham,1,Female,19,Aged 66 to 69 years,2420
E09000013,Hammersmith and Fulham,1,Female,20,Aged 70 to 74 years,2698
E09000013,Hammersmith and Fulham,1,Female,21,Aged 75 to 79 years,2043
E09000013,Hammersmith and Fulham,1,Female,22,Aged 80 to 84 years,1516
E09000013,Hammersmith and Fulham,1,Female,23,Aged 85 years and over,1377
E09000013,Hammersmith and Fulham,2,Male,1,Aged 2 years and under,2737
E09000013,Hammersmith and Fulham,2,Male,2,Aged 3 to 4 years,1803
E09000013,Hammersmith and Fulham,2,Male,3,Aged 5 to 7 years,2651
E09000013,Hammersmith and Fulham,2,Male,4,Aged 8 to 9 years,1803
E09000013,Hammersmith and Fulham,2,Male,5,Aged 10 to 14 years,4518
E09000013,Hammersmith and Fulham,2,Male,6,Aged 15 years,825
E09000013,Hammersmith and Fulham,2,Male,7,Aged 16 to 17 years,1578
E09000013,Hammersmith and Fulham,2,Male,8,Aged 18 to 19 years,1604
E09000013,Hammersmith and Fulham,2,Male,9,Aged 20 to 24 years,7968
E09000013,Hammersmith and Fulham,2,Male,10,Aged 25 to 29 years,10688
E09000013,Hammersmith and Fulham,2,Male,11,Aged 30 to 34 years,9221
E09000013,Hammersmith and Fulham,2,Male,12,Aged 35 to 39 years,7060
E09000013,Hammersmith and Fulham,2,Male,13,Aged 40 to 44 years,5857
E09000013,Hammersmith and Fulham,2,Male,14,Aged 45 to 49 years,5714
E09000013,Hammersmith and Fulham,2,Male,15,Aged 50 to 54 years,5492
E09000013,Hammersmith and Fulham,2,Male,16,Aged 55 to 59 years,4812
E09000013,Hammersmith and Fulham,2,Male,17,Aged 60 to 64 years,3380
E09000013,Hammersmith and Fulham,2,Male,18,Aged 65 years,595
E09000013,Hammersmith and Fulham,2,Male,19,Aged 66 to 69 years,2016
E09000013,Hammersmith and Fulham,2,Male,20,Aged 70 to 74 years,2287
E09000013,Hammersmith and Fulham,2,Male,21,Aged 75 to 79 years,1496
E09000013,Hammersmith and Fulham,2,Male,22,Aged 80 to 84 years,1024
E09000013,Hammersmith and Fulham,2,Male,23,Aged 85 years and over,813
E09000014,Haringey,1,Female,1,Aged 2 years and under,4429
E09000014,Haringey,1,Female,2,Aged 3 to 4 years,2884
E09000014,Haringey,1,Female,3,Aged 5 to 7 years,4294
E09000014,Haringey,1,Female,4,Aged 8 to 9 years,2941
E09000014,Haringey,1,Female,5,Aged 10 to 14 years,7670
E09000014,Haringey,1,Female,6,Aged 15 years,1464
E09000014,Haringey,1,Female,7,Aged 16 to 17 years,3077
E09000014,Haringey,1,Female,8,Aged 18 to 19 years,2778
E09000014,Haringey,1,Female,9,Aged 20 to 24 years,8426
E09000014,Haringey,1,Female,10,Aged 25 to 29 years,12733
E09000014,Haringey,1,Female,11,Aged 30 to 34 years,13373
E09000014,Haringey,1,Female,12,Aged 35 to 39 years,12227
E09000014,Haringey,1,Female,13,Aged 40 to 44 years,10864
E09000014,Haringey,1,Female,14,Aged 45 to 49 years,9861
E09000014,Haringey,1,Female,15,Aged 50 to 54 years,9700
E09000014,Haringey,1,Female,16,Aged 55 to 59 years,8420
E09000014,Haringey,1,Female,17,Aged 60 to 64 years,6292
E09000014,Haringey,1,Female,18,Aged 65 years,1046
E09000014,Haringey,1,Female,19,Aged 66 to 69 years,3647
E09000014,Haringey,1,Female,20,Aged 70 to 74 years,3947
E09000014,Haringey,1,Female,21,Aged 75 to 79 years,2766
E09000014,Haringey,1,Female,22,Aged 80 to 84 years,2097
E09000014,Haringey,1,Female,23,Aged 85 years and over,2057
E09000014,Haringey,2,Male,1,Aged 2 years and under,4683
E09000014,Haringey,2,Male,2,Aged 3 to 4 years,2936
E09000014,Haringey,2,Male,3,Aged 5 to 7 years,4493
E09000014,Haringey,2,Male,4,Aged 8 to 9 years,3014
E09000014,Haringey,2,Male,5,Aged 10 to 14 years,7903
E09000014,Haringey,2,Male,6,Aged 15 years,1527
E09000014,Haringey,2,Male,7,Aged 16 to 17 years,3109
E09000014,Haringey,2,Male,8,Aged 18 to 19 years,2616
E09000014,Haringey,2,Male,9,Aged 20 to 24 years,7936
E09000014,Haringey,2,Male,10,Aged 25 to 29 years,11268
E09000014,Haringey,2,Male,11,Aged 30 to 34 years,12527
E09000014,Haringey,2,Male,12,Aged 35 to 39 years,11377
E09000014,Haringey,2,Male,13,Aged 40 to 44 years,10289
E09000014,Haringey,2,Male,14,Aged 45 to 49 years,9311
E09000014,Haringey,2,Male,15,Aged 50 to 54 years,8821
E09000014,Haringey,2,Male,16,Aged 55 to 59 years,7677
E09000014,Haringey,2,Male,17,Aged 60 to 64 years,5604
E09000014,Haringey,2,Male,18,Aged 65 years,963
E09000014,Haringey,2,Male,19,Aged 66 to 69 years,3165
E09000014,Haringey,2,Male,20,Aged 70 to 74 years,3201
E09000014,Haringey,2,Male,21,Aged 75 to 79 years,2120
E09000014,Haringey,2,Male,22,Aged 80 to 84 years,1543
E09000014,Haringey,2,Male,23,Aged 85 years and over,1160
E09000015,Harrow,1,Female,1,Aged 2 years and under,4572
E09000015,Harrow,1,Female,2,Aged 3 to 4 years,3053
E09000015,Harrow,1,Female,3,Aged 5 to 7 years,4833
E09000015,Harrow,1,Female,4,Aged 8 to 9 years,3224
E09000015,Harrow,1,Female,5,Aged 10 to 14 years,7877
E09000015,Harrow,1,Female,6,Aged 15 years,1516
E09000015,Harrow,1,Female,7,Aged 16 to 17 years,3088
E09000015,Harrow,1,Female,8,Aged 18 to 19 years,2286
E09000015,Harrow,1,Female,9,Aged 20 to 24 years,7395
E09000015,Harrow,1,Female,10,Aged 25 to 29 years,9251
E09000015,Harrow,1,Female,11,Aged 30 to 34 years,10346
E09000015,Harrow,1,Female,12,Aged 35 to 39 years,10929
E09000015,Harrow,1,Female,13,Aged 40 to 44 years,10029
E09000015,Harrow,1,Female,14,Aged 45 to 49 years,8410
E09000015,Harrow,1,Female,15,Aged 50 to 54 years,8401
E09000015,Harrow,1,Female,16,Aged 55 to 59 years,7932
E09000015,Harrow,1,Female,17,Aged 60 to 64 years,7138
E09000015,Harrow,1,Female,18,Aged 65 years,1332
E09000015,Harrow,1,Female,19,Aged 66 to 69 years,4667
E09000015,Harrow,1,Female,20,Aged 70 to 74 years,5346
E09000015,Harrow,1,Female,21,Aged 75 to 79 years,4049
E09000015,Harrow,1,Female,22,Aged 80 to 84 years,3228
E09000015,Harrow,1,Female,23,Aged 85 years and over,3504
E09000015,Harrow,2,Male,1,Aged 2 years and under,4786
E09000015,Harrow,2,Male,2,Aged 3 to 4 years,3288
E09000015,Harrow,2,Male,3,Aged 5 to 7 years,4749
E09000015,Harrow,2,Male,4,Aged 8 to 9 years,3327
E09000015,Harrow,2,Male,5,Aged 10 to 14 years,8604
E09000015,Harrow,2,Male,6,Aged 15 years,1753
E09000015,Harrow,2,Male,7,Aged 16 to 17 years,3696
E09000015,Harrow,2,Male,8,Aged 18 to 19 years,2703
E09000015,Harrow,2,Male,9,Aged 20 to 24 years,7737
E09000015,Harrow,2,Male,10,Aged 25 to 29 years,9216
E09000015,Harrow,2,Male,11,Aged 30 to 34 years,10112
E09000015,Harrow,2,Male,12,Aged 35 to 39 years,10204
E09000015,Harrow,2,Male,13,Aged 40 to 44 years,9898
E09000015,Harrow,2,Male,14,Aged 45 to 49 years,8593
E09000015,Harrow,2,Male,15,Aged 50 to 54 years,7943
E09000015,Harrow,2,Male,16,Aged 55 to 59 years,7423
E09000015,Harrow,2,Male,17,Aged 60 to 64 years,6712
E09000015,Harrow,2,Male,18,Aged 65 years,1165
E09000015,Harrow,2,Male,19,Aged 66 to 69 years,4351
E09000015,Harrow,2,Male,20,Aged 70 to 74 years,4549
E09000015,Harrow,2,Male,21,Aged 75 to 79 years,3310
E09000015,Harrow,2,Male,22,Aged 80 to 84 years,2501
E09000015,Harrow,2,Male,23,Aged 85 years and over,2175
E09000016,Havering,1,Female,1,Aged 2 years and under,4678
E09000016,Havering,1,Female,2,Aged 3 to 4 years,3309
E09000016,Havering,1,Female,3,Aged 5 to 7 years,5040
E09000016,Havering,1,Female,4,Aged 8 to 9 years,3233
E09000016,Havering,1,Female,5,Aged 10 to 14 years,7769
E09000016,Havering,1,Female,6,Aged 15 years,1507
E09000016,Havering,1,Female,7,Aged 16 to 17 years,3079
E09000016,Havering,1,Female,8,Aged 18 to 19 years,2460
E09000016,Havering,1,Female,9,Aged 20 to 24 years,7010
E09000016,Havering,1,Female,10,Aged 25 to 29 years,8862
E09000016,Havering,1,Female,11,Aged 30 to 34 years,10340
E09000016,Havering,1,Female,12,Aged 35 to 39 years,10059
E09000016,Havering,1,Female,13,Aged 40 to 44 years,8987
E09000016,Havering,1,Female,14,Aged 45 to 49 years,8268
E09000016,Havering,1,Female,15,Aged 50 to 54 years,9032
E09000016,Havering,1,Female,16,Aged 55 to 59 years,8726
E09000016,Havering,1,Female,17,Aged 60 to 64 years,7544
E09000016,Havering,1,Female,18,Aged 65 years,1267
E09000016,Havering,1,Female,19,Aged 66 to 69 years,4898
E09000016,Havering,1,Female,20,Aged 70 to 74 years,6472
E09000016,Havering,1,Female,21,Aged 75 to 79 years,4894
E09000016,Havering,1,Female,22,Aged 80 to 84 years,3765
E09000016,Havering,1,Female,23,Aged 85 years and over,4468
E09000016,Havering,2,Male,1,Aged 2 years and under,5092
E09000016,Havering,2,Male,2,Aged 3 to 4 years,3412
E09000016,Havering,2,Male,3,Aged 5 to 7 years,5163
E09000016,Havering,2,Male,4,Aged 8 to 9 years,3426
E09000016,Havering,2,Male,5,Aged 10 to 14 years,8196
E09000016,Havering,2,Male,6,Aged 15 years,1497
E09000016,Havering,2,Male,7,Aged 16 to 17 years,3150
E09000016,Havering,2,Male,8,Aged 18 to 19 years,2673
E09000016,Havering,2,Male,9,Aged 20 to 24 years,7094
E09000016,Havering,2,Male,10,Aged 25 to 29 years,8077
E09000016,Havering,2,Male,11,Aged 30 to 34 years,8952
E09000016,Havering,2,Male,12,Aged 35 to 39 years,9130
E09000016,Havering,2,Male,13,Aged 40 to 44 years,8453
E09000016,Havering,2,Male,14,Aged 45 to 49 years,7945
E09000016,Havering,2,Male,15,Aged 50 to 54 years,8339
E09000016,Havering,2,Male,16,Aged 55 to 59 years,8232
E09000016,Havering,2,Male,17,Aged 60 to 64 years,7207
E09000016,Havering,2,Male,18,Aged 65 years,1195
E09000016,Havering,2,Male,19,Aged 66 to 69 years,4508
E09000016,Havering,2,Male,20,Aged 70 to 74 years,5653
E09000016,Havering,2,Male,21,Aged 75 to 79 years,3832
E09000016,Havering,2,Male,22,Aged 80 to 84 years,2653
E09000016,Havering,2,Male,23,Aged 85 years and over,2506
E09000017,Hillingdon,1,Female,1,Aged 2 years and under,5786
E09000017,Hillingdon,1,Female,2,Aged 3 to 4 years,3954
E09000017,Hillingdon,1,Female,3,Aged 5 to 7 years,5897
E09000017,Hillingdon,1,Female,4,Aged 8 to 9 years,4015
E09000017,Hillingdon,1,Female,5,Aged 10 to 14 years,9888
E09000017,Hillingdon,1,Female,6,Aged 15 years,1748
E09000017,Hillingdon,1,Female,7,Aged 16 to 17 years,3557
E09000017,Hillingdon,1,Female,8,Aged 18 to 19 years,3341
E09000017,Hillingdon,1,Female,9,Aged 20 to 24 years,9391
E09000017,Hillingdon,1,Female,10,Aged 25 to 29 years,10638
E09000017,Hillingdon,1,Female,11,Aged 30 to 34 years,12524
E09000017,Hillingdon,1,Female,12,Aged 35 to 39 years,12998
E09000017,Hillingdon,1,Female,13,Aged 40 to 44 years,11942
E09000017,Hillingdon,1,Female,14,Aged 45 to 49 years,10066
E09000017,Hillingdon,1,Female,15,Aged 50 to 54 years,10013
E09000017,Hillingdon,1,Female,16,Aged 55 to 59 years,9129
E09000017,Hillingdon,1,Female,17,Aged 60 to 64 years,7390
E09000017,Hillingdon,1,Female,18,Aged 65 years,1315
E09000017,Hillingdon,1,Female,19,Aged 66 to 69 years,4592
E09000017,Hillingdon,1,Female,20,Aged 70 to 74 years,5528
E09000017,Hillingdon,1,Female,21,Aged 75 to 79 years,4055
E09000017,Hillingdon,1,Female,22,Aged 80 to 84 years,3336
E09000017,Hillingdon,1,Female,23,Aged 85 years and over,3760
E09000017,Hillingdon,2,Male,1,Aged 2 years and under,5884
E09000017,Hillingdon,2,Male,2,Aged 3 to 4 years,4258
E09000017,Hillingdon,2,Male,3,Aged 5 to 7 years,6233
E09000017,Hillingdon,2,Male,4,Aged 8 to 9 years,4324
E09000017,Hillingdon,2,Male,5,Aged 10 to 14 years,10109
E09000017,Hillingdon,2,Male,6,Aged 15 years,1938
E09000017,Hillingdon,2,Male,7,Aged 16 to 17 years,3782
E09000017,Hillingdon,2,Male,8,Aged 18 to 19 years,4190
E09000017,Hillingdon,2,Male,9,Aged 20 to 24 years,10421
E09000017,Hillingdon,2,Male,10,Aged 25 to 29 years,10134
E09000017,Hillingdon,2,Male,11,Aged 30 to 34 years,11156
E09000017,Hillingdon,2,Male,12,Aged 35 to 39 years,11928
E09000017,Hillingdon,2,Male,13,Aged 40 to 44 years,11520
E09000017,Hillingdon,2,Male,14,Aged 45 to 49 years,10218
E09000017,Hillingdon,2,Male,15,Aged 50 to 54 years,9884
E09000017,Hillingdon,2,Male,16,Aged 55 to 59 years,8995
E09000017,Hillingdon,2,Male,17,Aged 60 to 64 years,7491
E09000017,Hillingdon,2,Male,18,Aged 65 years,1274
E09000017,Hillingdon,2,Male,19,Aged 66 to 69 years,4480
E09000017,Hillingdon,2,Male,20,Aged 70 to 74 years,4921
E09000017,Hillingdon,2,Male,21,Aged 75 to 79 years,3332
E09000017,Hillingdon,2,Male,22,Aged 80 to 84 years,2430
E09000017,Hillingdon,2,Male,23,Aged 85 years and over,2148
E09000018,Hounslow,1,Female,1,Aged 2 years and under,5189
E09000018,Hounslow,1,Female,2,Aged 3 to 4 years,3633
E09000018,Hounslow,1,Female,3,Aged 5 to 7 years,5472
E09000018,Hounslow,1,Female,4,Aged 8 to 9 years,3891
E09000018,Hounslow,1,Female,5,Aged 10 to 14 years,8952
E09000018,Hounslow,1,Female,6,Aged 15 years,1730
E09000018,Hounslow,1,Female,7,Aged 16 to 17 years,3336
E09000018,Hounslow,1,Female,8,Aged 18 to 19 years,2676
E09000018,Hounslow,1,Female,9,Aged 20 to 24 years,7991
E09000018,Hounslow,1,Female,10,Aged 25 to 29 years,10698
E09000018,Hounslow,1,Female,11,Aged 30 to 34 years,13042
E09000018,Hounslow,1,Female,12,Aged 35 to 39 years,13314
E09000018,Hounslow,1,Female,13,Aged 40 to 44 years,12021
E09000018,Hounslow,1,Female,14,Aged 45 to 49 years,10198
E09000018,Hounslow,1,Female,15,Aged 50 to 54 years,9455
E09000018,Hounslow,1,Female,16,Aged 55 to 59 years,8158
E09000018,Hounslow,1,Female,17,Aged 60 to 64 years,6735
E09000018,Hounslow,1,Female,18,Aged 65 years,1165
E09000018,Hounslow,1,Female,19,Aged 66 to 69 years,4314
E09000018,Hounslow,1,Female,20,Aged 70 to 74 years,4743
E09000018,Hounslow,1,Female,21,Aged 75 to 79 years,3366
E09000018,Hounslow,1,Female,22,Aged 80 to 84 years,2478
E09000018,Hounslow,1,Female,23,Aged 85 years and over,2421
E09000018,Hounslow,2,Male,1,Aged 2 years and under,5584
E09000018,Hounslow,2,Male,2,Aged 3 to 4 years,3815
E09000018,Hounslow,2,Male,3,Aged 5 to 7 years,5770
E09000018,Hounslow,2,Male,4,Aged 8 to 9 years,3974
E09000018,Hounslow,2,Male,5,Aged 10 to 14 years,9706
E09000018,Hounslow,2,Male,6,Aged 15 years,1783
E09000018,Hounslow,2,Male,7,Aged 16 to 17 years,3494
E09000018,Hounslow,2,Male,8,Aged 18 to 19 years,3154
E09000018,Hounslow,2,Male,9,Aged 20 to 24 years,8765
E09000018,Hounslow,2,Male,10,Aged 25 to 29 years,10110
E09000018,Hounslow,2,Male,11,Aged 30 to 34 years,11868
E09000018,Hounslow,2,Male,12,Aged 35 to 39 years,12588
E09000018,Hounslow,2,Male,13,Aged 40 to 44 years,12137
E09000018,Hounslow,2,Male,14,Aged 45 to 49 years,10706
E09000018,Hounslow,2,Male,15,Aged 50 to 54 years,9487
E09000018,Hounslow,2,Male,16,Aged 55 to 59 years,8212
E09000018,Hounslow,2,Male,17,Aged 60 to 64 years,6587
E09000018,Hounslow,2,Male,18,Aged 65 years,1108
E09000018,Hounslow,2,Male,19,Aged 66 to 69 years,3980
E09000018,Hounslow,2,Male,20,Aged 70 to 74 years,4159
E09000018,Hounslow,2,Male,21,Aged 75 to 79 years,2765
E09000018,Hounslow,2,Male,22,Aged 80 to 84 years,1879
E09000018,Hounslow,2,Male,23,Aged 85 years and over,1570
E09000019,Islington,1,Female,1,Aged 2 years and under,3390
E09000019,Islington,1,Female,2,Aged 3 to 4 years,2058
E09000019,Islington,1,Female,3,Aged 5 to 7 years,2934
E09000019,Islington,1,Female,4,Aged 8 to 9 years,2013
E09000019,Islington,1,Female,5,Aged 10 to 14 years,4888
E09000019,Islington,1,Female,6,Aged 15 years,938
E09000019,Islington,1,Female,7,Aged 16 to 17 years,1716
E09000019,Islington,1,Female,8,Aged 18 to 19 years,2891
E09000019,Islington,1,Female,9,Aged 20 to 24 years,10252
E09000019,Islington,1,Female,10,Aged 25 to 29 years,15507
E09000019,Islington,1,Female,11,Aged 30 to 34 years,14369
E09000019,Islington,1,Female,12,Aged 35 to 39 years,9711
E09000019,Islington,1,Female,13,Aged 40 to 44 years,7588
E09000019,Islington,1,Female,14,Aged 45 to 49 years,6431
E09000019,Islington,1,Female,15,Aged 50 to 54 years,6555
E09000019,Islington,1,Female,16,Aged 55 to 59 years,6144
E09000019,Islington,1,Female,17,Aged 60 to 64 years,4631
E09000019,Islington,1,Female,18,Aged 65 years,762
E09000019,Islington,1,Female,19,Aged 66 to 69 years,2592
E09000019,Islington,1,Female,20,Aged 70 to 74 years,2890
E09000019,Islington,1,Female,21,Aged 75 to 79 years,2055
E09000019,Islington,1,Female,22,Aged 80 to 84 years,1471
E09000019,Islington,1,Female,23,Aged 85 years and over,1505
E09000019,Islington,2,Male,1,Aged 2 years and under,3561
E09000019,Islington,2,Male,2,Aged 3 to 4 years,2202
E09000019,Islington,2,Male,3,Aged 5 to 7 years,2962
E09000019,Islington,2,Male,4,Aged 8 to 9 years,2066
E09000019,Islington,2,Male,5,Aged 10 to 14 years,5069
E09000019,Islington,2,Male,6,Aged 15 years,882
E09000019,Islington,2,Male,7,Aged 16 to 17 years,1850
E09000019,Islington,2,Male,8,Aged 18 to 19 years,2358
E09000019,Islington,2,Male,9,Aged 20 to 24 years,8224
E09000019,Islington,2,Male,10,Aged 25 to 29 years,13243
E09000019,Islington,2,Male,11,Aged 30 to 34 years,12944
E09000019,Islington,2,Male,12,Aged 35 to 39 years,9294
E09000019,Islington,2,Male,13,Aged 40 to 44 years,7214
E09000019,Islington,2,Male,14,Aged 45 to 49 years,6173
E09000019,Islington,2,Male,15,Aged 50 to 54 years,6342
E09000019,Islington,2,Male,16,Aged 55 to 59 years,5684
E09000019,Islington,2,Male,17,Aged 60 to 64 years,4184
E09000019,Islington,2,Male,18,Aged 65 years,685
E09000019,Islington,2,Male,19,Aged 66 to 69 years,2393
E09000019,Islington,2,Male,20,Aged 70 to 74 years,2505
E09000019,Islington,2,Male,21,Aged 75 to 79 years,1539
E09000019,Islington,2,Male,22,Aged 80 to 84 years,1083
E09000019,Islington,2,Male,23,Aged 85 years and over,841
E09000020,Kensington and Chelsea,1,Female,1,Aged 2 years and under,1812
E09000020,Kensington and Chelsea,1,Female,2,Aged 3 to 4 years,1197
E09000020,Kensington and Chelsea,1,Female,3,Aged 5 to 7 years,1836
E09000020,Kensington and Chelsea,1,Female,4,Aged 8 to 9 years,1274
E09000020,Kensington and Chelsea,1,Female,5,Aged 10 to 14 years,3192
E09000020,Kensington and Chelsea,1,Female,6,Aged 15 years,637
E09000020,Kensington and Chelsea,1,Female,7,Aged 16 to 17 years,1312
E09000020,Kensington and Chelsea,1,Female,8,Aged 18 to 19 years,1368
E09000020,Kensington and Chelsea,1,Female,9,Aged 20 to 24 years,6352
E09000020,Kensington and Chelsea,1,Female,10,Aged 25 to 29 years,7099
E09000020,Kensington and Chelsea,1,Female,11,Aged 30 to 34 years,6575
E09000020,Kensington and Chelsea,1,Female,12,Aged 35 to 39 years,5774
E09000020,Kensington and Chelsea,1,Female,13,Aged 40 to 44 years,5108
E09000020,Kensington and Chelsea,1,Female,14,Aged 45 to 49 years,5434
E09000020,Kensington and Chelsea,1,Female,15,Aged 50 to 54 years,6040
E09000020,Kensington and Chelsea,1,Female,16,Aged 55 to 59 years,5620
E09000020,Kensington and Chelsea,1,Female,17,Aged 60 to 64 years,4165
E09000020,Kensington and Chelsea,1,Female,18,Aged 65 years,694
E09000020,Kensington and Chelsea,1,Female,19,Aged 66 to 69 years,2528
E09000020,Kensington and Chelsea,1,Female,20,Aged 70 to 74 years,2970
E09000020,Kensington and Chelsea,1,Female,21,Aged 75 to 79 years,2222
E09000020,Kensington and Chelsea,1,Female,22,Aged 80 to 84 years,1561
E09000020,Kensington and Chelsea,1,Female,23,Aged 85 years and over,1544
E09000020,Kensington and Chelsea,2,Male,1,Aged 2 years and under,1915
E09000020,Kensington and Chelsea,2,Male,2,Aged 3 to 4 years,1247
E09000020,Kensington and Chelsea,2,Male,3,Aged 5 to 7 years,1925
E09000020,Kensington and Chelsea,2,Male,4,Aged 8 to 9 years,1331
E09000020,Kensington and Chelsea,2,Male,5,Aged 10 to 14 years,3292
E09000020,Kensington and Chelsea,2,Male,6,Aged 15 years,630
E09000020,Kensington and Chelsea,2,Male,7,Aged 16 to 17 years,1392
E09000020,Kensington and Chelsea,2,Male,8,Aged 18 to 19 years,1368
E09000020,Kensington and Chelsea,2,Male,9,Aged 20 to 24 years,5850
E09000020,Kensington and Chelsea,2,Male,10,Aged 25 to 29 years,5965
E09000020,Kensington and Chelsea,2,Male,11,Aged 30 to 34 years,5502
E09000020,Kensington and Chelsea,2,Male,12,Aged 35 to 39 years,4794
E09000020,Kensington and Chelsea,2,Male,13,Aged 40 to 44 years,4480
E09000020,Kensington and Chelsea,2,Male,14,Aged 45 to 49 years,4765
E09000020,Kensington and Chelsea,2,Male,15,Aged 50 to 54 years,5042
E09000020,Kensington and Chelsea,2,Male,16,Aged 55 to 59 years,4820
E09000020,Kensington and Chelsea,2,Male,17,Aged 60 to 64 years,3665
E09000020,Kensington and Chelsea,2,Male,18,Aged 65 years,583
E09000020,Kensington and Chelsea,2,Male,19,Aged 66 to 69 years,2049
E09000020,Kensington and Chelsea,2,Male,20,Aged 70 to 74 years,2500
E09000020,Kensington and Chelsea,2,Male,21,Aged 75 to 79 years,1800
E09000020,Kensington and Chelsea,2,Male,22,Aged 80 to 84 years,1232
E09000020,Kensington and Chelsea,2,Male,23,Aged 85 years and over,917
E09000021,Kingston upon Thames,1,Female,1,Aged 2 years and under,2670
E09000021,Kingston upon Thames,1,Female,2,Aged 3 to 4 years,1958
E09000021,Kingston upon Thames,1,Female,3,Aged 5 to 7 years,3051
E09000021,Kingston upon Thames,1,Female,4,Aged 8 to 9 years,2158
E09000021,Kingston upon Thames,1,Female,5,Aged 10 to 14 years,5273
E09000021,Kingston upon Thames,1,Female,6,Aged 15 years,1000
E09000021,Kingston upon Thames,1,Female,7,Aged 16 to 17 years,1935
E09000021,Kingston upon Thames,1,Female,8,Aged 18 to 19 years,1898
E09000021,Kingston upon Thames,1,Female,9,Aged 20 to 24 years,6110
E09000021,Kingston upon Thames,1,Female,10,Aged 25 to 29 years,5703
E09000021,Kingston upon Thames,1,Female,11,Aged 30 to 34 years,6457
E09000021,Kingston upon Thames,1,Female,12,Aged 35 to 39 years,6854
E09000021,Kingston upon Thames,1,Female,13,Aged 40 to 44 years,7014
E09000021,Kingston upon Thames,1,Female,14,Aged 45 to 49 years,6500
E09000021,Kingston upon Thames,1,Female,15,Aged 50 to 54 years,5876
E09000021,Kingston upon Thames,1,Female,16,Aged 55 to 59 years,5115
E09000021,Kingston upon Thames,1,Female,17,Aged 60 to 64 years,4211
E09000021,Kingston upon Thames,1,Female,18,Aged 65 years,708
E09000021,Kingston upon Thames,1,Female,19,Aged 66 to 69 years,2768
E09000021,Kingston upon Thames,1,Female,20,Aged 70 to 74 years,3516
E09000021,Kingston upon Thames,1,Female,21,Aged 75 to 79 years,2406
E09000021,Kingston upon Thames,1,Female,22,Aged 80 to 84 years,1800
E09000021,Kingston upon Thames,1,Female,23,Aged 85 years and over,2068
E09000021,Kingston upon Thames,2,Male,1,Aged 2 years and under,2892
E09000021,Kingston upon Thames,2,Male,2,Aged 3 to 4 years,2039
E09000021,Kingston upon Thames,2,Male,3,Aged 5 to 7 years,3152
E09000021,Kingston upon Thames,2,Male,4,Aged 8 to 9 years,2151
E09000021,Kingston upon Thames,2,Male,5,Aged 10 to 14 years,5313
E09000021,Kingston upon Thames,2,Male,6,Aged 15 years,942
E09000021,Kingston upon Thames,2,Male,7,Aged 16 to 17 years,1985
E09000021,Kingston upon Thames,2,Male,8,Aged 18 to 19 years,1690
E09000021,Kingston upon Thames,2,Male,9,Aged 20 to 24 years,5044
E09000021,Kingston upon Thames,2,Male,10,Aged 25 to 29 years,5283
E09000021,Kingston upon Thames,2,Male,11,Aged 30 to 34 years,5828
E09000021,Kingston upon Thames,2,Male,12,Aged 35 to 39 years,6126
E09000021,Kingston upon Thames,2,Male,13,Aged 40 to 44 years,6478
E09000021,Kingston upon Thames,2,Male,14,Aged 45 to 49 years,6190
E09000021,Kingston upon Thames,2,Male,15,Aged 50 to 54 years,5759
E09000021,Kingston upon Thames,2,Male,16,Aged 55 to 59 years,5073
E09000021,Kingston upon Thames,2,Male,17,Aged 60 to 64 years,4011
E09000021,Kingston upon Thames,2,Male,18,Aged 65 years,695
E09000021,Kingston upon Thames,2,Male,19,Aged 66 to 69 years,2558
E09000021,Kingston upon Thames,2,Male,20,Aged 70 to 74 years,3085
E09000021,Kingston upon Thames,2,Male,21,Aged 75 to 79 years,2144
E09000021,Kingston upon Thames,2,Male,22,Aged 80 to 84 years,1381
E09000021,Kingston upon Thames,2,Male,23,Aged 85 years and over,1200
E09000022,Lambeth,1,Female,1,Aged 2 years and under,4503
E09000022,Lambeth,1,Female,2,Aged 3 to 4 years,2985
E09000022,Lambeth,1,Female,3,Aged 5 to 7 years,4246
E09000022,Lambeth,1,Female,4,Aged 8 to 9 years,3075
E09000022,Lambeth,1,Female,5,Aged 10 to 14 years,7545
E09000022,Lambeth,1,Female,6,Aged 15 years,1488
E09000022,Lambeth,1,Female,7,Aged 16 to 17 years,3050
E09000022,Lambeth,1,Female,8,Aged 18 to 19 years,3001
E09000022,Lambeth,1,Female,9,Aged 20 to 24 years,14515
E09000022,Lambeth,1,Female,10,Aged 25 to 29 years,23973
E09000022,Lambeth,1,Female,11,Aged 30 to 34 years,18564
E09000022,Lambeth,1,Female,12,Aged 35 to 39 years,13248
E09000022,Lambeth,1,Female,13,Aged 40 to 44 years,11421
E09000022,Lambeth,1,Female,14,Aged 45 to 49 years,10266
E09000022,Lambeth,1,Female,15,Aged 50 to 54 years,10381
E09000022,Lambeth,1,Female,16,Aged 55 to 59 years,9461
E09000022,Lambeth,1,Female,17,Aged 60 to 64 years,6860
E09000022,Lambeth,1,Female,18,Aged 65 years,1182
E09000022,Lambeth,1,Female,19,Aged 66 to 69 years,3576
E09000022,Lambeth,1,Female,20,Aged 70 to 74 years,3602
E09000022,Lambeth,1,Female,21,Aged 75 to 79 years,2631
E09000022,Lambeth,1,Female,22,Aged 80 to 84 years,2098
E09000022,Lambeth,1,Female,23,Aged 85 years and over,2041
E09000022,Lambeth,2,Male,1,Aged 2 years and under,4854
E09000022,Lambeth,2,Male,2,Aged 3 to 4 years,2922
E09000022,Lambeth,2,Male,3,Aged 5 to 7 years,4602
E09000022,Lambeth,2,Male,4,Aged 8 to 9 years,3017
E09000022,Lambeth,2,Male,5,Aged 10 to 14 years,7940
E09000022,Lambeth,2,Male,6,Aged 15 years,1532
E09000022,Lambeth,2,Male,7,Aged 16 to 17 years,2959
E09000022,Lambeth,2,Male,8,Aged 18 to 19 years,2903
E09000022,Lambeth,2,Male,9,Aged 20 to 24 years,12240
E09000022,Lambeth,2,Male,10,Aged 25 to 29 years,21364
E09000022,Lambeth,2,Male,11,Aged 30 to 34 years,17997
E09000022,Lambeth,2,Male,12,Aged 35 to 39 years,13185
E09000022,Lambeth,2,Male,13,Aged 40 to 44 years,11022
E09000022,Lambeth,2,Male,14,Aged 45 to 49 years,10149
E09000022,Lambeth,2,Male,15,Aged 50 to 54 years,10087
E09000022,Lambeth,2,Male,16,Aged 55 to 59 years,8726
E09000022,Lambeth,2,Male,17,Aged 60 to 64 years,6311
E09000022,Lambeth,2,Male,18,Aged 65 years,957
E09000022,Lambeth,2,Male,19,Aged 66 to 69 years,3263
E09000022,Lambeth,2,Male,20,Aged 70 to 74 years,3256
E09000022,Lambeth,2,Male,21,Aged 75 to 79 years,2007
E09000022,Lambeth,2,Male,22,Aged 80 to 84 years,1524
E09000022,Lambeth,2,Male,23,Aged 85 years and over,1123
E09000023,Lewisham,1,Female,1,Aged 2 years and under,5740
E09000023,Lewisham,1,Female,2,Aged 3 to 4 years,3664
E09000023,Lewisham,1,Female,3,Aged 5 to 7 years,5296
E09000023,Lewisham,1,Female,4,Aged 8 to 9 years,3533
E09000023,Lewisham,1,Female,5,Aged 10 to 14 years,8769
E09000023,Lewisham,1,Female,6,Aged 15 years,1635
E09000023,Lewisham,1,Female,7,Aged 16 to 17 years,3188
E09000023,Lewisham,1,Female,8,Aged 18 to 19 years,2997
E09000023,Lewisham,1,Female,9,Aged 20 to 24 years,10033
E09000023,Lewisham,1,Female,10,Aged 25 to 29 years,14958
E09000023,Lewisham,1,Female,11,Aged 30 to 34 years,16626
E09000023,Lewisham,1,Female,12,Aged 35 to 39 years,14536
E09000023,Lewisham,1,Female,13,Aged 40 to 44 years,12543
E09000023,Lewisham,1,Female,14,Aged 45 to 49 years,10717
E09000023,Lewisham,1,Female,15,Aged 50 to 54 years,10448
E09000023,Lewisham,1,Female,16,Aged 55 to 59 years,10014
E09000023,Lewisham,1,Female,17,Aged 60 to 64 years,7039
E09000023,Lewisham,1,Female,18,Aged 65 years,1086
E09000023,Lewisham,1,Female,19,Aged 66 to 69 years,3651
E09000023,Lewisham,1,Female,20,Aged 70 to 74 years,3836
E09000023,Lewisham,1,Female,21,Aged 75 to 79 years,2844
E09000023,Lewisham,1,Female,22,Aged 80 to 84 years,2353
E09000023,Lewisham,1,Female,23,Aged 85 years and over,2314
E09000023,Lewisham,2,Male,1,Aged 2 years and under,5920
E09000023,Lewisham,2,Male,2,Aged 3 to 4 years,3803
E09000023,Lewisham,2,Male,3,Aged 5 to 7 years,5616
E09000023,Lewisham,2,Male,4,Aged 8 to 9 years,3727
E09000023,Lewisham,2,Male,5,Aged 10 to 14 years,8811
E09000023,Lewisham,2,Male,6,Aged 15 years,1628
E09000023,Lewisham,2,Male,7,Aged 16 to 17 years,3410
E09000023,Lewisham,2,Male,8,Aged 18 to 19 years,2811
E09000023,Lewisham,2,Male,9,Aged 20 to 24 years,8777
E09000023,Lewisham,2,Male,10,Aged 25 to 29 years,12625
E09000023,Lewisham,2,Male,11,Aged 30 to 34 years,14223
E09000023,Lewisham,2,Male,12,Aged 35 to 39 years,12970
E09000023,Lewisham,2,Male,13,Aged 40 to 44 years,11205
E09000023,Lewisham,2,Male,14,Aged 45 to 49 years,10065
E09000023,Lewisham,2,Male,15,Aged 50 to 54 years,9543
E09000023,Lewisham,2,Male,16,Aged 55 to 59 years,8574
E09000023,Lewisham,2,Male,17,Aged 60 to 64 years,6465
E09000023,Lewisham,2,Male,18,Aged 65 years,1063
E09000023,Lewisham,2,Male,19,Aged 66 to 69 years,3205
E09000023,Lewisham,2,Male,20,Aged 70 to 74 years,3251
E09000023,Lewisham,2,Male,21,Aged 75 to 79 years,2198
E09000023,Lewisham,2,Male,22,Aged 80 to 84 years,1566
E09000023,Lewisham,2,Male,23,Aged 85 years and over,1274
E09000024,Merton,1,Female,1,Aged 2 years and under,4025
E09000024,Merton,1,Female,2,Aged 3 to 4 years,2577
E09000024,Merton,1,Female,3,Aged 5 to 7 years,3770
E09000024,Merton,1,Female,4,Aged 8 to 9 years,2622
E09000024,Merton,1,Female,5,Aged 10 to 14 years,6328
E09000024,Merton,1,Female,6,Aged 15 years,1250
E09000024,Merton,1,Female,7,Aged 16 to 17 years,2317
E09000024,Merton,1,Female,8,Aged 18 to 19 years,1683
E09000024,Merton,1,Female,9,Aged 20 to 24 years,5761
E09000024,Merton,1,Female,10,Aged 25 to 29 years,9004
E09000024,Merton,1,Female,11,Aged 30 to 34 years,9977
E09000024,Merton,1,Female,12,Aged 35 to 39 years,9766
E09000024,Merton,1,Female,13,Aged 40 to 44 years,9279
E09000024,Merton,1,Female,14,Aged 45 to 49 years,7857
E09000024,Merton,1,Female,15,Aged 50 to 54 years,7385
E09000024,Merton,1,Female,16,Aged 55 to 59 years,6522
E09000024,Merton,1,Female,17,Aged 60 to 64 years,5322
E09000024,Merton,1,Female,18,Aged 65 years,937
E09000024,Merton,1,Female,19,Aged 66 to 69 years,3273
E09000024,Merton,1,Female,20,Aged 70 to 74 years,3769
E09000024,Merton,1,Female,21,Aged 75 to 79 years,2648
E09000024,Merton,1,Female,22,Aged 80 to 84 years,2121
E09000024,Merton,1,Female,23,Aged 85 years and over,2338
E09000024,Merton,2,Male,1,Aged 2 years and under,4195
E09000024,Merton,2,Male,2,Aged 3 to 4 years,2735
E09000024,Merton,2,Male,3,Aged 5 to 7 years,4181
E09000024,Merton,2,Male,4,Aged 8 to 9 years,2727
E09000024,Merton,2,Male,5,Aged 10 to 14 years,6841
E09000024,Merton,2,Male,6,Aged 15 years,1164
E09000024,Merton,2,Male,7,Aged 16 to 17 years,2415
E09000024,Merton,2,Male,8,Aged 18 to 19 years,1849
E09000024,Merton,2,Male,9,Aged 20 to 24 years,5406
E09000024,Merton,2,Male,10,Aged 25 to 29 years,8207
E09000024,Merton,2,Male,11,Aged 30 to 34 years,9166
E09000024,Merton,2,Male,12,Aged 35 to 39 years,9188
E09000024,Merton,2,Male,13,Aged 40 to 44 years,8840
E09000024,Merton,2,Male,14,Aged 45 to 49 years,7668
E09000024,Merton,2,Male,15,Aged 50 to 54 years,7097
E09000024,Merton,2,Male,16,Aged 55 to 59 years,6063
E09000024,Merton,2,Male,17,Aged 60 to 64 years,4929
E09000024,Merton,2,Male,18,Aged 65 years,798
E09000024,Merton,2,Male,19,Aged 66 to 69 years,2870
E09000024,Merton,2,Male,20,Aged 70 to 74 years,3335
E09000024,Merton,2,Male,21,Aged 75 to 79 years,2112
E09000024,Merton,2,Male,22,Aged 80 to 84 years,1620
E09000024,Merton,2,Male,23,Aged 85 years and over,1249
E09000025,Newham,1,Female,1,Aged 2 years and under,7266
E09000025,Newham,1,Female,2,Aged 3 to 4 years,4715
E09000025,Newham,1,Female,3,Aged 5 to 7 years,6769
E09000025,Newham,1,Female,4,Aged 8 to 9 years,4673
E09000025,Newham,1,Female,5,Aged 10 to 14 years,11542
E09000025,Newham,1,Female,6,Aged 15 years,2152
E09000025,Newham,1,Female,7,Aged 16 to 17 years,4456
E09000025,Newham,1,Female,8,Aged 18 to 19 years,4497
E09000025,Newham,1,Female,9,Aged 20 to 24 years,13968
E09000025,Newham,1,Female,10,Aged 25 to 29 years,18206
E09000025,Newham,1,Female,11,Aged 30 to 34 years,18336
E09000025,Newham,1,Female,12,Aged 35 to 39 years,16174
E09000025,Newham,1,Female,13,Aged 40 to 44 years,13265
E09000025,Newham,1,Female,14,Aged 45 to 49 years,10985
E09000025,Newham,1,Female,15,Aged 50 to 54 years,9971
E09000025,Newham,1,Female,16,Aged 55 to 59 years,8326
E09000025,Newham,1,Female,17,Aged 60 to 64 years,6519
E09000025,Newham,1,Female,18,Aged 65 years,1086
E09000025,Newham,1,Female,19,Aged 66 to 69 years,3598
E09000025,Newham,1,Female,20,Aged 70 to 74 years,3489
E09000025,Newham,1,Female,21,Aged 75 to 79 years,2322
E09000025,Newham,1,Female,22,Aged 80 to 84 years,1842
E09000025,Newham,1,Female,23,Aged 85 years and over,1569
E09000025,Newham,2,Male,1,Aged 2 years and under,7171
E09000025,Newham,2,Male,2,Aged 3 to 4 years,4702
E09000025,Newham,2,Male,3,Aged 5 to 7 years,7148
E09000025,Newham,2,Male,4,Aged 8 to 9 years,4736
E09000025,Newham,2,Male,5,Aged 10 to 14 years,11753
E09000025,Newham,2,Male,6,Aged 15 years,2236
E09000025,Newham,2,Male,7,Aged 16 to 17 years,4415
E09000025,Newham,2,Male,8,Aged 18 to 19 years,4398
E09000025,Newham,2,Male,9,Aged 20 to 24 years,14317
E09000025,Newham,2,Male,10,Aged 25 to 29 years,17830
E09000025,Newham,2,Male,11,Aged 30 to 34 years,18365
E09000025,Newham,2,Male,12,Aged 35 to 39 years,16355
E09000025,Newham,2,Male,13,Aged 40 to 44 years,14131
E09000025,Newham,2,Male,14,Aged 45 to 49 years,11782
E09000025,Newham,2,Male,15,Aged 50 to 54 years,10489
E09000025,Newham,2,Male,16,Aged 55 to 59 years,7975
E09000025,Newham,2,Male,17,Aged 60 to 64 years,6250
E09000025,Newham,2,Male,18,Aged 65 years,1023
E09000025,Newham,2,Male,19,Aged 66 to 69 years,3397
E09000025,Newham,2,Male,20,Aged 70 to 74 years,2805
E09000025,Newham,2,Male,21,Aged 75 to 79 years,1678
E09000025,Newham,2,Male,22,Aged 80 to 84 years,1341
E09000025,Newham,2,Male,23,Aged 85 years and over,1016
E09000026,Redbridge,1,Female,1,Aged 2 years and under,6156
E09000026,Redbridge,1,Female,2,Aged 3 to 4 years,4233
E09000026,Redbridge,1,Female,3,Aged 5 to 7 years,6383
E09000026,Redbridge,1,Female,4,Aged 8 to 9 years,4265
E09000026,Redbridge,1,Female,5,Aged 10 to 14 years,10503
E09000026,Redbridge,1,Female,6,Aged 15 years,1851
E09000026,Redbridge,1,Female,7,Aged 16 to 17 years,3957
E09000026,Redbridge,1,Female,8,Aged 18 to 19 years,3346
E09000026,Redbridge,1,Female,9,Aged 20 to 24 years,9393
E09000026,Redbridge,1,Female,10,Aged 25 to 29 years,11223
E09000026,Redbridge,1,Female,11,Aged 30 to 34 years,12789
E09000026,Redbridge,1,Female,12,Aged 35 to 39 years,13519
E09000026,Redbridge,1,Female,13,Aged 40 to 44 years,12483
E09000026,Redbridge,1,Female,14,Aged 45 to 49 years,10455
E09000026,Redbridge,1,Female,15,Aged 50 to 54 years,9790
E09000026,Redbridge,1,Female,16,Aged 55 to 59 years,8596
E09000026,Redbridge,1,Female,17,Aged 60 to 64 years,7254
E09000026,Redbridge,1,Female,18,Aged 65 years,1226
E09000026,Redbridge,1,Female,19,Aged 66 to 69 years,4599
E09000026,Redbridge,1,Female,20,Aged 70 to 74 years,5133
E09000026,Redbridge,1,Female,21,Aged 75 to 79 years,3683
E09000026,Redbridge,1,Female,22,Aged 80 to 84 years,2811
E09000026,Redbridge,1,Female,23,Aged 85 years and over,3278
E09000026,Redbridge,2,Male,1,Aged 2 years and under,6467
E09000026,Redbridge,2,Male,2,Aged 3 to 4 years,4338
E09000026,Redbridge,2,Male,3,Aged 5 to 7 years,6593
E09000026,Redbridge,2,Male,4,Aged 8 to 9 years,4492
E09000026,Redbridge,2,Male,5,Aged 10 to 14 years,10923
E09000026,Redbridge,2,Male,6,Aged 15 years,2039
E09000026,Redbridge,2,Male,7,Aged 16 to 17 years,4395
E09000026,Redbridge,2,Male,8,Aged 18 to 19 years,3727
E09000026,Redbridge,2,Male,9,Aged 20 to 24 years,9574
E09000026,Redbridge,2,Male,10,Aged 25 to 29 years,10512
E09000026,Redbridge,2,Male,11,Aged 30 to 34 years,12115
E09000026,Redbridge,2,Male,12,Aged 35 to 39 years,12707
E09000026,Redbridge,2,Male,13,Aged 40 to 44 years,12301
E09000026,Redbridge,2,Male,14,Aged 45 to 49 years,10659
E09000026,Redbridge,2,Male,15,Aged 50 to 54 years,9630
E09000026,Redbridge,2,Male,16,Aged 55 to 59 years,8411
E09000026,Redbridge,2,Male,17,Aged 60 to 64 years,7247
E09000026,Redbridge,2,Male,18,Aged 65 years,1249
E09000026,Redbridge,2,Male,19,Aged 66 to 69 years,4200
E09000026,Redbridge,2,Male,20,Aged 70 to 74 years,4501
E09000026,Redbridge,2,Male,21,Aged 75 to 79 years,2962
E09000026,Redbridge,2,Male,22,Aged 80 to 84 years,2348
E09000026,Redbridge,2,Male,23,Aged 85 years and over,1941
E09000027,Richmond upon Thames,1,Female,1,Aged 2 years and under,3101
E09000027,Richmond upon Thames,1,Female,2,Aged 3 to 4 years,2297
E09000027,Richmond upon Thames,1,Female,3,Aged 5 to 7 years,3742
E09000027,Richmond upon Thames,1,Female,4,Aged 8 to 9 years,2542
E09000027,Richmond upon Thames,1,Female,5,Aged 10 to 14 years,6453
E09000027,Richmond upon Thames,1,Female,6,Aged 15 years,1149
E09000027,Richmond upon Thames,1,Female,7,Aged 16 to 17 years,2222
E09000027,Richmond upon Thames,1,Female,8,Aged 18 to 19 years,1613
E09000027,Richmond upon Thames,1,Female,9,Aged 20 to 24 years,4164
E09000027,Richmond upon Thames,1,Female,10,Aged 25 to 29 years,5217
E09000027,Richmond upon Thames,1,Female,11,Aged 30 to 34 years,6483
E09000027,Richmond upon Thames,1,Female,12,Aged 35 to 39 years,7752
E09000027,Richmond upon Thames,1,Female,13,Aged 40 to 44 years,8706
E09000027,Richmond upon Thames,1,Female,14,Aged 45 to 49 years,8322
E09000027,Richmond upon Thames,1,Female,15,Aged 50 to 54 years,7921
E09000027,Richmond upon Thames,1,Female,16,Aged 55 to 59 years,7006
E09000027,Richmond upon Thames,1,Female,17,Aged 60 to 64 years,5291
E09000027,Richmond upon Thames,1,Female,18,Aged 65 years,898
E09000027,Richmond upon Thames,1,Female,19,Aged 66 to 69 years,3503
E09000027,Richmond upon Thames,1,Female,20,Aged 70 to 74 years,4697
E09000027,Richmond upon Thames,1,Female,21,Aged 75 to 79 years,3339
E09000027,Richmond upon Thames,1,Female,22,Aged 80 to 84 years,2286
E09000027,Richmond upon Thames,1,Female,23,Aged 85 years and over,2617
E09000027,Richmond upon Thames,2,Male,1,Aged 2 years and under,3289
E09000027,Richmond upon Thames,2,Male,2,Aged 3 to 4 years,2416
E09000027,Richmond upon Thames,2,Male,3,Aged 5 to 7 years,3787
E09000027,Richmond upon Thames,2,Male,4,Aged 8 to 9 years,2743
E09000027,Richmond upon Thames,2,Male,5,Aged 10 to 14 years,6775
E09000027,Richmond upon Thames,2,Male,6,Aged 15 years,1152
E09000027,Richmond upon Thames,2,Male,7,Aged 16 to 17 years,2330
E09000027,Richmond upon Thames,2,Male,8,Aged 18 to 19 years,1684
E09000027,Richmond upon Thames,2,Male,9,Aged 20 to 24 years,4066
E09000027,Richmond upon Thames,2,Male,10,Aged 25 to 29 years,4737
E09000027,Richmond upon Thames,2,Male,11,Aged 30 to 34 years,5614
E09000027,Richmond upon Thames,2,Male,12,Aged 35 to 39 years,6590
E09000027,Richmond upon Thames,2,Male,13,Aged 40 to 44 years,7654
E09000027,Richmond upon Thames,2,Male,14,Aged 45 to 49 years,7926
E09000027,Richmond upon Thames,2,Male,15,Aged 50 to 54 years,7485
E09000027,Richmond upon Thames,2,Male,16,Aged 55 to 59 years,6649
E09000027,Richmond upon Thames,2,Male,17,Aged 60 to 64 years,4957
E09000027,Richmond upon Thames,2,Male,18,Aged 65 years,838
E09000027,Richmond upon Thames,2,Male,19,Aged 66 to 69 years,3115
E09000027,Richmond upon Thames,2,Male,20,Aged 70 to 74 years,4035
E09000027,Richmond upon Thames,2,Male,21,Aged 75 to 79 years,2819
E09000027,Richmond upon Thames,2,Male,22,Aged 80 to 84 years,1778
E09000027,Richmond upon Thames,2,Male,23,Aged 85 years and over,1522
E09000028,Southwark,1,Female,1,Aged 2 years and under,4826
E09000028,Southwark,1,Female,2,Aged 3 to 4 years,3158
E09000028,Southwark,1,Female,3,Aged 5 to 7 years,4643
E09000028,Southwark,1,Female,4,Aged 8 to 9 years,3200
E09000028,Southwark,1,Female,5,Aged 10 to 14 years,7948
E09000028,Southwark,1,Female,6,Aged 15 years,1493
E09000028,Southwark,1,Female,7,Aged 16 to 17 years,3002
E09000028,Southwark,1,Female,8,Aged 18 to 19 years,3774
E09000028,Southwark,1,Female,9,Aged 20 to 24 years,13980
E09000028,Southwark,1,Female,10,Aged 25 to 29 years,19851
E09000028,Southwark,1,Female,11,Aged 30 to 34 years,17750
E09000028,Southwark,1,Female,12,Aged 35 to 39 years,13514
E09000028,Southwark,1,Female,13,Aged 40 to 44 years,11324
E09000028,Southwark,1,Female,14,Aged 45 to 49 years,10203
E09000028,Southwark,1,Female,15,Aged 50 to 54 years,9926
E09000028,Southwark,1,Female,16,Aged 55 to 59 years,9012
E09000028,Southwark,1,Female,17,Aged 60 to 64 years,6700
E09000028,Southwark,1,Female,18,Aged 65 years,1061
E09000028,Southwark,1,Female,19,Aged 66 to 69 years,3357
E09000028,Southwark,1,Female,20,Aged 70 to 74 years,3552
E09000028,Southwark,1,Female,21,Aged 75 to 79 years,2431
E09000028,Southwark,1,Female,22,Aged 80 to 84 years,1927
E09000028,Southwark,1,Female,23,Aged 85 years and over,2002
E09000028,Southwark,2,Male,1,Aged 2 years and under,5082
E09000028,Southwark,2,Male,2,Aged 3 to 4 years,3295
E09000028,Southwark,2,Male,3,Aged 5 to 7 years,4906
E09000028,Southwark,2,Male,4,Aged 8 to 9 years,3144
E09000028,Southwark,2,Male,5,Aged 10 to 14 years,8275
E09000028,Southwark,2,Male,6,Aged 15 years,1530
E09000028,Southwark,2,Male,7,Aged 16 to 17 years,3062
E09000028,Southwark,2,Male,8,Aged 18 to 19 years,3337
E09000028,Southwark,2,Male,9,Aged 20 to 24 years,11498
E09000028,Southwark,2,Male,10,Aged 25 to 29 years,18414
E09000028,Southwark,2,Male,11,Aged 30 to 34 years,17209
E09000028,Southwark,2,Male,12,Aged 35 to 39 years,13021
E09000028,Southwark,2,Male,13,Aged 40 to 44 years,10530
E09000028,Southwark,2,Male,14,Aged 45 to 49 years,9712
E09000028,Southwark,2,Male,15,Aged 50 to 54 years,9632
E09000028,Southwark,2,Male,16,Aged 55 to 59 years,8557
E09000028,Southwark,2,Male,17,Aged 60 to 64 years,6446
E09000028,Southwark,2,Male,18,Aged 65 years,927
E09000028,Southwark,2,Male,19,Aged 66 to 69 years,3054
E09000028,Southwark,2,Male,20,Aged 70 to 74 years,3118
E09000028,Southwark,2,Male,21,Aged 75 to 79 years,1920
E09000028,Southwark,2,Male,22,Aged 80 to 84 years,1347
E09000028,Southwark,2,Male,23,Aged 85 years and over,987
E09000029,Sutton,1,Female,1,Aged 2 years and under,3600
E09000029,Sutton,1,Female,2,Aged 3 to 4 years,2647
E09000029,Sutton,1,Female,3,Aged 5 to 7 years,3977
E09000029,Sutton,1,Female,4,Aged 8 to 9 years,2845
E09000029,Sutton,1,Female,5,Aged 10 to 14 years,6948
E09000029,Sutton,1,Female,6,Aged 15 years,1242
E09000029,Sutton,1,Female,7,Aged 16 to 17 years,2482
E09000029,Sutton,1,Female,8,Aged 18 to 19 years,1731
E09000029,Sutton,1,Female,9,Aged 20 to 24 years,4978
E09000029,Sutton,1,Female,10,Aged 25 to 29 years,6468
E09000029,Sutton,1,Female,11,Aged 30 to 34 years,8019
E09000029,Sutton,1,Female,12,Aged 35 to 39 years,9001
E09000029,Sutton,1,Female,13,Aged 40 to 44 years,8805
E09000029,Sutton,1,Female,14,Aged 45 to 49 years,7656
E09000029,Sutton,1,Female,15,Aged 50 to 54 years,7557
E09000029,Sutton,1,Female,16,Aged 55 to 59 years,7010
E09000029,Sutton,1,Female,17,Aged 60 to 64 years,5413
E09000029,Sutton,1,Female,18,Aged 65 years,1002
E09000029,Sutton,1,Female,19,Aged 66 to 69 years,3520
E09000029,Sutton,1,Female,20,Aged 70 to 74 years,4469
E09000029,Sutton,1,Female,21,Aged 75 to 79 years,3309
E09000029,Sutton,1,Female,22,Aged 80 to 84 years,2522
E09000029,Sutton,1,Female,23,Aged 85 years and over,2957
E09000029,Sutton,2,Male,1,Aged 2 years and under,3787
E09000029,Sutton,2,Male,2,Aged 3 to 4 years,2764
E09000029,Sutton,2,Male,3,Aged 5 to 7 years,4424
E09000029,Sutton,2,Male,4,Aged 8 to 9 years,3004
E09000029,Sutton,2,Male,5,Aged 10 to 14 years,7421
E09000029,Sutton,2,Male,6,Aged 15 years,1325
E09000029,Sutton,2,Male,7,Aged 16 to 17 years,2593
E09000029,Sutton,2,Male,8,Aged 18 to 19 years,1968
E09000029,Sutton,2,Male,9,Aged 20 to 24 years,4965
E09000029,Sutton,2,Male,10,Aged 25 to 29 years,6005
E09000029,Sutton,2,Male,11,Aged 30 to 34 years,6708
E09000029,Sutton,2,Male,12,Aged 35 to 39 years,7648
E09000029,Sutton,2,Male,13,Aged 40 to 44 years,8321
E09000029,Sutton,2,Male,14,Aged 45 to 49 years,7607
E09000029,Sutton,2,Male,15,Aged 50 to 54 years,7161
E09000029,Sutton,2,Male,16,Aged 55 to 59 years,6584
E09000029,Sutton,2,Male,17,Aged 60 to 64 years,5236
E09000029,Sutton,2,Male,18,Aged 65 years,925
E09000029,Sutton,2,Male,19,Aged 66 to 69 years,3166
E09000029,Sutton,2,Male,20,Aged 70 to 74 years,3888
E09000029,Sutton,2,Male,21,Aged 75 to 79 years,2593
E09000029,Sutton,2,Male,22,Aged 80 to 84 years,1782
E09000029,Sutton,2,Male,23,Aged 85 years and over,1609
E09000030,Tower Hamlets,1,Female,1,Aged 2 years and under,5549
E09000030,Tower Hamlets,1,Female,2,Aged 3 to 4 years,3752
E09000030,Tower Hamlets,1,Female,3,Aged 5 to 7 years,5089
E09000030,Tower Hamlets,1,Female,4,Aged 8 to 9 years,3536
E09000030,Tower Hamlets,1,Female,5,Aged 10 to 14 years,8578
E09000030,Tower Hamlets,1,Female,6,Aged 15 years,1626
E09000030,Tower Hamlets,1,Female,7,Aged 16 to 17 years,3383
E09000030,Tower Hamlets,1,Female,8,Aged 18 to 19 years,4286
E09000030,Tower Hamlets,1,Female,9,Aged 20 to 24 years,16856
E09000030,Tower Hamlets,1,Female,10,Aged 25 to 29 years,22624
E09000030,Tower Hamlets,1,Female,11,Aged 30 to 34 years,20255
E09000030,Tower Hamlets,1,Female,12,Aged 35 to 39 years,14982
E09000030,Tower Hamlets,1,Female,13,Aged 40 to 44 years,10913
E09000030,Tower Hamlets,1,Female,14,Aged 45 to 49 years,7917
E09000030,Tower Hamlets,1,Female,15,Aged 50 to 54 years,6239
E09000030,Tower Hamlets,1,Female,16,Aged 55 to 59 years,5130
E09000030,Tower Hamlets,1,Female,17,Aged 60 to 64 years,3969
E09000030,Tower Hamlets,1,Female,18,Aged 65 years,713
E09000030,Tower Hamlets,1,Female,19,Aged 66 to 69 years,2468
E09000030,Tower Hamlets,1,Female,20,Aged 70 to 74 years,2388
E09000030,Tower Hamlets,1,Female,21,Aged 75 to 79 years,1597
E09000030,Tower Hamlets,1,Female,22,Aged 80 to 84 years,1289
E09000030,Tower Hamlets,1,Female,23,Aged 85 years and over,1295
E09000030,Tower Hamlets,2,Male,1,Aged 2 years and under,6002
E09000030,Tower Hamlets,2,Male,2,Aged 3 to 4 years,3783
E09000030,Tower Hamlets,2,Male,3,Aged 5 to 7 years,5325
E09000030,Tower Hamlets,2,Male,4,Aged 8 to 9 years,3709
E09000030,Tower Hamlets,2,Male,5,Aged 10 to 14 years,8817
E09000030,Tower Hamlets,2,Male,6,Aged 15 years,1654
E09000030,Tower Hamlets,2,Male,7,Aged 16 to 17 years,3387
E09000030,Tower Hamlets,2,Male,8,Aged 18 to 19 years,4031
E09000030,Tower Hamlets,2,Male,9,Aged 20 to 24 years,15132
E09000030,Tower Hamlets,2,Male,10,Aged 25 to 29 years,21853
E09000030,Tower Hamlets,2,Male,11,Aged 30 to 34 years,20449
E09000030,Tower Hamlets,2,Male,12,Aged 35 to 39 years,14792
E09000030,Tower Hamlets,2,Male,13,Aged 40 to 44 years,11726
E09000030,Tower Hamlets,2,Male,14,Aged 45 to 49 years,9624
E09000030,Tower Hamlets,2,Male,15,Aged 50 to 54 years,7681
E09000030,Tower Hamlets,2,Male,16,Aged 55 to 59 years,5703
E09000030,Tower Hamlets,2,Male,17,Aged 60 to 64 years,4475
E09000030,Tower Hamlets,2,Male,18,Aged 65 years,670
E09000030,Tower Hamlets,2,Male,19,Aged 66 to 69 years,2197
E09000030,Tower Hamlets,2,Male,20,Aged 70 to 74 years,1947
E09000030,Tower Hamlets,2,Male,21,Aged 75 to 79 years,1200
E09000030,Tower Hamlets,2,Male,22,Aged 80 to 84 years,938
E09000030,Tower Hamlets,2,Male,23,Aged 85 years and over,773
E09000031,Waltham Forest,1,Female,1,Aged 2 years and under,5648
E09000031,Waltham Forest,1,Female,2,Aged 3 to 4 years,3659
E09000031,Waltham Forest,1,Female,3,Aged 5 to 7 years,5116
E09000031,Waltham Forest,1,Female,4,Aged 8 to 9 years,3366
E09000031,Waltham Forest,1,Female,5,Aged 10 to 14 years,8188
E09000031,Waltham Forest,1,Female,6,Aged 15 years,1563
E09000031,Waltham Forest,1,Female,7,Aged 16 to 17 years,3024
E09000031,Waltham Forest,1,Female,8,Aged 18 to 19 years,2728
E09000031,Waltham Forest,1,Female,9,Aged 20 to 24 years,7702
E09000031,Waltham Forest,1,Female,10,Aged 25 to 29 years,11619
E09000031,Waltham Forest,1,Female,11,Aged 30 to 34 years,14830
E09000031,Waltham Forest,1,Female,12,Aged 35 to 39 years,13896
E09000031,Waltham Forest,1,Female,13,Aged 40 to 44 years,11640
E09000031,Waltham Forest,1,Female,14,Aged 45 to 49 years,9688
E09000031,Waltham Forest,1,Female,15,Aged 50 to 54 years,9242
E09000031,Waltham Forest,1,Female,16,Aged 55 to 59 years,8112
E09000031,Waltham Forest,1,Female,17,Aged 60 to 64 years,6234
E09000031,Waltham Forest,1,Female,18,Aged 65 years,974
E09000031,Waltham Forest,1,Female,19,Aged 66 to 69 years,3681
E09000031,Waltham Forest,1,Female,20,Aged 70 to 74 years,3927
E09000031,Waltham Forest,1,Female,21,Aged 75 to 79 years,2834
E09000031,Waltham Forest,1,Female,22,Aged 80 to 84 years,2140
E09000031,Waltham Forest,1,Female,23,Aged 85 years and over,2141
E09000031,Waltham Forest,2,Male,1,Aged 2 years and under,6140
E09000031,Waltham Forest,2,Male,2,Aged 3 to 4 years,3538
E09000031,Waltham Forest,2,Male,3,Aged 5 to 7 years,5379
E09000031,Waltham Forest,2,Male,4,Aged 8 to 9 years,3580
E09000031,Waltham Forest,2,Male,5,Aged 10 to 14 years,8425
E09000031,Waltham Forest,2,Male,6,Aged 15 years,1642
E09000031,Waltham Forest,2,Male,7,Aged 16 to 17 years,3369
E09000031,Waltham Forest,2,Male,8,Aged 18 to 19 years,2816
E09000031,Waltham Forest,2,Male,9,Aged 20 to 24 years,7871
E09000031,Waltham Forest,2,Male,10,Aged 25 to 29 years,10922
E09000031,Waltham Forest,2,Male,11,Aged 30 to 34 years,13707
E09000031,Waltham Forest,2,Male,12,Aged 35 to 39 years,13189
E09000031,Waltham Forest,2,Male,13,Aged 40 to 44 years,11463
E09000031,Waltham Forest,2,Male,14,Aged 45 to 49 years,9656
E09000031,Waltham Forest,2,Male,15,Aged 50 to 54 years,8891
E09000031,Waltham Forest,2,Male,16,Aged 55 to 59 years,7344
E09000031,Waltham Forest,2,Male,17,Aged 60 to 64 years,5843
E09000031,Waltham Forest,2,Male,18,Aged 65 years,927
E09000031,Waltham Forest,2,Male,19,Aged 66 to 69 years,3214
E09000031,Waltham Forest,2,Male,20,Aged 70 to 74 years,3275
E09000031,Waltham Forest,2,Male,21,Aged 75 to 79 years,2254
E09000031,Waltham Forest,2,Male,22,Aged 80 to 84 years,1734
E09000031,Waltham Forest,2,Male,23,Aged 85 years and over,1296
E09000032,Wandsworth,1,Female,1,Aged 2 years and under,5701
E09000032,Wandsworth,1,Female,2,Aged 3 to 4 years,3408
E09000032,Wandsworth,1,Female,3,Aged 5 to 7 years,5087
E09000032,Wandsworth,1,Female,4,Aged 8 to 9 years,3274
E09000032,Wandsworth,1,Female,5,Aged 10 to 14 years,7625
E09000032,Wandsworth,1,Female,6,Aged 15 years,1263
E09000032,Wandsworth,1,Female,7,Aged 16 to 17 years,2742
E09000032,Wandsworth,1,Female,8,Aged 18 to 19 years,2609
E09000032,Wandsworth,1,Female,9,Aged 20 to 24 years,13256
E09000032,Wandsworth,1,Female,10,Aged 25 to 29 years,26079
E09000032,Wandsworth,1,Female,11,Aged 30 to 34 years,20348
E09000032,Wandsworth,1,Female,12,Aged 35 to 39 years,15377
E09000032,Wandsworth,1,Female,13,Aged 40 to 44 years,12743
E09000032,Wandsworth,1,Female,14,Aged 45 to 49 years,10584
E09000032,Wandsworth,1,Female,15,Aged 50 to 54 years,9807
E09000032,Wandsworth,1,Female,16,Aged 55 to 59 years,8426
E09000032,Wandsworth,1,Female,17,Aged 60 to 64 years,6218
E09000032,Wandsworth,1,Female,18,Aged 65 years,1011
E09000032,Wandsworth,1,Female,19,Aged 66 to 69 years,3941
E09000032,Wandsworth,1,Female,20,Aged 70 to 74 years,4527
E09000032,Wandsworth,1,Female,21,Aged 75 to 79 years,3251
E09000032,Wandsworth,1,Female,22,Aged 80 to 84 years,2379
E09000032,Wandsworth,1,Female,23,Aged 85 years and over,2596
E09000032,Wandsworth,2,Male,1,Aged 2 years and under,5961
E09000032,Wandsworth,2,Male,2,Aged 3 to 4 years,3634
E09000032,Wandsworth,2,Male,3,Aged 5 to 7 years,5081
E09000032,Wandsworth,2,Male,4,Aged 8 to 9 years,3466
E09000032,Wandsworth,2,Male,5,Aged 10 to 14 years,8053
E09000032,Wandsworth,2,Male,6,Aged 15 years,1395
E09000032,Wandsworth,2,Male,7,Aged 16 to 17 years,2646
E09000032,Wandsworth,2,Male,8,Aged 18 to 19 years,2426
E09000032,Wandsworth,2,Male,9,Aged 20 to 24 years,10588
E09000032,Wandsworth,2,Male,10,Aged 25 to 29 years,21579
E09000032,Wandsworth,2,Male,11,Aged 30 to 34 years,18116
E09000032,Wandsworth,2,Male,12,Aged 35 to 39 years,13914
E09000032,Wandsworth,2,Male,13,Aged 40 to 44 years,11845
E09000032,Wandsworth,2,Male,14,Aged 45 to 49 years,10233
E09000032,Wandsworth,2,Male,15,Aged 50 to 54 years,8994
E09000032,Wandsworth,2,Male,16,Aged 55 to 59 years,7798
E09000032,Wandsworth,2,Male,17,Aged 60 to 64 years,5894
E09000032,Wandsworth,2,Male,18,Aged 65 years,886
E09000032,Wandsworth,2,Male,19,Aged 66 to 69 years,3261
E09000032,Wandsworth,2,Male,20,Aged 70 to 74 years,3755
E09000032,Wandsworth,2,Male,21,Aged 75 to 79 years,2473
E09000032,Wandsworth,2,Male,22,Aged 80 to 84 years,1828
E09000032,Wandsworth,2,Male,23,Aged 85 years and over,1425
E09000033,Westminster,1,Female,1,Aged 2 years and under,2582
E09000033,Westminster,1,Female,2,Aged 3 to 4 years,1585
E09000033,Westminster,1,Female,3,Aged 5 to 7 years,2228
E09000033,Westminster,1,Female,4,Aged 8 to 9 years,1642
E09000033,Westminster,1,Female,5,Aged 10 to 14 years,4179
E09000033,Westminster,1,Female,6,Aged 15 years,857
E09000033,Westminster,1,Female,7,Aged 16 to 17 years,1866
E09000033,Westminster,1,Female,8,Aged 18 to 19 years,2499
E09000033,Westminster,1,Female,9,Aged 20 to 24 years,10339
E09000033,Westminster,1,Female,10,Aged 25 to 29 years,12046
E09000033,Westminster,1,Female,11,Aged 30 to 34 years,10800
E09000033,Westminster,1,Female,12,Aged 35 to 39 years,8187
E09000033,Westminster,1,Female,13,Aged 40 to 44 years,7118
E09000033,Westminster,1,Female,14,Aged 45 to 49 years,7143
E09000033,Westminster,1,Female,15,Aged 50 to 54 years,7508
E09000033,Westminster,1,Female,16,Aged 55 to 59 years,6230
E09000033,Westminster,1,Female,17,Aged 60 to 64 years,4933
E09000033,Westminster,1,Female,18,Aged 65 years,812
E09000033,Westminster,1,Female,19,Aged 66 to 69 years,2962
E09000033,Westminster,1,Female,20,Aged 70 to 74 years,3397
E09000033,Westminster,1,Female,21,Aged 75 to 79 years,2604
E09000033,Westminster,1,Female,22,Aged 80 to 84 years,1913
E09000033,Westminster,1,Female,23,Aged 85 years and over,1897
E09000033,Westminster,2,Male,1,Aged 2 years and under,2667
E09000033,Westminster,2,Male,2,Aged 3 to 4 years,1668
E09000033,Westminster,2,Male,3,Aged 5 to 7 years,2331
E09000033,Westminster,2,Male,4,Aged 8 to 9 years,1676
E09000033,Westminster,2,Male,5,Aged 10 to 14 years,4458
E09000033,Westminster,2,Male,6,Aged 15 years,896
E09000033,Westminster,2,Male,7,Aged 16 to 17 years,1980
E09000033,Westminster,2,Male,8,Aged 18 to 19 years,2551
E09000033,Westminster,2,Male,9,Aged 20 to 24 years,8990
E09000033,Westminster,2,Male,10,Aged 25 to 29 years,11207
E09000033,Westminster,2,Male,11,Aged 30 to 34 years,10113
E09000033,Westminster,2,Male,12,Aged 35 to 39 years,7904
E09000033,Westminster,2,Male,13,Aged 40 to 44 years,6943
E09000033,Westminster,2,Male,14,Aged 45 to 49 years,6612
E09000033,Westminster,2,Male,15,Aged 50 to 54 years,6873
E09000033,Westminster,2,Male,16,Aged 55 to 59 years,6197
E09000033,Westminster,2,Male,17,Aged 60 to 64 years,4647
E09000033,Westminster,2,Male,18,Aged 65 years,833
E09000033,Westminster,2,Male,19,Aged 66 to 69 years,2703
E09000033,Westminster,2,Male,20,Aged 70 to 74 years,2939
E09000033,Westminster,2,Male,21,Aged 75 to 79 years,2138
E09000033,Westminster,2,Male,22,Aged 80 to 84 years,1364
E09000033,Westminster,2,Male,23,Aged 85 years and over,1219
W06000001,Isle of Anglesey,1,Female,1,Aged 2 years and under,852
W06000001,Isle of Anglesey,1,Female,2,Aged 3 to 4 years,691
W06000001,Isle of Anglesey,1,Female,3,Aged 5 to 7 years,1100
W06000001,Isle of Anglesey,1,Female,4,Aged 8 to 9 years,856
W06000001,Isle of Anglesey,1,Female,5,Aged 10 to 14 years,1904
W06000001,Isle of Anglesey,1,Female,6,Aged 15 years,319
W06000001,Isle of Anglesey,1,Female,7,Aged 16 to 17 years,734
W06000001,Isle of Anglesey,1,Female,8,Aged 18 to 19 years,576
W06000001,Isle of Anglesey,1,Female,9,Aged 20 to 24 years,1513
W06000001,Isle of Anglesey,1,Female,10,Aged 25 to 29 years,1642
W06000001,Isle of Anglesey,1,Female,11,Aged 30 to 34 years,1911
W06000001,Isle of Anglesey,1,Female,12,Aged 35 to 39 years,1789
W06000001,Isle of Anglesey,1,Female,13,Aged 40 to 44 years,1829
W06000001,Isle of Anglesey,1,Female,14,Aged 45 to 49 years,2031
W06000001,Isle of Anglesey,1,Female,15,Aged 50 to 54 years,2602
W06000001,Isle of Anglesey,1,Female,16,Aged 55 to 59 years,2646
W06000001,Isle of Anglesey,1,Female,17,Aged 60 to 64 years,2547
W06000001,Isle of Anglesey,1,Female,18,Aged 65 years,479
W06000001,Isle of Anglesey,1,Female,19,Aged 66 to 69 years,1918
W06000001,Isle of Anglesey,1,Female,20,Aged 70 to 74 years,2595
W06000001,Isle of Anglesey,1,Female,21,Aged 75 to 79 years,1981
W06000001,Isle of Anglesey,1,Female,22,Aged 80 to 84 years,1341
W06000001,Isle of Anglesey,1,Female,23,Aged 85 years and over,1363
W06000001,Isle of Anglesey,2,Male,1,Aged 2 years and under,940
W06000001,Isle of Anglesey,2,Male,2,Aged 3 to 4 years,728
W06000001,Isle of Anglesey,2,Male,3,Aged 5 to 7 years,1106
W06000001,Isle of Anglesey,2,Male,4,Aged 8 to 9 years,799
W06000001,Isle of Anglesey,2,Male,5,Aged 10 to 14 years,2067
W06000001,Isle of Anglesey,2,Male,6,Aged 15 years,370
W06000001,Isle of Anglesey,2,Male,7,Aged 16 to 17 years,753
W06000001,Isle of Anglesey,2,Male,8,Aged 18 to 19 years,653
W06000001,Isle of Anglesey,2,Male,9,Aged 20 to 24 years,1542
W06000001,Isle of Anglesey,2,Male,10,Aged 25 to 29 years,1665
W06000001,Isle of Anglesey,2,Male,11,Aged 30 to 34 years,1785
W06000001,Isle of Anglesey,2,Male,12,Aged 35 to 39 years,1663
W06000001,Isle of Anglesey,2,Male,13,Aged 40 to 44 years,1656
W06000001,Isle of Anglesey,2,Male,14,Aged 45 to 49 years,1997
W06000001,Isle of Anglesey,2,Male,15,Aged 50 to 54 years,2346
W06000001,Isle of Anglesey,2,Male,16,Aged 55 to 59 years,2563
W06000001,Isle of Anglesey,2,Male,17,Aged 60 to 64 years,2497
W06000001,Isle of Anglesey,2,Male,18,Aged 65 years,454
W06000001,Isle of Anglesey,2,Male,19,Aged 66 to 69 years,1906
W06000001,Isle of Anglesey,2,Male,20,Aged 70 to 74 years,2442
W06000001,Isle of Anglesey,2,Male,21,Aged 75 to 79 years,1735
W06000001,Isle of Anglesey,2,Male,22,Aged 80 to 84 years,1183
W06000001,Isle of Anglesey,2,Male,23,Aged 85 years and over,811
W06000002,Gwynedd,1,Female,1,Aged 2 years and under,1493
W06000002,Gwynedd,1,Female,2,Aged 3 to 4 years,1110
W06000002,Gwynedd,1,Female,3,Aged 5 to 7 years,1725
W06000002,Gwynedd,1,Female,4,Aged 8 to 9 years,1313
W06000002,Gwynedd,1,Female,5,Aged 10 to 14 years,3173
W06000002,Gwynedd,1,Female,6,Aged 15 years,642
W06000002,Gwynedd,1,Female,7,Aged 16 to 17 years,1189
W06000002,Gwynedd,1,Female,8,Aged 18 to 19 years,1653
W06000002,Gwynedd,1,Female,9,Aged 20 to 24 years,4350
W06000002,Gwynedd,1,Female,10,Aged 25 to 29 years,3267
W06000002,Gwynedd,1,Female,11,Aged 30 to 34 years,3331
W06000002,Gwynedd,1,Female,12,Aged 35 to 39 years,3019
W06000002,Gwynedd,1,Female,13,Aged 40 to 44 years,3034
W06000002,Gwynedd,1,Female,14,Aged 45 to 49 years,3488
W06000002,Gwynedd,1,Female,15,Aged 50 to 54 years,4138
W06000002,Gwynedd,1,Female,16,Aged 55 to 59 years,4255
W06000002,Gwynedd,1,Female,17,Aged 60 to 64 years,4124
W06000002,Gwynedd,1,Female,18,Aged 65 years,737
W06000002,Gwynedd,1,Female,19,Aged 66 to 69 years,2858
W06000002,Gwynedd,1,Female,20,Aged 70 to 74 years,3633
W06000002,Gwynedd,1,Female,21,Aged 75 to 79 years,2884
W06000002,Gwynedd,1,Female,22,Aged 80 to 84 years,2008
W06000002,Gwynedd,1,Female,23,Aged 85 years and over,2445
W06000002,Gwynedd,2,Male,1,Aged 2 years and under,1593
W06000002,Gwynedd,2,Male,2,Aged 3 to 4 years,1152
W06000002,Gwynedd,2,Male,3,Aged 5 to 7 years,1875
W06000002,Gwynedd,2,Male,4,Aged 8 to 9 years,1336
W06000002,Gwynedd,2,Male,5,Aged 10 to 14 years,3348
W06000002,Gwynedd,2,Male,6,Aged 15 years,664
W06000002,Gwynedd,2,Male,7,Aged 16 to 17 years,1253
W06000002,Gwynedd,2,Male,8,Aged 18 to 19 years,1618
W06000002,Gwynedd,2,Male,9,Aged 20 to 24 years,4195
W06000002,Gwynedd,2,Male,10,Aged 25 to 29 years,3251
W06000002,Gwynedd,2,Male,11,Aged 30 to 34 years,3277
W06000002,Gwynedd,2,Male,12,Aged 35 to 39 years,2895
W06000002,Gwynedd,2,Male,13,Aged 40 to 44 years,2869
W06000002,Gwynedd,2,Male,14,Aged 45 to 49 years,3350
W06000002,Gwynedd,2,Male,15,Aged 50 to 54 years,3940
W06000002,Gwynedd,2,Male,16,Aged 55 to 59 years,4278
W06000002,Gwynedd,2,Male,17,Aged 60 to 64 years,3922
W06000002,Gwynedd,2,Male,18,Aged 65 years,707
W06000002,Gwynedd,2,Male,19,Aged 66 to 69 years,2793
W06000002,Gwynedd,2,Male,20,Aged 70 to 74 years,3668
W06000002,Gwynedd,2,Male,21,Aged 75 to 79 years,2542
W06000002,Gwynedd,2,Male,22,Aged 80 to 84 years,1638
W06000002,Gwynedd,2,Male,23,Aged 85 years and over,1359
W06000003,Conwy,1,Female,1,Aged 2 years and under,1400
W06000003,Conwy,1,Female,2,Aged 3 to 4 years,1029
W06000003,Conwy,1,Female,3,Aged 5 to 7 years,1674
W06000003,Conwy,1,Female,4,Aged 8 to 9 years,1198
W06000003,Conwy,1,Female,5,Aged 10 to 14 years,3105
W06000003,Conwy,1,Female,6,Aged 15 years,557
W06000003,Conwy,1,Female,7,Aged 16 to 17 years,1103
W06000003,Conwy,1,Female,8,Aged 18 to 19 years,922
W06000003,Conwy,1,Female,9,Aged 20 to 24 years,2397
W06000003,Conwy,1,Female,10,Aged 25 to 29 years,2867
W06000003,Conwy,1,Female,11,Aged 30 to 34 years,3176
W06000003,Conwy,1,Female,12,Aged 35 to 39 years,3050
W06000003,Conwy,1,Female,13,Aged 40 to 44 years,2922
W06000003,Conwy,1,Female,14,Aged 45 to 49 years,3410
W06000003,Conwy,1,Female,15,Aged 50 to 54 years,4312
W06000003,Conwy,1,Female,16,Aged 55 to 59 years,4683
W06000003,Conwy,1,Female,17,Aged 60 to 64 years,4417
W06000003,Conwy,1,Female,18,Aged 65 years,775
W06000003,Conwy,1,Female,19,Aged 66 to 69 years,3325
W06000003,Conwy,1,Female,20,Aged 70 to 74 years,4393
W06000003,Conwy,1,Female,21,Aged 75 to 79 years,3239
W06000003,Conwy,1,Female,22,Aged 80 to 84 years,2423
W06000003,Conwy,1,Female,23,Aged 85 years and over,2780
W06000003,Conwy,2,Male,1,Aged 2 years and under,1536
W06000003,Conwy,2,Male,2,Aged 3 to 4 years,1065
W06000003,Conwy,2,Male,3,Aged 5 to 7 years,1767
W06000003,Conwy,2,Male,4,Aged 8 to 9 years,1259
W06000003,Conwy,2,Male,5,Aged 10 to 14 years,3158
W06000003,Conwy,2,Male,6,Aged 15 years,629
W06000003,Conwy,2,Male,7,Aged 16 to 17 years,1304
W06000003,Conwy,2,Male,8,Aged 18 to 19 years,988
W06000003,Conwy,2,Male,9,Aged 20 to 24 years,2596
W06000003,Conwy,2,Male,10,Aged 25 to 29 years,2699
W06000003,Conwy,2,Male,11,Aged 30 to 34 years,2984
W06000003,Conwy,2,Male,12,Aged 35 to 39 years,2813
W06000003,Conwy,2,Male,13,Aged 40 to 44 years,2763
W06000003,Conwy,2,Male,14,Aged 45 to 49 years,3218
W06000003,Conwy,2,Male,15,Aged 50 to 54 years,3931
W06000003,Conwy,2,Male,16,Aged 55 to 59 years,4332
W06000003,Conwy,2,Male,17,Aged 60 to 64 years,4106
W06000003,Conwy,2,Male,18,Aged 65 years,747
W06000003,Conwy,2,Male,19,Aged 66 to 69 years,3029
W06000003,Conwy,2,Male,20,Aged 70 to 74 years,4101
W06000003,Conwy,2,Male,21,Aged 75 to 79 years,2968
W06000003,Conwy,2,Male,22,Aged 80 to 84 years,1882
W06000003,Conwy,2,Male,23,Aged 85 years and over,1710
W06000004,Denbighshire,1,Female,1,Aged 2 years and under,1301
W06000004,Denbighshire,1,Female,2,Aged 3 to 4 years,964
W06000004,Denbighshire,1,Female,3,Aged 5 to 7 years,1539
W06000004,Denbighshire,1,Female,4,Aged 8 to 9 years,1097
W06000004,Denbighshire,1,Female,5,Aged 10 to 14 years,2769
W06000004,Denbighshire,1,Female,6,Aged 15 years,550
W06000004,Denbighshire,1,Female,7,Aged 16 to 17 years,1021
W06000004,Denbighshire,1,Female,8,Aged 18 to 19 years,824
W06000004,Denbighshire,1,Female,9,Aged 20 to 24 years,2158
W06000004,Denbighshire,1,Female,10,Aged 25 to 29 years,2607
W06000004,Denbighshire,1,Female,11,Aged 30 to 34 years,2677
W06000004,Denbighshire,1,Female,12,Aged 35 to 39 years,2550
W06000004,Denbighshire,1,Female,13,Aged 40 to 44 years,2620
W06000004,Denbighshire,1,Female,14,Aged 45 to 49 years,3027
W06000004,Denbighshire,1,Female,15,Aged 50 to 54 years,3588
W06000004,Denbighshire,1,Female,16,Aged 55 to 59 years,3755
W06000004,Denbighshire,1,Female,17,Aged 60 to 64 years,3411
W06000004,Denbighshire,1,Female,18,Aged 65 years,584
W06000004,Denbighshire,1,Female,19,Aged 66 to 69 years,2530
W06000004,Denbighshire,1,Female,20,Aged 70 to 74 years,3393
W06000004,Denbighshire,1,Female,21,Aged 75 to 79 years,2559
W06000004,Denbighshire,1,Female,22,Aged 80 to 84 years,1800
W06000004,Denbighshire,1,Female,23,Aged 85 years and over,1886
W06000004,Denbighshire,2,Male,1,Aged 2 years and under,1454
W06000004,Denbighshire,2,Male,2,Aged 3 to 4 years,1049
W06000004,Denbighshire,2,Male,3,Aged 5 to 7 years,1580
W06000004,Denbighshire,2,Male,4,Aged 8 to 9 years,1123
W06000004,Denbighshire,2,Male,5,Aged 10 to 14 years,2895
W06000004,Denbighshire,2,Male,6,Aged 15 years,587
W06000004,Denbighshire,2,Male,7,Aged 16 to 17 years,1220
W06000004,Denbighshire,2,Male,8,Aged 18 to 19 years,959
W06000004,Denbighshire,2,Male,9,Aged 20 to 24 years,2341
W06000004,Denbighshire,2,Male,10,Aged 25 to 29 years,2482
W06000004,Denbighshire,2,Male,11,Aged 30 to 34 years,2448
W06000004,Denbighshire,2,Male,12,Aged 35 to 39 years,2341
W06000004,Denbighshire,2,Male,13,Aged 40 to 44 years,2325
W06000004,Denbighshire,2,Male,14,Aged 45 to 49 years,2723
W06000004,Denbighshire,2,Male,15,Aged 50 to 54 years,3290
W06000004,Denbighshire,2,Male,16,Aged 55 to 59 years,3555
W06000004,Denbighshire,2,Male,17,Aged 60 to 64 years,3242
W06000004,Denbighshire,2,Male,18,Aged 65 years,591
W06000004,Denbighshire,2,Male,19,Aged 66 to 69 years,2362
W06000004,Denbighshire,2,Male,20,Aged 70 to 74 years,3234
W06000004,Denbighshire,2,Male,21,Aged 75 to 79 years,2244
W06000004,Denbighshire,2,Male,22,Aged 80 to 84 years,1457
W06000004,Denbighshire,2,Male,23,Aged 85 years and over,1112
W06000005,Flintshire,1,Female,1,Aged 2 years and under,2101
W06000005,Flintshire,1,Female,2,Aged 3 to 4 years,1605
W06000005,Flintshire,1,Female,3,Aged 5 to 7 years,2398
W06000005,Flintshire,1,Female,4,Aged 8 to 9 years,1785
W06000005,Flintshire,1,Female,5,Aged 10 to 14 years,4500
W06000005,Flintshire,1,Female,6,Aged 15 years,871
W06000005,Flintshire,1,Female,7,Aged 16 to 17 years,1745
W06000005,Flintshire,1,Female,8,Aged 18 to 19 years,1330
W06000005,Flintshire,1,Female,9,Aged 20 to 24 years,3576
W06000005,Flintshire,1,Female,10,Aged 25 to 29 years,4565
W06000005,Flintshire,1,Female,11,Aged 30 to 34 years,4958
W06000005,Flintshire,1,Female,12,Aged 35 to 39 years,4896
W06000005,Flintshire,1,Female,13,Aged 40 to 44 years,4564
W06000005,Flintshire,1,Female,14,Aged 45 to 49 years,5177
W06000005,Flintshire,1,Female,15,Aged 50 to 54 years,6042
W06000005,Flintshire,1,Female,16,Aged 55 to 59 years,5945
W06000005,Flintshire,1,Female,17,Aged 60 to 64 years,5048
W06000005,Flintshire,1,Female,18,Aged 65 years,871
W06000005,Flintshire,1,Female,19,Aged 66 to 69 years,3628
W06000005,Flintshire,1,Female,20,Aged 70 to 74 years,5030
W06000005,Flintshire,1,Female,21,Aged 75 to 79 years,3581
W06000005,Flintshire,1,Female,22,Aged 80 to 84 years,2539
W06000005,Flintshire,1,Female,23,Aged 85 years and over,2303
W06000005,Flintshire,2,Male,1,Aged 2 years and under,2299
W06000005,Flintshire,2,Male,2,Aged 3 to 4 years,1620
W06000005,Flintshire,2,Male,3,Aged 5 to 7 years,2601
W06000005,Flintshire,2,Male,4,Aged 8 to 9 years,1882
W06000005,Flintshire,2,Male,5,Aged 10 to 14 years,4851
W06000005,Flintshire,2,Male,6,Aged 15 years,870
W06000005,Flintshire,2,Male,7,Aged 16 to 17 years,1850
W06000005,Flintshire,2,Male,8,Aged 18 to 19 years,1468
W06000005,Flintshire,2,Male,9,Aged 20 to 24 years,3866
W06000005,Flintshire,2,Male,10,Aged 25 to 29 years,4362
W06000005,Flintshire,2,Male,11,Aged 30 to 34 years,4774
W06000005,Flintshire,2,Male,12,Aged 35 to 39 years,4523
W06000005,Flintshire,2,Male,13,Aged 40 to 44 years,4333
W06000005,Flintshire,2,Male,14,Aged 45 to 49 years,4882
W06000005,Flintshire,2,Male,15,Aged 50 to 54 years,5787
W06000005,Flintshire,2,Male,16,Aged 55 to 59 years,5711
W06000005,Flintshire,2,Male,17,Aged 60 to 64 years,4949
W06000005,Flintshire,2,Male,18,Aged 65 years,825
W06000005,Flintshire,2,Male,19,Aged 66 to 69 years,3324
W06000005,Flintshire,2,Male,20,Aged 70 to 74 years,4608
W06000005,Flintshire,2,Male,21,Aged 75 to 79 years,3053
W06000005,Flintshire,2,Male,22,Aged 80 to 84 years,2014
W06000005,Flintshire,2,Male,23,Aged 85 years and over,1451
W06000006,Wrexham,1,Female,1,Aged 2 years and under,1948
W06000006,Wrexham,1,Female,2,Aged 3 to 4 years,1454
W06000006,Wrexham,1,Female,3,Aged 5 to 7 years,2306
W06000006,Wrexham,1,Female,4,Aged 8 to 9 years,1681
W06000006,Wrexham,1,Female,5,Aged 10 to 14 years,4015
W06000006,Wrexham,1,Female,6,Aged 15 years,766
W06000006,Wrexham,1,Female,7,Aged 16 to 17 years,1504
W06000006,Wrexham,1,Female,8,Aged 18 to 19 years,1222
W06000006,Wrexham,1,Female,9,Aged 20 to 24 years,3419
W06000006,Wrexham,1,Female,10,Aged 25 to 29 years,3918
W06000006,Wrexham,1,Female,11,Aged 30 to 34 years,4371
W06000006,Wrexham,1,Female,12,Aged 35 to 39 years,4454
W06000006,Wrexham,1,Female,13,Aged 40 to 44 years,3975
W06000006,Wrexham,1,Female,14,Aged 45 to 49 years,4354
W06000006,Wrexham,1,Female,15,Aged 50 to 54 years,5171
W06000006,Wrexham,1,Female,16,Aged 55 to 59 years,4789
W06000006,Wrexham,1,Female,17,Aged 60 to 64 years,4201
W06000006,Wrexham,1,Female,18,Aged 65 years,764
W06000006,Wrexham,1,Female,19,Aged 66 to 69 years,3111
W06000006,Wrexham,1,Female,20,Aged 70 to 74 years,3936
W06000006,Wrexham,1,Female,21,Aged 75 to 79 years,2883
W06000006,Wrexham,1,Female,22,Aged 80 to 84 years,1946
W06000006,Wrexham,1,Female,23,Aged 85 years and over,2051
W06000006,Wrexham,2,Male,1,Aged 2 years and under,2084
W06000006,Wrexham,2,Male,2,Aged 3 to 4 years,1512
W06000006,Wrexham,2,Male,3,Aged 5 to 7 years,2348
W06000006,Wrexham,2,Male,4,Aged 8 to 9 years,1671
W06000006,Wrexham,2,Male,5,Aged 10 to 14 years,4233
W06000006,Wrexham,2,Male,6,Aged 15 years,825
W06000006,Wrexham,2,Male,7,Aged 16 to 17 years,1617
W06000006,Wrexham,2,Male,8,Aged 18 to 19 years,1356
W06000006,Wrexham,2,Male,9,Aged 20 to 24 years,3584
W06000006,Wrexham,2,Male,10,Aged 25 to 29 years,3992
W06000006,Wrexham,2,Male,11,Aged 30 to 34 years,4296
W06000006,Wrexham,2,Male,12,Aged 35 to 39 years,4284
W06000006,Wrexham,2,Male,13,Aged 40 to 44 years,4150
W06000006,Wrexham,2,Male,14,Aged 45 to 49 years,4380
W06000006,Wrexham,2,Male,15,Aged 50 to 54 years,4956
W06000006,Wrexham,2,Male,16,Aged 55 to 59 years,4815
W06000006,Wrexham,2,Male,17,Aged 60 to 64 years,4083
W06000006,Wrexham,2,Male,18,Aged 65 years,743
W06000006,Wrexham,2,Male,19,Aged 66 to 69 years,2832
W06000006,Wrexham,2,Male,20,Aged 70 to 74 years,3665
W06000006,Wrexham,2,Male,21,Aged 75 to 79 years,2620
W06000006,Wrexham,2,Male,22,Aged 80 to 84 years,1586
W06000006,Wrexham,2,Male,23,Aged 85 years and over,1245
W06000008,Ceredigion,1,Female,1,Aged 2 years and under,773
W06000008,Ceredigion,1,Female,2,Aged 3 to 4 years,551
W06000008,Ceredigion,1,Female,3,Aged 5 to 7 years,998
W06000008,Ceredigion,1,Female,4,Aged 8 to 9 years,655
W06000008,Ceredigion,1,Female,5,Aged 10 to 14 years,1713
W06000008,Ceredigion,1,Female,6,Aged 15 years,306
W06000008,Ceredigion,1,Female,7,Aged 16 to 17 years,642
W06000008,Ceredigion,1,Female,8,Aged 18 to 19 years,1395
W06000008,Ceredigion,1,Female,9,Aged 20 to 24 years,3105
W06000008,Ceredigion,1,Female,10,Aged 25 to 29 years,1802
W06000008,Ceredigion,1,Female,11,Aged 30 to 34 years,1699
W06000008,Ceredigion,1,Female,12,Aged 35 to 39 years,1657
W06000008,Ceredigion,1,Female,13,Aged 40 to 44 years,1652
W06000008,Ceredigion,1,Female,14,Aged 45 to 49 years,1923
W06000008,Ceredigion,1,Female,15,Aged 50 to 54 years,2452
W06000008,Ceredigion,1,Female,16,Aged 55 to 59 years,2815
W06000008,Ceredigion,1,Female,17,Aged 60 to 64 years,2639
W06000008,Ceredigion,1,Female,18,Aged 65 years,492
W06000008,Ceredigion,1,Female,19,Aged 66 to 69 years,2030
W06000008,Ceredigion,1,Female,20,Aged 70 to 74 years,2513
W06000008,Ceredigion,1,Female,21,Aged 75 to 79 years,1950
W06000008,Ceredigion,1,Female,22,Aged 80 to 84 years,1317
W06000008,Ceredigion,1,Female,23,Aged 85 years and over,1434
W06000008,Ceredigion,2,Male,1,Aged 2 years and under,791
W06000008,Ceredigion,2,Male,2,Aged 3 to 4 years,594
W06000008,Ceredigion,2,Male,3,Aged 5 to 7 years,959
W06000008,Ceredigion,2,Male,4,Aged 8 to 9 years,673
W06000008,Ceredigion,2,Male,5,Aged 10 to 14 years,1713
W06000008,Ceredigion,2,Male,6,Aged 15 years,357
W06000008,Ceredigion,2,Male,7,Aged 16 to 17 years,717
W06000008,Ceredigion,2,Male,8,Aged 18 to 19 years,1375
W06000008,Ceredigion,2,Male,9,Aged 20 to 24 years,3261
W06000008,Ceredigion,2,Male,10,Aged 25 to 29 years,1850
W06000008,Ceredigion,2,Male,11,Aged 30 to 34 years,1756
W06000008,Ceredigion,2,Male,12,Aged 35 to 39 years,1609
W06000008,Ceredigion,2,Male,13,Aged 40 to 44 years,1518
W06000008,Ceredigion,2,Male,14,Aged 45 to 49 years,1784
W06000008,Ceredigion,2,Male,15,Aged 50 to 54 years,2300
W06000008,Ceredigion,2,Male,16,Aged 55 to 59 years,2549
W06000008,Ceredigion,2,Male,17,Aged 60 to 64 years,2501
W06000008,Ceredigion,2,Male,18,Aged 65 years,510
W06000008,Ceredigion,2,Male,19,Aged 66 to 69 years,1899
W06000008,Ceredigion,2,Male,20,Aged 70 to 74 years,2499
W06000008,Ceredigion,2,Male,21,Aged 75 to 79 years,1768
W06000008,Ceredigion,2,Male,22,Aged 80 to 84 years,1062
W06000008,Ceredigion,2,Male,23,Aged 85 years and over,915
W06000009,Pembrokeshire,1,Female,1,Aged 2 years and under,1503
W06000009,Pembrokeshire,1,Female,2,Aged 3 to 4 years,1181
W06000009,Pembrokeshire,1,Female,3,Aged 5 to 7 years,1895
W06000009,Pembrokeshire,1,Female,4,Aged 8 to 9 years,1433
W06000009,Pembrokeshire,1,Female,5,Aged 10 to 14 years,3486
W06000009,Pembrokeshire,1,Female,6,Aged 15 years,651
W06000009,Pembrokeshire,1,Female,7,Aged 16 to 17 years,1323
W06000009,Pembrokeshire,1,Female,8,Aged 18 to 19 years,1031
W06000009,Pembrokeshire,1,Female,9,Aged 20 to 24 years,2593
W06000009,Pembrokeshire,1,Female,10,Aged 25 to 29 years,3194
W06000009,Pembrokeshire,1,Female,11,Aged 30 to 34 years,3430
W06000009,Pembrokeshire,1,Female,12,Aged 35 to 39 years,3278
W06000009,Pembrokeshire,1,Female,13,Aged 40 to 44 years,3234
W06000009,Pembrokeshire,1,Female,14,Aged 45 to 49 years,3661
W06000009,Pembrokeshire,1,Female,15,Aged 50 to 54 years,4551
W06000009,Pembrokeshire,1,Female,16,Aged 55 to 59 years,4992
W06000009,Pembrokeshire,1,Female,17,Aged 60 to 64 years,4624
W06000009,Pembrokeshire,1,Female,18,Aged 65 years,869
W06000009,Pembrokeshire,1,Female,19,Aged 66 to 69 years,3450
W06000009,Pembrokeshire,1,Female,20,Aged 70 to 74 years,4555
W06000009,Pembrokeshire,1,Female,21,Aged 75 to 79 years,3508
W06000009,Pembrokeshire,1,Female,22,Aged 80 to 84 years,2336
W06000009,Pembrokeshire,1,Female,23,Aged 85 years and over,2511
W06000009,Pembrokeshire,2,Male,1,Aged 2 years and under,1649
W06000009,Pembrokeshire,2,Male,2,Aged 3 to 4 years,1250
W06000009,Pembrokeshire,2,Male,3,Aged 5 to 7 years,2021
W06000009,Pembrokeshire,2,Male,4,Aged 8 to 9 years,1382
W06000009,Pembrokeshire,2,Male,5,Aged 10 to 14 years,3653
W06000009,Pembrokeshire,2,Male,6,Aged 15 years,705
W06000009,Pembrokeshire,2,Male,7,Aged 16 to 17 years,1395
W06000009,Pembrokeshire,2,Male,8,Aged 18 to 19 years,1140
W06000009,Pembrokeshire,2,Male,9,Aged 20 to 24 years,3028
W06000009,Pembrokeshire,2,Male,10,Aged 25 to 29 years,3085
W06000009,Pembrokeshire,2,Male,11,Aged 30 to 34 years,3198
W06000009,Pembrokeshire,2,Male,12,Aged 35 to 39 years,3001
W06000009,Pembrokeshire,2,Male,13,Aged 40 to 44 years,2995
W06000009,Pembrokeshire,2,Male,14,Aged 45 to 49 years,3292
W06000009,Pembrokeshire,2,Male,15,Aged 50 to 54 years,4104
W06000009,Pembrokeshire,2,Male,16,Aged 55 to 59 years,4639
W06000009,Pembrokeshire,2,Male,17,Aged 60 to 64 years,4421
W06000009,Pembrokeshire,2,Male,18,Aged 65 years,871
W06000009,Pembrokeshire,2,Male,19,Aged 66 to 69 years,3430
W06000009,Pembrokeshire,2,Male,20,Aged 70 to 74 years,4270
W06000009,Pembrokeshire,2,Male,21,Aged 75 to 79 years,3032
W06000009,Pembrokeshire,2,Male,22,Aged 80 to 84 years,1979
W06000009,Pembrokeshire,2,Male,23,Aged 85 years and over,1531
W06000010,Carmarthenshire,1,Female,1,Aged 2 years and under,2581
W06000010,Carmarthenshire,1,Female,2,Aged 3 to 4 years,1898
W06000010,Carmarthenshire,1,Female,3,Aged 5 to 7 years,2857
W06000010,Carmarthenshire,1,Female,4,Aged 8 to 9 years,2118
W06000010,Carmarthenshire,1,Female,5,Aged 10 to 14 years,5357
W06000010,Carmarthenshire,1,Female,6,Aged 15 years,986
W06000010,Carmarthenshire,1,Female,7,Aged 16 to 17 years,2096
W06000010,Carmarthenshire,1,Female,8,Aged 18 to 19 years,1622
W06000010,Carmarthenshire,1,Female,9,Aged 20 to 24 years,4258
W06000010,Carmarthenshire,1,Female,10,Aged 25 to 29 years,5115
W06000010,Carmarthenshire,1,Female,11,Aged 30 to 34 years,5435
W06000010,Carmarthenshire,1,Female,12,Aged 35 to 39 years,5427
W06000010,Carmarthenshire,1,Female,13,Aged 40 to 44 years,5295
W06000010,Carmarthenshire,1,Female,14,Aged 45 to 49 years,5716
W06000010,Carmarthenshire,1,Female,15,Aged 50 to 54 years,6926
W06000010,Carmarthenshire,1,Female,16,Aged 55 to 59 years,7449
W06000010,Carmarthenshire,1,Female,17,Aged 60 to 64 years,6937
W06000010,Carmarthenshire,1,Female,18,Aged 65 years,1360
W06000010,Carmarthenshire,1,Female,19,Aged 66 to 69 years,5010
W06000010,Carmarthenshire,1,Female,20,Aged 70 to 74 years,6229
W06000010,Carmarthenshire,1,Female,21,Aged 75 to 79 years,4829
W06000010,Carmarthenshire,1,Female,22,Aged 80 to 84 years,3240
W06000010,Carmarthenshire,1,Female,23,Aged 85 years and over,3471
W06000010,Carmarthenshire,2,Male,1,Aged 2 years and under,2597
W06000010,Carmarthenshire,2,Male,2,Aged 3 to 4 years,1981
W06000010,Carmarthenshire,2,Male,3,Aged 5 to 7 years,3063
W06000010,Carmarthenshire,2,Male,4,Aged 8 to 9 years,2236
W06000010,Carmarthenshire,2,Male,5,Aged 10 to 14 years,5613
W06000010,Carmarthenshire,2,Male,6,Aged 15 years,1124
W06000010,Carmarthenshire,2,Male,7,Aged 16 to 17 years,2234
W06000010,Carmarthenshire,2,Male,8,Aged 18 to 19 years,1847
W06000010,Carmarthenshire,2,Male,9,Aged 20 to 24 years,4561
W06000010,Carmarthenshire,2,Male,10,Aged 25 to 29 years,4846
W06000010,Carmarthenshire,2,Male,11,Aged 30 to 34 years,5298
W06000010,Carmarthenshire,2,Male,12,Aged 35 to 39 years,5004
W06000010,Carmarthenshire,2,Male,13,Aged 40 to 44 years,4883
W06000010,Carmarthenshire,2,Male,14,Aged 45 to 49 years,5477
W06000010,Carmarthenshire,2,Male,15,Aged 50 to 54 years,6255
W06000010,Carmarthenshire,2,Male,16,Aged 55 to 59 years,6873
W06000010,Carmarthenshire,2,Male,17,Aged 60 to 64 years,6466
W06000010,Carmarthenshire,2,Male,18,Aged 65 years,1172
W06000010,Carmarthenshire,2,Male,19,Aged 66 to 69 years,4871
W06000010,Carmarthenshire,2,Male,20,Aged 70 to 74 years,5961
W06000010,Carmarthenshire,2,Male,21,Aged 75 to 79 years,4404
W06000010,Carmarthenshire,2,Male,22,Aged 80 to 84 years,2774
W06000010,Carmarthenshire,2,Male,23,Aged 85 years and over,2146
W06000011,Swansea,1,Female,1,Aged 2 years and under,3292
W06000011,Swansea,1,Female,2,Aged 3 to 4 years,2347
W06000011,Swansea,1,Female,3,Aged 5 to 7 years,3648
W06000011,Swansea,1,Female,4,Aged 8 to 9 years,2613
W06000011,Swansea,1,Female,5,Aged 10 to 14 years,6548
W06000011,Swansea,1,Female,6,Aged 15 years,1210
W06000011,Swansea,1,Female,7,Aged 16 to 17 years,2455
W06000011,Swansea,1,Female,8,Aged 18 to 19 years,3204
W06000011,Swansea,1,Female,9,Aged 20 to 24 years,8733
W06000011,Swansea,1,Female,10,Aged 25 to 29 years,7170
W06000011,Swansea,1,Female,11,Aged 30 to 34 years,7702
W06000011,Swansea,1,Female,12,Aged 35 to 39 years,7435
W06000011,Swansea,1,Female,13,Aged 40 to 44 years,7008
W06000011,Swansea,1,Female,14,Aged 45 to 49 years,7143
W06000011,Swansea,1,Female,15,Aged 50 to 54 years,7911
W06000011,Swansea,1,Female,16,Aged 55 to 59 years,8186
W06000011,Swansea,1,Female,17,Aged 60 to 64 years,7591
W06000011,Swansea,1,Female,18,Aged 65 years,1359
W06000011,Swansea,1,Female,19,Aged 66 to 69 years,5268
W06000011,Swansea,1,Female,20,Aged 70 to 74 years,6913
W06000011,Swansea,1,Female,21,Aged 75 to 79 years,5163
W06000011,Swansea,1,Female,22,Aged 80 to 84 years,3895
W06000011,Swansea,1,Female,23,Aged 85 years and over,4174
W06000011,Swansea,2,Male,1,Aged 2 years and under,3309
W06000011,Swansea,2,Male,2,Aged 3 to 4 years,2479
W06000011,Swansea,2,Male,3,Aged 5 to 7 years,3925
W06000011,Swansea,2,Male,4,Aged 8 to 9 years,2830
W06000011,Swansea,2,Male,5,Aged 10 to 14 years,7137
W06000011,Swansea,2,Male,6,Aged 15 years,1295
W06000011,Swansea,2,Male,7,Aged 16 to 17 years,2743
W06000011,Swansea,2,Male,8,Aged 18 to 19 years,3544
W06000011,Swansea,2,Male,9,Aged 20 to 24 years,10424
W06000011,Swansea,2,Male,10,Aged 25 to 29 years,7062
W06000011,Swansea,2,Male,11,Aged 30 to 34 years,7370
W06000011,Swansea,2,Male,12,Aged 35 to 39 years,7076
W06000011,Swansea,2,Male,13,Aged 40 to 44 years,6829
W06000011,Swansea,2,Male,14,Aged 45 to 49 years,6878
W06000011,Swansea,2,Male,15,Aged 50 to 54 years,7751
W06000011,Swansea,2,Male,16,Aged 55 to 59 years,7812
W06000011,Swansea,2,Male,17,Aged 60 to 64 years,6954
W06000011,Swansea,2,Male,18,Aged 65 years,1202
W06000011,Swansea,2,Male,19,Aged 66 to 69 years,4879
W06000011,Swansea,2,Male,20,Aged 70 to 74 years,6223
W06000011,Swansea,2,Male,21,Aged 75 to 79 years,4396
W06000011,Swansea,2,Male,22,Aged 80 to 84 years,2958
W06000011,Swansea,2,Male,23,Aged 85 years and over,2449
W06000012,Neath Port Talbot,1,Female,1,Aged 2 years and under,1960
W06000012,Neath Port Talbot,1,Female,2,Aged 3 to 4 years,1516
W06000012,Neath Port Talbot,1,Female,3,Aged 5 to 7 years,2295
W06000012,Neath Port Talbot,1,Female,4,Aged 8 to 9 years,1586
W06000012,Neath Port Talbot,1,Female,5,Aged 10 to 14 years,4049
W06000012,Neath Port Talbot,1,Female,6,Aged 15 years,822
W06000012,Neath Port Talbot,1,Female,7,Aged 16 to 17 years,1580
W06000012,Neath Port Talbot,1,Female,8,Aged 18 to 19 years,1658
W06000012,Neath Port Talbot,1,Female,9,Aged 20 to 24 years,3656
W06000012,Neath Port Talbot,1,Female,10,Aged 25 to 29 years,4239
W06000012,Neath Port Talbot,1,Female,11,Aged 30 to 34 years,4663
W06000012,Neath Port Talbot,1,Female,12,Aged 35 to 39 years,4489
W06000012,Neath Port Talbot,1,Female,13,Aged 40 to 44 years,4157
W06000012,Neath Port Talbot,1,Female,14,Aged 45 to 49 years,4341
W06000012,Neath Port Talbot,1,Female,15,Aged 50 to 54 years,5034
W06000012,Neath Port Talbot,1,Female,16,Aged 55 to 59 years,5316
W06000012,Neath Port Talbot,1,Female,17,Aged 60 to 64 years,4877
W06000012,Neath Port Talbot,1,Female,18,Aged 65 years,838
W06000012,Neath Port Talbot,1,Female,19,Aged 66 to 69 years,3436
W06000012,Neath Port Talbot,1,Female,20,Aged 70 to 74 years,4247
W06000012,Neath Port Talbot,1,Female,21,Aged 75 to 79 years,3085
W06000012,Neath Port Talbot,1,Female,22,Aged 80 to 84 years,2225
W06000012,Neath Port Talbot,1,Female,23,Aged 85 years and over,2340
W06000012,Neath Port Talbot,2,Male,1,Aged 2 years and under,2009
W06000012,Neath Port Talbot,2,Male,2,Aged 3 to 4 years,1560
W06000012,Neath Port Talbot,2,Male,3,Aged 5 to 7 years,2376
W06000012,Neath Port Talbot,2,Male,4,Aged 8 to 9 years,1716
W06000012,Neath Port Talbot,2,Male,5,Aged 10 to 14 years,4360
W06000012,Neath Port Talbot,2,Male,6,Aged 15 years,858
W06000012,Neath Port Talbot,2,Male,7,Aged 16 to 17 years,1598
W06000012,Neath Port Talbot,2,Male,8,Aged 18 to 19 years,2337
W06000012,Neath Port Talbot,2,Male,9,Aged 20 to 24 years,4012
W06000012,Neath Port Talbot,2,Male,10,Aged 25 to 29 years,4101
W06000012,Neath Port Talbot,2,Male,11,Aged 30 to 34 years,4177
W06000012,Neath Port Talbot,2,Male,12,Aged 35 to 39 years,4265
W06000012,Neath Port Talbot,2,Male,13,Aged 40 to 44 years,4047
W06000012,Neath Port Talbot,2,Male,14,Aged 45 to 49 years,4098
W06000012,Neath Port Talbot,2,Male,15,Aged 50 to 54 years,4745
W06000012,Neath Port Talbot,2,Male,16,Aged 55 to 59 years,5016
W06000012,Neath Port Talbot,2,Male,17,Aged 60 to 64 years,4641
W06000012,Neath Port Talbot,2,Male,18,Aged 65 years,815
W06000012,Neath Port Talbot,2,Male,19,Aged 66 to 69 years,3275
W06000012,Neath Port Talbot,2,Male,20,Aged 70 to 74 years,4002
W06000012,Neath Port Talbot,2,Male,21,Aged 75 to 79 years,2782
W06000012,Neath Port Talbot,2,Male,22,Aged 80 to 84 years,1753
W06000012,Neath Port Talbot,2,Male,23,Aged 85 years and over,1337
W06000013,Bridgend,1,Female,1,Aged 2 years and under,2086
W06000013,Bridgend,1,Female,2,Aged 3 to 4 years,1508
W06000013,Bridgend,1,Female,3,Aged 5 to 7 years,2372
W06000013,Bridgend,1,Female,4,Aged 8 to 9 years,1758
W06000013,Bridgend,1,Female,5,Aged 10 to 14 years,4111
W06000013,Bridgend,1,Female,6,Aged 15 years,777
W06000013,Bridgend,1,Female,7,Aged 16 to 17 years,1664
W06000013,Bridgend,1,Female,8,Aged 18 to 19 years,1204
W06000013,Bridgend,1,Female,9,Aged 20 to 24 years,3493
W06000013,Bridgend,1,Female,10,Aged 25 to 29 years,4362
W06000013,Bridgend,1,Female,11,Aged 30 to 34 years,5011
W06000013,Bridgend,1,Female,12,Aged 35 to 39 years,4490
W06000013,Bridgend,1,Female,13,Aged 40 to 44 years,4265
W06000013,Bridgend,1,Female,14,Aged 45 to 49 years,4754
W06000013,Bridgend,1,Female,15,Aged 50 to 54 years,5413
W06000013,Bridgend,1,Female,16,Aged 55 to 59 years,5463
W06000013,Bridgend,1,Female,17,Aged 60 to 64 years,4671
W06000013,Bridgend,1,Female,18,Aged 65 years,803
W06000013,Bridgend,1,Female,19,Aged 66 to 69 years,3377
W06000013,Bridgend,1,Female,20,Aged 70 to 74 years,4262
W06000013,Bridgend,1,Female,21,Aged 75 to 79 years,3211
W06000013,Bridgend,1,Female,22,Aged 80 to 84 years,2380
W06000013,Bridgend,1,Female,23,Aged 85 years and over,2186
W06000013,Bridgend,2,Male,1,Aged 2 years and under,2108
W06000013,Bridgend,2,Male,2,Aged 3 to 4 years,1641
W06000013,Bridgend,2,Male,3,Aged 5 to 7 years,2496
W06000013,Bridgend,2,Male,4,Aged 8 to 9 years,1798
W06000013,Bridgend,2,Male,5,Aged 10 to 14 years,4490
W06000013,Bridgend,2,Male,6,Aged 15 years,861
W06000013,Bridgend,2,Male,7,Aged 16 to 17 years,1671
W06000013,Bridgend,2,Male,8,Aged 18 to 19 years,1445
W06000013,Bridgend,2,Male,9,Aged 20 to 24 years,3965
W06000013,Bridgend,2,Male,10,Aged 25 to 29 years,4407
W06000013,Bridgend,2,Male,11,Aged 30 to 34 years,4893
W06000013,Bridgend,2,Male,12,Aged 35 to 39 years,4410
W06000013,Bridgend,2,Male,13,Aged 40 to 44 years,4304
W06000013,Bridgend,2,Male,14,Aged 45 to 49 years,4503
W06000013,Bridgend,2,Male,15,Aged 50 to 54 years,5265
W06000013,Bridgend,2,Male,16,Aged 55 to 59 years,5240
W06000013,Bridgend,2,Male,17,Aged 60 to 64 years,4491
W06000013,Bridgend,2,Male,18,Aged 65 years,811
W06000013,Bridgend,2,Male,19,Aged 66 to 69 years,3077
W06000013,Bridgend,2,Male,20,Aged 70 to 74 years,3910
W06000013,Bridgend,2,Male,21,Aged 75 to 79 years,2873
W06000013,Bridgend,2,Male,22,Aged 80 to 84 years,1829
W06000013,Bridgend,2,Male,23,Aged 85 years and over,1375
W06000014,Vale of Glamorgan,1,Female,1,Aged 2 years and under,1869
W06000014,Vale of Glamorgan,1,Female,2,Aged 3 to 4 years,1535
W06000014,Vale of Glamorgan,1,Female,3,Aged 5 to 7 years,2265
W06000014,Vale of Glamorgan,1,Female,4,Aged 8 to 9 years,1632
W06000014,Vale of Glamorgan,1,Female,5,Aged 10 to 14 years,3992
W06000014,Vale of Glamorgan,1,Female,6,Aged 15 years,720
W06000014,Vale of Glamorgan,1,Female,7,Aged 16 to 17 years,1579
W06000014,Vale of Glamorgan,1,Female,8,Aged 18 to 19 years,1077
W06000014,Vale of Glamorgan,1,Female,9,Aged 20 to 24 years,2941
W06000014,Vale of Glamorgan,1,Female,10,Aged 25 to 29 years,3681
W06000014,Vale of Glamorgan,1,Female,11,Aged 30 to 34 years,4171
W06000014,Vale of Glamorgan,1,Female,12,Aged 35 to 39 years,4242
W06000014,Vale of Glamorgan,1,Female,13,Aged 40 to 44 years,4234
W06000014,Vale of Glamorgan,1,Female,14,Aged 45 to 49 years,4309
W06000014,Vale of Glamorgan,1,Female,15,Aged 50 to 54 years,4784
W06000014,Vale of Glamorgan,1,Female,16,Aged 55 to 59 years,4952
W06000014,Vale of Glamorgan,1,Female,17,Aged 60 to 64 years,4524
W06000014,Vale of Glamorgan,1,Female,18,Aged 65 years,876
W06000014,Vale of Glamorgan,1,Female,19,Aged 66 to 69 years,3181
W06000014,Vale of Glamorgan,1,Female,20,Aged 70 to 74 years,4139
W06000014,Vale of Glamorgan,1,Female,21,Aged 75 to 79 years,3129
W06000014,Vale of Glamorgan,1,Female,22,Aged 80 to 84 years,2186
W06000014,Vale of Glamorgan,1,Female,23,Aged 85 years and over,2329
W06000014,Vale of Glamorgan,2,Male,1,Aged 2 years and under,1994
W06000014,Vale of Glamorgan,2,Male,2,Aged 3 to 4 years,1457
W06000014,Vale of Glamorgan,2,Male,3,Aged 5 to 7 years,2282
W06000014,Vale of Glamorgan,2,Male,4,Aged 8 to 9 years,1734
W06000014,Vale of Glamorgan,2,Male,5,Aged 10 to 14 years,4258
W06000014,Vale of Glamorgan,2,Male,6,Aged 15 years,748
W06000014,Vale of Glamorgan,2,Male,7,Aged 16 to 17 years,1538
W06000014,Vale of Glamorgan,2,Male,8,Aged 18 to 19 years,1280
W06000014,Vale of Glamorgan,2,Male,9,Aged 20 to 24 years,3099
W06000014,Vale of Glamorgan,2,Male,10,Aged 25 to 29 years,3492
W06000014,Vale of Glamorgan,2,Male,11,Aged 30 to 34 years,3741
W06000014,Vale of Glamorgan,2,Male,12,Aged 35 to 39 years,3884
W06000014,Vale of Glamorgan,2,Male,13,Aged 40 to 44 years,3894
W06000014,Vale of Glamorgan,2,Male,14,Aged 45 to 49 years,3958
W06000014,Vale of Glamorgan,2,Male,15,Aged 50 to 54 years,4396
W06000014,Vale of Glamorgan,2,Male,16,Aged 55 to 59 years,4532
W06000014,Vale of Glamorgan,2,Male,17,Aged 60 to 64 years,4157
W06000014,Vale of Glamorgan,2,Male,18,Aged 65 years,781
W06000014,Vale of Glamorgan,2,Male,19,Aged 66 to 69 years,2960
W06000014,Vale of Glamorgan,2,Male,20,Aged 70 to 74 years,3691
W06000014,Vale of Glamorgan,2,Male,21,Aged 75 to 79 years,2612
W06000014,Vale of Glamorgan,2,Male,22,Aged 80 to 84 years,1735
W06000014,Vale of Glamorgan,2,Male,23,Aged 85 years and over,1370
W06000015,Cardiff,1,Female,1,Aged 2 years and under,5472
W06000015,Cardiff,1,Female,2,Aged 3 to 4 years,3884
W06000015,Cardiff,1,Female,3,Aged 5 to 7 years,6135
W06000015,Cardiff,1,Female,4,Aged 8 to 9 years,4352
W06000015,Cardiff,1,Female,5,Aged 10 to 14 years,10564
W06000015,Cardiff,1,Female,6,Aged 15 years,1924
W06000015,Cardiff,1,Female,7,Aged 16 to 17 years,3827
W06000015,Cardiff,1,Female,8,Aged 18 to 19 years,7818
W06000015,Cardiff,1,Female,9,Aged 20 to 24 years,19706
W06000015,Cardiff,1,Female,10,Aged 25 to 29 years,14597
W06000015,Cardiff,1,Female,11,Aged 30 to 34 years,13770
W06000015,Cardiff,1,Female,12,Aged 35 to 39 years,12707
W06000015,Cardiff,1,Female,13,Aged 40 to 44 years,11230
W06000015,Cardiff,1,Female,14,Aged 45 to 49 years,10177
W06000015,Cardiff,1,Female,15,Aged 50 to 54 years,10716
W06000015,Cardiff,1,Female,16,Aged 55 to 59 years,10680
W06000015,Cardiff,1,Female,17,Aged 60 to 64 years,9163
W06000015,Cardiff,1,Female,18,Aged 65 years,1601
W06000015,Cardiff,1,Female,19,Aged 66 to 69 years,5999
W06000015,Cardiff,1,Female,20,Aged 70 to 74 years,7308
W06000015,Cardiff,1,Female,21,Aged 75 to 79 years,5219
W06000015,Cardiff,1,Female,22,Aged 80 to 84 years,4011
W06000015,Cardiff,1,Female,23,Aged 85 years and over,4598
W06000015,Cardiff,2,Male,1,Aged 2 years and under,5596
W06000015,Cardiff,2,Male,2,Aged 3 to 4 years,4117
W06000015,Cardiff,2,Male,3,Aged 5 to 7 years,6497
W06000015,Cardiff,2,Male,4,Aged 8 to 9 years,4520
W06000015,Cardiff,2,Male,5,Aged 10 to 14 years,10945
W06000015,Cardiff,2,Male,6,Aged 15 years,1989
W06000015,Cardiff,2,Male,7,Aged 16 to 17 years,3999
W06000015,Cardiff,2,Male,8,Aged 18 to 19 years,6876
W06000015,Cardiff,2,Male,9,Aged 20 to 24 years,18181
W06000015,Cardiff,2,Male,10,Aged 25 to 29 years,14703
W06000015,Cardiff,2,Male,11,Aged 30 to 34 years,13236
W06000015,Cardiff,2,Male,12,Aged 35 to 39 years,12204
W06000015,Cardiff,2,Male,13,Aged 40 to 44 years,11032
W06000015,Cardiff,2,Male,14,Aged 45 to 49 years,10057
W06000015,Cardiff,2,Male,15,Aged 50 to 54 years,10345
W06000015,Cardiff,2,Male,16,Aged 55 to 59 years,9926
W06000015,Cardiff,2,Male,17,Aged 60 to 64 years,8867
W06000015,Cardiff,2,Male,18,Aged 65 years,1508
W06000015,Cardiff,2,Male,19,Aged 66 to 69 years,5699
W06000015,Cardiff,2,Male,20,Aged 70 to 74 years,6759
W06000015,Cardiff,2,Male,21,Aged 75 to 79 years,4371
W06000015,Cardiff,2,Male,22,Aged 80 to 84 years,2906
W06000015,Cardiff,2,Male,23,Aged 85 years and over,2519
W06000016,Rhondda Cynon Taf,1,Female,1,Aged 2 years and under,3529
W06000016,Rhondda Cynon Taf,1,Female,2,Aged 3 to 4 years,2518
W06000016,Rhondda Cynon Taf,1,Female,3,Aged 5 to 7 years,4085
W06000016,Rhondda Cynon Taf,1,Female,4,Aged 8 to 9 years,2874
W06000016,Rhondda Cynon Taf,1,Female,5,Aged 10 to 14 years,7119
W06000016,Rhondda Cynon Taf,1,Female,6,Aged 15 years,1337
W06000016,Rhondda Cynon Taf,1,Female,7,Aged 16 to 17 years,2774
W06000016,Rhondda Cynon Taf,1,Female,8,Aged 18 to 19 years,2440
W06000016,Rhondda Cynon Taf,1,Female,9,Aged 20 to 24 years,7036
W06000016,Rhondda Cynon Taf,1,Female,10,Aged 25 to 29 years,7498
W06000016,Rhondda Cynon Taf,1,Female,11,Aged 30 to 34 years,8369
W06000016,Rhondda Cynon Taf,1,Female,12,Aged 35 to 39 years,7878
W06000016,Rhondda Cynon Taf,1,Female,13,Aged 40 to 44 years,6906
W06000016,Rhondda Cynon Taf,1,Female,14,Aged 45 to 49 years,7575
W06000016,Rhondda Cynon Taf,1,Female,15,Aged 50 to 54 years,8462
W06000016,Rhondda Cynon Taf,1,Female,16,Aged 55 to 59 years,8489
W06000016,Rhondda Cynon Taf,1,Female,17,Aged 60 to 64 years,7375
W06000016,Rhondda Cynon Taf,1,Female,18,Aged 65 years,1341
W06000016,Rhondda Cynon Taf,1,Female,19,Aged 66 to 69 years,5280
W06000016,Rhondda Cynon Taf,1,Female,20,Aged 70 to 74 years,6815
W06000016,Rhondda Cynon Taf,1,Female,21,Aged 75 to 79 years,4869
W06000016,Rhondda Cynon Taf,1,Female,22,Aged 80 to 84 years,3472
W06000016,Rhondda Cynon Taf,1,Female,23,Aged 85 years and over,3277
W06000016,Rhondda Cynon Taf,2,Male,1,Aged 2 years and under,3804
W06000016,Rhondda Cynon Taf,2,Male,2,Aged 3 to 4 years,2680
W06000016,Rhondda Cynon Taf,2,Male,3,Aged 5 to 7 years,4185
W06000016,Rhondda Cynon Taf,2,Male,4,Aged 8 to 9 years,2884
W06000016,Rhondda Cynon Taf,2,Male,5,Aged 10 to 14 years,7400
W06000016,Rhondda Cynon Taf,2,Male,6,Aged 15 years,1390
W06000016,Rhondda Cynon Taf,2,Male,7,Aged 16 to 17 years,2826
W06000016,Rhondda Cynon Taf,2,Male,8,Aged 18 to 19 years,2662
W06000016,Rhondda Cynon Taf,2,Male,9,Aged 20 to 24 years,7284
W06000016,Rhondda Cynon Taf,2,Male,10,Aged 25 to 29 years,7240
W06000016,Rhondda Cynon Taf,2,Male,11,Aged 30 to 34 years,7724
W06000016,Rhondda Cynon Taf,2,Male,12,Aged 35 to 39 years,7335
W06000016,Rhondda Cynon Taf,2,Male,13,Aged 40 to 44 years,6672
W06000016,Rhondda Cynon Taf,2,Male,14,Aged 45 to 49 years,7106
W06000016,Rhondda Cynon Taf,2,Male,15,Aged 50 to 54 years,8189
W06000016,Rhondda Cynon Taf,2,Male,16,Aged 55 to 59 years,8302
W06000016,Rhondda Cynon Taf,2,Male,17,Aged 60 to 64 years,7076
W06000016,Rhondda Cynon Taf,2,Male,18,Aged 65 years,1261
W06000016,Rhondda Cynon Taf,2,Male,19,Aged 66 to 69 years,4939
W06000016,Rhondda Cynon Taf,2,Male,20,Aged 70 to 74 years,6398
W06000016,Rhondda Cynon Taf,2,Male,21,Aged 75 to 79 years,4436
W06000016,Rhondda Cynon Taf,2,Male,22,Aged 80 to 84 years,2648
W06000016,Rhondda Cynon Taf,2,Male,23,Aged 85 years and over,1888
W06000018,Caerphilly,1,Female,1,Aged 2 years and under,2610
W06000018,Caerphilly,1,Female,2,Aged 3 to 4 years,1944
W06000018,Caerphilly,1,Female,3,Aged 5 to 7 years,3053
W06000018,Caerphilly,1,Female,4,Aged 8 to 9 years,2079
W06000018,Caerphilly,1,Female,5,Aged 10 to 14 years,5292
W06000018,Caerphilly,1,Female,6,Aged 15 years,968
W06000018,Caerphilly,1,Female,7,Aged 16 to 17 years,1960
W06000018,Caerphilly,1,Female,8,Aged 18 to 19 years,1590
W06000018,Caerphilly,1,Female,9,Aged 20 to 24 years,4380
W06000018,Caerphilly,1,Female,10,Aged 25 to 29 years,5592
W06000018,Caerphilly,1,Female,11,Aged 30 to 34 years,6005
W06000018,Caerphilly,1,Female,12,Aged 35 to 39 years,5894
W06000018,Caerphilly,1,Female,13,Aged 40 to 44 years,5472
W06000018,Caerphilly,1,Female,14,Aged 45 to 49 years,5638
W06000018,Caerphilly,1,Female,15,Aged 50 to 54 years,6456
W06000018,Caerphilly,1,Female,16,Aged 55 to 59 years,6411
W06000018,Caerphilly,1,Female,17,Aged 60 to 64 years,5573
W06000018,Caerphilly,1,Female,18,Aged 65 years,1063
W06000018,Caerphilly,1,Female,19,Aged 66 to 69 years,4074
W06000018,Caerphilly,1,Female,20,Aged 70 to 74 years,5231
W06000018,Caerphilly,1,Female,21,Aged 75 to 79 years,3749
W06000018,Caerphilly,1,Female,22,Aged 80 to 84 years,2529
W06000018,Caerphilly,1,Female,23,Aged 85 years and over,2424
W06000018,Caerphilly,2,Male,1,Aged 2 years and under,2655
W06000018,Caerphilly,2,Male,2,Aged 3 to 4 years,2009
W06000018,Caerphilly,2,Male,3,Aged 5 to 7 years,3135
W06000018,Caerphilly,2,Male,4,Aged 8 to 9 years,2145
W06000018,Caerphilly,2,Male,5,Aged 10 to 14 years,5521
W06000018,Caerphilly,2,Male,6,Aged 15 years,1059
W06000018,Caerphilly,2,Male,7,Aged 16 to 17 years,2168
W06000018,Caerphilly,2,Male,8,Aged 18 to 19 years,1849
W06000018,Caerphilly,2,Male,9,Aged 20 to 24 years,4677
W06000018,Caerphilly,2,Male,10,Aged 25 to 29 years,5087
W06000018,Caerphilly,2,Male,11,Aged 30 to 34 years,5576
W06000018,Caerphilly,2,Male,12,Aged 35 to 39 years,5346
W06000018,Caerphilly,2,Male,13,Aged 40 to 44 years,5103
W06000018,Caerphilly,2,Male,14,Aged 45 to 49 years,5380
W06000018,Caerphilly,2,Male,15,Aged 50 to 54 years,6193
W06000018,Caerphilly,2,Male,16,Aged 55 to 59 years,6305
W06000018,Caerphilly,2,Male,17,Aged 60 to 64 years,5416
W06000018,Caerphilly,2,Male,18,Aged 65 years,906
W06000018,Caerphilly,2,Male,19,Aged 66 to 69 years,3809
W06000018,Caerphilly,2,Male,20,Aged 70 to 74 years,4798
W06000018,Caerphilly,2,Male,21,Aged 75 to 79 years,3309
W06000018,Caerphilly,2,Male,22,Aged 80 to 84 years,2122
W06000018,Caerphilly,2,Male,23,Aged 85 years and over,1396
W06000019,Blaenau Gwent,1,Female,1,Aged 2 years and under,1002
W06000019,Blaenau Gwent,1,Female,2,Aged 3 to 4 years,725
W06000019,Blaenau Gwent,1,Female,3,Aged 5 to 7 years,1051
W06000019,Blaenau Gwent,1,Female,4,Aged 8 to 9 years,751
W06000019,Blaenau Gwent,1,Female,5,Aged 10 to 14 years,1874
W06000019,Blaenau Gwent,1,Female,6,Aged 15 years,366
W06000019,Blaenau Gwent,1,Female,7,Aged 16 to 17 years,651
W06000019,Blaenau Gwent,1,Female,8,Aged 18 to 19 years,611
W06000019,Blaenau Gwent,1,Female,9,Aged 20 to 24 years,1748
W06000019,Blaenau Gwent,1,Female,10,Aged 25 to 29 years,2308
W06000019,Blaenau Gwent,1,Female,11,Aged 30 to 34 years,2413
W06000019,Blaenau Gwent,1,Female,12,Aged 35 to 39 years,2017
W06000019,Blaenau Gwent,1,Female,13,Aged 40 to 44 years,1897
W06000019,Blaenau Gwent,1,Female,14,Aged 45 to 49 years,2052
W06000019,Blaenau Gwent,1,Female,15,Aged 50 to 54 years,2635
W06000019,Blaenau Gwent,1,Female,16,Aged 55 to 59 years,2606
W06000019,Blaenau Gwent,1,Female,17,Aged 60 to 64 years,2226
W06000019,Blaenau Gwent,1,Female,18,Aged 65 years,343
W06000019,Blaenau Gwent,1,Female,19,Aged 66 to 69 years,1489
W06000019,Blaenau Gwent,1,Female,20,Aged 70 to 74 years,1959
W06000019,Blaenau Gwent,1,Female,21,Aged 75 to 79 years,1451
W06000019,Blaenau Gwent,1,Female,22,Aged 80 to 84 years,999
W06000019,Blaenau Gwent,1,Female,23,Aged 85 years and over,894
W06000019,Blaenau Gwent,2,Male,1,Aged 2 years and under,1106
W06000019,Blaenau Gwent,2,Male,2,Aged 3 to 4 years,710
W06000019,Blaenau Gwent,2,Male,3,Aged 5 to 7 years,1142
W06000019,Blaenau Gwent,2,Male,4,Aged 8 to 9 years,787
W06000019,Blaenau Gwent,2,Male,5,Aged 10 to 14 years,1922
W06000019,Blaenau Gwent,2,Male,6,Aged 15 years,325
W06000019,Blaenau Gwent,2,Male,7,Aged 16 to 17 years,744
W06000019,Blaenau Gwent,2,Male,8,Aged 18 to 19 years,622
W06000019,Blaenau Gwent,2,Male,9,Aged 20 to 24 years,1782
W06000019,Blaenau Gwent,2,Male,10,Aged 25 to 29 years,2107
W06000019,Blaenau Gwent,2,Male,11,Aged 30 to 34 years,2177
W06000019,Blaenau Gwent,2,Male,12,Aged 35 to 39 years,2005
W06000019,Blaenau Gwent,2,Male,13,Aged 40 to 44 years,1791
W06000019,Blaenau Gwent,2,Male,14,Aged 45 to 49 years,2086
W06000019,Blaenau Gwent,2,Male,15,Aged 50 to 54 years,2445
W06000019,Blaenau Gwent,2,Male,16,Aged 55 to 59 years,2559
W06000019,Blaenau Gwent,2,Male,17,Aged 60 to 64 years,2138
W06000019,Blaenau Gwent,2,Male,18,Aged 65 years,382
W06000019,Blaenau Gwent,2,Male,19,Aged 66 to 69 years,1486
W06000019,Blaenau Gwent,2,Male,20,Aged 70 to 74 years,1867
W06000019,Blaenau Gwent,2,Male,21,Aged 75 to 79 years,1318
W06000019,Blaenau Gwent,2,Male,22,Aged 80 to 84 years,798
W06000019,Blaenau Gwent,2,Male,23,Aged 85 years and over,538
W06000020,Torfaen,1,Female,1,Aged 2 years and under,1397
W06000020,Torfaen,1,Female,2,Aged 3 to 4 years,1012
W06000020,Torfaen,1,Female,3,Aged 5 to 7 years,1521
W06000020,Torfaen,1,Female,4,Aged 8 to 9 years,1111
W06000020,Torfaen,1,Female,5,Aged 10 to 14 years,2737
W06000020,Torfaen,1,Female,6,Aged 15 years,539
W06000020,Torfaen,1,Female,7,Aged 16 to 17 years,1005
W06000020,Torfaen,1,Female,8,Aged 18 to 19 years,810
W06000020,Torfaen,1,Female,9,Aged 20 to 24 years,2310
W06000020,Torfaen,1,Female,10,Aged 25 to 29 years,3042
W06000020,Torfaen,1,Female,11,Aged 30 to 34 years,3341
W06000020,Torfaen,1,Female,12,Aged 35 to 39 years,2939
W06000020,Torfaen,1,Female,13,Aged 40 to 44 years,2712
W06000020,Torfaen,1,Female,14,Aged 45 to 49 years,2768
W06000020,Torfaen,1,Female,15,Aged 50 to 54 years,3300
W06000020,Torfaen,1,Female,16,Aged 55 to 59 years,3462
W06000020,Torfaen,1,Female,17,Aged 60 to 64 years,2973
W06000020,Torfaen,1,Female,18,Aged 65 years,544
W06000020,Torfaen,1,Female,19,Aged 66 to 69 years,2227
W06000020,Torfaen,1,Female,20,Aged 70 to 74 years,2693
W06000020,Torfaen,1,Female,21,Aged 75 to 79 years,2044
W06000020,Torfaen,1,Female,22,Aged 80 to 84 years,1422
W06000020,Torfaen,1,Female,23,Aged 85 years and over,1500
W06000020,Torfaen,2,Male,1,Aged 2 years and under,1499
W06000020,Torfaen,2,Male,2,Aged 3 to 4 years,1094
W06000020,Torfaen,2,Male,3,Aged 5 to 7 years,1620
W06000020,Torfaen,2,Male,4,Aged 8 to 9 years,1180
W06000020,Torfaen,2,Male,5,Aged 10 to 14 years,2888
W06000020,Torfaen,2,Male,6,Aged 15 years,565
W06000020,Torfaen,2,Male,7,Aged 16 to 17 years,1067
W06000020,Torfaen,2,Male,8,Aged 18 to 19 years,901
W06000020,Torfaen,2,Male,9,Aged 20 to 24 years,2386
W06000020,Torfaen,2,Male,10,Aged 25 to 29 years,2799
W06000020,Torfaen,2,Male,11,Aged 30 to 34 years,2933
W06000020,Torfaen,2,Male,12,Aged 35 to 39 years,2804
W06000020,Torfaen,2,Male,13,Aged 40 to 44 years,2460
W06000020,Torfaen,2,Male,14,Aged 45 to 49 years,2591
W06000020,Torfaen,2,Male,15,Aged 50 to 54 years,3076
W06000020,Torfaen,2,Male,16,Aged 55 to 59 years,3348
W06000020,Torfaen,2,Male,17,Aged 60 to 64 years,2929
W06000020,Torfaen,2,Male,18,Aged 65 years,481
W06000020,Torfaen,2,Male,19,Aged 66 to 69 years,1980
W06000020,Torfaen,2,Male,20,Aged 70 to 74 years,2529
W06000020,Torfaen,2,Male,21,Aged 75 to 79 years,1764
W06000020,Torfaen,2,Male,22,Aged 80 to 84 years,1106
W06000020,Torfaen,2,Male,23,Aged 85 years and over,867
W06000021,Monmouthshire,1,Female,1,Aged 2 years and under,1118
W06000021,Monmouthshire,1,Female,2,Aged 3 to 4 years,783
W06000021,Monmouthshire,1,Female,3,Aged 5 to 7 years,1268
W06000021,Monmouthshire,1,Female,4,Aged 8 to 9 years,947
W06000021,Monmouthshire,1,Female,5,Aged 10 to 14 years,2513
W06000021,Monmouthshire,1,Female,6,Aged 15 years,460
W06000021,Monmouthshire,1,Female,7,Aged 16 to 17 years,973
W06000021,Monmouthshire,1,Female,8,Aged 18 to 19 years,729
W06000021,Monmouthshire,1,Female,9,Aged 20 to 24 years,1843
W06000021,Monmouthshire,1,Female,10,Aged 25 to 29 years,2210
W06000021,Monmouthshire,1,Female,11,Aged 30 to 34 years,2376
W06000021,Monmouthshire,1,Female,12,Aged 35 to 39 years,2583
W06000021,Monmouthshire,1,Female,13,Aged 40 to 44 years,2581
W06000021,Monmouthshire,1,Female,14,Aged 45 to 49 years,2981
W06000021,Monmouthshire,1,Female,15,Aged 50 to 54 years,3768
W06000021,Monmouthshire,1,Female,16,Aged 55 to 59 years,4054
W06000021,Monmouthshire,1,Female,17,Aged 60 to 64 years,3350
W06000021,Monmouthshire,1,Female,18,Aged 65 years,629
W06000021,Monmouthshire,1,Female,19,Aged 66 to 69 years,2560
W06000021,Monmouthshire,1,Female,20,Aged 70 to 74 years,3303
W06000021,Monmouthshire,1,Female,21,Aged 75 to 79 years,2606
W06000021,Monmouthshire,1,Female,22,Aged 80 to 84 years,1781
W06000021,Monmouthshire,1,Female,23,Aged 85 years and over,2007
W06000021,Monmouthshire,2,Male,1,Aged 2 years and under,1152
W06000021,Monmouthshire,2,Male,2,Aged 3 to 4 years,912
W06000021,Monmouthshire,2,Male,3,Aged 5 to 7 years,1420
W06000021,Monmouthshire,2,Male,4,Aged 8 to 9 years,1005
W06000021,Monmouthshire,2,Male,5,Aged 10 to 14 years,2643
W06000021,Monmouthshire,2,Male,6,Aged 15 years,499
W06000021,Monmouthshire,2,Male,7,Aged 16 to 17 years,1124
W06000021,Monmouthshire,2,Male,8,Aged 18 to 19 years,786
W06000021,Monmouthshire,2,Male,9,Aged 20 to 24 years,2026
W06000021,Monmouthshire,2,Male,10,Aged 25 to 29 years,2286
W06000021,Monmouthshire,2,Male,11,Aged 30 to 34 years,2355
W06000021,Monmouthshire,2,Male,12,Aged 35 to 39 years,2320
W06000021,Monmouthshire,2,Male,13,Aged 40 to 44 years,2454
W06000021,Monmouthshire,2,Male,14,Aged 45 to 49 years,2834
W06000021,Monmouthshire,2,Male,15,Aged 50 to 54 years,3494
W06000021,Monmouthshire,2,Male,16,Aged 55 to 59 years,3763
W06000021,Monmouthshire,2,Male,17,Aged 60 to 64 years,3312
W06000021,Monmouthshire,2,Male,18,Aged 65 years,586
W06000021,Monmouthshire,2,Male,19,Aged 66 to 69 years,2418
W06000021,Monmouthshire,2,Male,20,Aged 70 to 74 years,3101
W06000021,Monmouthshire,2,Male,21,Aged 75 to 79 years,2284
W06000021,Monmouthshire,2,Male,22,Aged 80 to 84 years,1509
W06000021,Monmouthshire,2,Male,23,Aged 85 years and over,1256
W06000022,Newport,1,Female,1,Aged 2 years and under,2747
W06000022,Newport,1,Female,2,Aged 3 to 4 years,2046
W06000022,Newport,1,Female,3,Aged 5 to 7 years,3023
W06000022,Newport,1,Female,4,Aged 8 to 9 years,1953
W06000022,Newport,1,Female,5,Aged 10 to 14 years,5013
W06000022,Newport,1,Female,6,Aged 15 years,925
W06000022,Newport,1,Female,7,Aged 16 to 17 years,1816
W06000022,Newport,1,Female,8,Aged 18 to 19 years,1461
W06000022,Newport,1,Female,9,Aged 20 to 24 years,4317
W06000022,Newport,1,Female,10,Aged 25 to 29 years,5730
W06000022,Newport,1,Female,11,Aged 30 to 34 years,6449
W06000022,Newport,1,Female,12,Aged 35 to 39 years,5723
W06000022,Newport,1,Female,13,Aged 40 to 44 years,4954
W06000022,Newport,1,Female,14,Aged 45 to 49 years,4893
W06000022,Newport,1,Female,15,Aged 50 to 54 years,5483
W06000022,Newport,1,Female,16,Aged 55 to 59 years,5454
W06000022,Newport,1,Female,17,Aged 60 to 64 years,4508
W06000022,Newport,1,Female,18,Aged 65 years,726
W06000022,Newport,1,Female,19,Aged 66 to 69 years,2985
W06000022,Newport,1,Female,20,Aged 70 to 74 years,3769
W06000022,Newport,1,Female,21,Aged 75 to 79 years,2900
W06000022,Newport,1,Female,22,Aged 80 to 84 years,2145
W06000022,Newport,1,Female,23,Aged 85 years and over,2151
W06000022,Newport,2,Male,1,Aged 2 years and under,2968
W06000022,Newport,2,Male,2,Aged 3 to 4 years,1972
W06000022,Newport,2,Male,3,Aged 5 to 7 years,3276
W06000022,Newport,2,Male,4,Aged 8 to 9 years,2084
W06000022,Newport,2,Male,5,Aged 10 to 14 years,5202
W06000022,Newport,2,Male,6,Aged 15 years,960
W06000022,Newport,2,Male,7,Aged 16 to 17 years,1947
W06000022,Newport,2,Male,8,Aged 18 to 19 years,1564
W06000022,Newport,2,Male,9,Aged 20 to 24 years,4420
W06000022,Newport,2,Male,10,Aged 25 to 29 years,5334
W06000022,Newport,2,Male,11,Aged 30 to 34 years,6091
W06000022,Newport,2,Male,12,Aged 35 to 39 years,5424
W06000022,Newport,2,Male,13,Aged 40 to 44 years,4993
W06000022,Newport,2,Male,14,Aged 45 to 49 years,4820
W06000022,Newport,2,Male,15,Aged 50 to 54 years,5293
W06000022,Newport,2,Male,16,Aged 55 to 59 years,5221
W06000022,Newport,2,Male,17,Aged 60 to 64 years,4470
W06000022,Newport,2,Male,18,Aged 65 years,700
W06000022,Newport,2,Male,19,Aged 66 to 69 years,2865
W06000022,Newport,2,Male,20,Aged 70 to 74 years,3485
W06000022,Newport,2,Male,21,Aged 75 to 79 years,2450
W06000022,Newport,2,Male,22,Aged 80 to 84 years,1609
W06000022,Newport,2,Male,23,Aged 85 years and over,1275
W06000023,Powys,1,Female,1,Aged 2 years and under,1588
W06000023,Powys,1,Female,2,Aged 3 to 4 years,1187
W06000023,Powys,1,Female,3,Aged 5 to 7 years,1857
W06000023,Powys,1,Female,4,Aged 8 to 9 years,1318
W06000023,Powys,1,Female,5,Aged 10 to 14 years,3407
W06000023,Powys,1,Female,6,Aged 15 years,670
W06000023,Powys,1,Female,7,Aged 16 to 17 years,1385
W06000023,Powys,1,Female,8,Aged 18 to 19 years,1014
W06000023,Powys,1,Female,9,Aged 20 to 24 years,2621
W06000023,Powys,1,Female,10,Aged 25 to 29 years,3151
W06000023,Powys,1,Female,11,Aged 30 to 34 years,3362
W06000023,Powys,1,Female,12,Aged 35 to 39 years,3289
W06000023,Powys,1,Female,13,Aged 40 to 44 years,3250
W06000023,Powys,1,Female,14,Aged 45 to 49 years,3967
W06000023,Powys,1,Female,15,Aged 50 to 54 years,5087
W06000023,Powys,1,Female,16,Aged 55 to 59 years,5452
W06000023,Powys,1,Female,17,Aged 60 to 64 years,5323
W06000023,Powys,1,Female,18,Aged 65 years,965
W06000023,Powys,1,Female,19,Aged 66 to 69 years,4019
W06000023,Powys,1,Female,20,Aged 70 to 74 years,5031
W06000023,Powys,1,Female,21,Aged 75 to 79 years,3903
W06000023,Powys,1,Female,22,Aged 80 to 84 years,2713
W06000023,Powys,1,Female,23,Aged 85 years and over,2909
W06000023,Powys,2,Male,1,Aged 2 years and under,1679
W06000023,Powys,2,Male,2,Aged 3 to 4 years,1277
W06000023,Powys,2,Male,3,Aged 5 to 7 years,2000
W06000023,Powys,2,Male,4,Aged 8 to 9 years,1367
W06000023,Powys,2,Male,5,Aged 10 to 14 years,3587
W06000023,Powys,2,Male,6,Aged 15 years,697
W06000023,Powys,2,Male,7,Aged 16 to 17 years,1451
W06000023,Powys,2,Male,8,Aged 18 to 19 years,1202
W06000023,Powys,2,Male,9,Aged 20 to 24 years,3076
W06000023,Powys,2,Male,10,Aged 25 to 29 years,3357
W06000023,Powys,2,Male,11,Aged 30 to 34 years,3360
W06000023,Powys,2,Male,12,Aged 35 to 39 years,3193
W06000023,Powys,2,Male,13,Aged 40 to 44 years,3151
W06000023,Powys,2,Male,14,Aged 45 to 49 years,3786
W06000023,Powys,2,Male,15,Aged 50 to 54 years,4628
W06000023,Powys,2,Male,16,Aged 55 to 59 years,5225
W06000023,Powys,2,Male,17,Aged 60 to 64 years,5087
W06000023,Powys,2,Male,18,Aged 65 years,960
W06000023,Powys,2,Male,19,Aged 66 to 69 years,3880
W06000023,Powys,2,Male,20,Aged 70 to 74 years,5022
W06000023,Powys,2,Male,21,Aged 75 to 79 years,3625
W06000023,Powys,2,Male,22,Aged 80 to 84 years,2309
W06000023,Powys,2,Male,23,Aged 85 years and over,1783
W06000024,Merthyr Tydfil,1,Female,1,Aged 2 years and under,935
W06000024,Merthyr Tydfil,1,Female,2,Aged 3 to 4 years,659
W06000024,Merthyr Tydfil,1,Female,3,Aged 5 to 7 years,1050
W06000024,Merthyr Tydfil,1,Female,4,Aged 8 to 9 years,737
W06000024,Merthyr Tydfil,1,Female,5,Aged 10 to 14 years,1713
W06000024,Merthyr Tydfil,1,Female,6,Aged 15 years,306
W06000024,Merthyr Tydfil,1,Female,7,Aged 16 to 17 years,645
W06000024,Merthyr Tydfil,1,Female,8,Aged 18 to 19 years,540
W06000024,Merthyr Tydfil,1,Female,9,Aged 20 to 24 years,1613
W06000024,Merthyr Tydfil,1,Female,10,Aged 25 to 29 years,1931
W06000024,Merthyr Tydfil,1,Female,11,Aged 30 to 34 years,2199
W06000024,Merthyr Tydfil,1,Female,12,Aged 35 to 39 years,2109
W06000024,Merthyr Tydfil,1,Female,13,Aged 40 to 44 years,1688
W06000024,Merthyr Tydfil,1,Female,14,Aged 45 to 49 years,1815
W06000024,Merthyr Tydfil,1,Female,15,Aged 50 to 54 years,2148
W06000024,Merthyr Tydfil,1,Female,16,Aged 55 to 59 years,2203
W06000024,Merthyr Tydfil,1,Female,17,Aged 60 to 64 years,1881
W06000024,Merthyr Tydfil,1,Female,18,Aged 65 years,346
W06000024,Merthyr Tydfil,1,Female,19,Aged 66 to 69 years,1266
W06000024,Merthyr Tydfil,1,Female,20,Aged 70 to 74 years,1648
W06000024,Merthyr Tydfil,1,Female,21,Aged 75 to 79 years,1099
W06000024,Merthyr Tydfil,1,Female,22,Aged 80 to 84 years,787
W06000024,Merthyr Tydfil,1,Female,23,Aged 85 years and over,771
W06000024,Merthyr Tydfil,2,Male,1,Aged 2 years and under,947
W06000024,Merthyr Tydfil,2,Male,2,Aged 3 to 4 years,759
W06000024,Merthyr Tydfil,2,Male,3,Aged 5 to 7 years,1114
W06000024,Merthyr Tydfil,2,Male,4,Aged 8 to 9 years,756
W06000024,Merthyr Tydfil,2,Male,5,Aged 10 to 14 years,1868
W06000024,Merthyr Tydfil,2,Male,6,Aged 15 years,318
W06000024,Merthyr Tydfil,2,Male,7,Aged 16 to 17 years,643
W06000024,Merthyr Tydfil,2,Male,8,Aged 18 to 19 years,668
W06000024,Merthyr Tydfil,2,Male,9,Aged 20 to 24 years,1603
W06000024,Merthyr Tydfil,2,Male,10,Aged 25 to 29 years,1763
W06000024,Merthyr Tydfil,2,Male,11,Aged 30 to 34 years,1947
W06000024,Merthyr Tydfil,2,Male,12,Aged 35 to 39 years,1918
W06000024,Merthyr Tydfil,2,Male,13,Aged 40 to 44 years,1648
W06000024,Merthyr Tydfil,2,Male,14,Aged 45 to 49 years,1679
W06000024,Merthyr Tydfil,2,Male,15,Aged 50 to 54 years,1975
W06000024,Merthyr Tydfil,2,Male,16,Aged 55 to 59 years,2055
W06000024,Merthyr Tydfil,2,Male,17,Aged 60 to 64 years,1899
W06000024,Merthyr Tydfil,2,Male,18,Aged 65 years,303
W06000024,Merthyr Tydfil,2,Male,19,Aged 66 to 69 years,1233
W06000024,Merthyr Tydfil,2,Male,20,Aged 70 to 74 years,1508
W06000024,Merthyr Tydfil,2,Male,21,Aged 75 to 79 years,1070
W06000024,Merthyr Tydfil,2,Male,22,Aged 80 to 84 years,645
W06000024,Merthyr Tydfil,2,Male,23,Aged 85 years and over,435
